2026-09-15 10:19:58 INFO  [boot.tomcat.TomcatWebServer] - Tomcat initialized with port 8090 (http)
2026-09-15 10:19:58 INFO  [coyote.http11.Http11NioProtocol] - Initializing ProtocolHandler ["http-nio-8090"]
2026-09-15 10:19:58 INFO  [catalina.core.StandardService] - Starting service [Tomcat]
2026-09-15 10:19:58 INFO  [catalina.core.StandardEngine] - Starting Servlet engine: [Apache Tomcat/11.0.24]
2026-09-15 10:19:58 INFO  [context.servlet.WebApplicationContextInitializer] - Root WebApplicationContext: initialization completed in 244 ms
2026-09-15 10:19:58 WARN  [security.autoconfigure.UserDetailsServiceAutoConfiguration] - 

Using generated security password: 0e0eefd6-e523-4173-acfb-973bdd447f7e

This generated password is for development use only. Your security configuration must be updated before running your application in production.

2026-09-15 10:19:58 INFO  [authentication.configuration.InitializeUserDetailsBeanManagerConfigurer$InitializeUserDetailsManagerConfigurer] - Global AuthenticationManager configured with UserDetailsService bean with name inMemoryUserDetailsManager
2026-09-15 10:19:58 INFO  [coyote.http11.Http11NioProtocol] - Starting ProtocolHandler ["http-nio-8090"]
2026-09-15 10:19:58 INFO  [boot.tomcat.TomcatWebServer] - Tomcat started on port 8090 (http) with context path '/'
2026-09-15 10:19:58 INFO  [devtools.autoconfigure.ConditionEvaluationDeltaLoggingListener] - Condition evaluation unchanged
2026-09-15 10:20:29 INFO  [boot.tomcat.GracefulShutdown] - Commencing graceful shutdown. Waiting for active requests to complete
2026-09-15 10:20:29 INFO  [boot.tomcat.GracefulShutdown] - Graceful shutdown complete
2026-09-15 10:21:56 INFO  [devtools.env.DevToolsPropertyDefaultsPostProcessor] - Devtools property defaults active! Set 'spring.devtools.add-properties' to 'false' to disable
2026-09-15 10:21:56 INFO  [devtools.env.DevToolsPropertyDefaultsPostProcessor] - For additional web related logging consider setting the 'logging.level.web' property to 'DEBUG'
2026-09-15 10:21:57 INFO  [boot.tomcat.TomcatWebServer] - Tomcat initialized with port 8090 (http)
2026-09-15 10:21:57 INFO  [coyote.http11.Http11NioProtocol] - Initializing ProtocolHandler ["http-nio-8090"]
2026-09-15 10:21:57 INFO  [catalina.core.StandardService] - Starting service [Tomcat]
2026-09-15 10:21:57 INFO  [catalina.core.StandardEngine] - Starting Servlet engine: [Apache Tomcat/11.0.24]
2026-09-15 10:21:57 INFO  [context.servlet.WebApplicationContextInitializer] - Root WebApplicationContext: initialization completed in 1353 ms
2026-09-15 10:21:58 WARN  [security.autoconfigure.UserDetailsServiceAutoConfiguration] - 

Using generated security password: e749619b-19eb-4597-b2e3-6b69fe3220ef

This generated password is for development use only. Your security configuration must be updated before running your application in production.

2026-09-15 10:21:58 INFO  [authentication.configuration.InitializeUserDetailsBeanManagerConfigurer$InitializeUserDetailsManagerConfigurer] - Global AuthenticationManager configured with UserDetailsService bean with name inMemoryUserDetailsManager
2026-09-15 10:21:58 INFO  [coyote.http11.Http11NioProtocol] - Starting ProtocolHandler ["http-nio-8090"]
2026-09-15 10:21:58 INFO  [boot.tomcat.TomcatWebServer] - Tomcat started on port 8090 (http) with context path '/'
2026-09-15 10:21:59 INFO  [[Tomcat].[localhost].[/]] - Initializing Spring DispatcherServlet 'dispatcherServlet'
2026-09-15 10:21:59 INFO  [web.servlet.DispatcherServlet] - Initializing Servlet 'dispatcherServlet'
2026-09-15 10:21:59 INFO  [web.servlet.DispatcherServlet] - Completed initialization in 0 ms
2026-09-15 10:53:51 INFO  [boot.tomcat.GracefulShutdown] - Commencing graceful shutdown. Waiting for active requests to complete
2026-09-15 10:53:51 INFO  [boot.tomcat.GracefulShutdown] - Graceful shutdown complete
2026-09-15 11:35:23 INFO  [devtools.env.DevToolsPropertyDefaultsPostProcessor] - Devtools property defaults active! Set 'spring.devtools.add-properties' to 'false' to disable
2026-09-15 11:35:23 INFO  [devtools.env.DevToolsPropertyDefaultsPostProcessor] - For additional web related logging consider setting the 'logging.level.web' property to 'DEBUG'
2026-09-15 11:35:24 INFO  [boot.tomcat.TomcatWebServer] - Tomcat initialized with port 8090 (http)
2026-09-15 11:35:24 INFO  [coyote.http11.Http11NioProtocol] - Initializing ProtocolHandler ["http-nio-8090"]
2026-09-15 11:35:24 INFO  [catalina.core.StandardService] - Starting service [Tomcat]
2026-09-15 11:35:24 INFO  [catalina.core.StandardEngine] - Starting Servlet engine: [Apache Tomcat/11.0.24]
2026-09-15 11:35:24 INFO  [context.servlet.WebApplicationContextInitializer] - Root WebApplicationContext: initialization completed in 1078 ms
2026-09-15 11:35:24 WARN  [servlet.context.AnnotationConfigServletWebServerApplicationContext] - Exception encountered during context initialization - cancelling refresh attempt: org.springframework.beans.factory.UnsatisfiedDependencyException: Error creating bean with name 'memberController' defined in file [C:\kmh\springboot_intellij\pjt\calendar\calendar\build\classes\java\main\com\office\calendar\member\MemberController.class]: Unsatisfied dependency expressed through constructor parameter 0: Error creating bean with name 'memberService' defined in file [C:\kmh\springboot_intellij\pjt\calendar\calendar\build\classes\java\main\com\office\calendar\member\MemberService.class]: Unsatisfied dependency expressed through constructor parameter 3: No qualifying bean of type 'com.office.calendaradmin.member.mapper.MemberMapper' available: expected at least 1 bean which qualifies as autowire candidate. Dependency annotations: {}
2026-09-15 11:35:24 INFO  [catalina.core.StandardService] - Stopping service [Tomcat]
2026-09-15 11:35:24 INFO  [autoconfigure.logging.ConditionEvaluationReportLogger] - 

Error starting ApplicationContext. To display the condition evaluation report re-run your application with 'debug' enabled.
2026-09-15 11:35:24 ERROR [boot.diagnostics.LoggingFailureAnalysisReporter] - 

***************************
APPLICATION FAILED TO START
***************************

Description:

Parameter 3 of constructor in com.office.calendaradmin.member.MemberService required a bean of type 'com.office.calendaradmin.member.mapper.MemberMapper' that could not be found.


Action:

Consider defining a bean of type 'com.office.calendaradmin.member.mapper.MemberMapper' in your configuration.

2026-09-15 11:37:04 INFO  [devtools.env.DevToolsPropertyDefaultsPostProcessor] - Devtools property defaults active! Set 'spring.devtools.add-properties' to 'false' to disable
2026-09-15 11:37:04 INFO  [devtools.env.DevToolsPropertyDefaultsPostProcessor] - For additional web related logging consider setting the 'logging.level.web' property to 'DEBUG'
2026-09-15 11:37:05 INFO  [boot.tomcat.TomcatWebServer] - Tomcat initialized with port 8090 (http)
2026-09-15 11:37:05 INFO  [coyote.http11.Http11NioProtocol] - Initializing ProtocolHandler ["http-nio-8090"]
2026-09-15 11:37:05 INFO  [catalina.core.StandardService] - Starting service [Tomcat]
2026-09-15 11:37:05 INFO  [catalina.core.StandardEngine] - Starting Servlet engine: [Apache Tomcat/11.0.24]
2026-09-15 11:37:05 INFO  [context.servlet.WebApplicationContextInitializer] - Root WebApplicationContext: initialization completed in 1099 ms
2026-09-15 11:37:06 WARN  [servlet.context.AnnotationConfigServletWebServerApplicationContext] - Exception encountered during context initialization - cancelling refresh attempt: org.springframework.beans.factory.UnsatisfiedDependencyException: Error creating bean with name 'memberController' defined in file [C:\kmh\springboot_intellij\pjt\calendar\calendar\build\classes\java\main\com\office\calendar\member\MemberController.class]: Unsatisfied dependency expressed through constructor parameter 0: Error creating bean with name 'memberService' defined in file [C:\kmh\springboot_intellij\pjt\calendar\calendar\build\classes\java\main\com\office\calendar\member\MemberService.class]: Unsatisfied dependency expressed through constructor parameter 3: No qualifying bean of type 'com.office.calendaradmin.member.mapper.MemberMapper' available: expected at least 1 bean which qualifies as autowire candidate. Dependency annotations: {}
2026-09-15 11:37:06 INFO  [catalina.core.StandardService] - Stopping service [Tomcat]
2026-09-15 11:37:06 INFO  [autoconfigure.logging.ConditionEvaluationReportLogger] - 

Error starting ApplicationContext. To display the condition evaluation report re-run your application with 'debug' enabled.
2026-09-15 11:37:06 ERROR [boot.diagnostics.LoggingFailureAnalysisReporter] - 

***************************
APPLICATION FAILED TO START
***************************

Description:

Parameter 3 of constructor in com.office.calendaradmin.member.MemberService required a bean of type 'com.office.calendaradmin.member.mapper.MemberMapper' that could not be found.


Action:

Consider defining a bean of type 'com.office.calendaradmin.member.mapper.MemberMapper' in your configuration.

2026-09-15 11:41:57 INFO  [devtools.env.DevToolsPropertyDefaultsPostProcessor] - Devtools property defaults active! Set 'spring.devtools.add-properties' to 'false' to disable
2026-09-15 11:41:57 INFO  [devtools.env.DevToolsPropertyDefaultsPostProcessor] - For additional web related logging consider setting the 'logging.level.web' property to 'DEBUG'
2026-09-15 11:41:58 INFO  [boot.tomcat.TomcatWebServer] - Tomcat initialized with port 8090 (http)
2026-09-15 11:41:58 INFO  [coyote.http11.Http11NioProtocol] - Initializing ProtocolHandler ["http-nio-8090"]
2026-09-15 11:41:58 INFO  [catalina.core.StandardService] - Starting service [Tomcat]
2026-09-15 11:41:58 INFO  [catalina.core.StandardEngine] - Starting Servlet engine: [Apache Tomcat/11.0.24]
2026-09-15 11:41:58 INFO  [context.servlet.WebApplicationContextInitializer] - Root WebApplicationContext: initialization completed in 1167 ms
2026-09-15 11:41:58 WARN  [servlet.context.AnnotationConfigServletWebServerApplicationContext] - Exception encountered during context initialization - cancelling refresh attempt: org.springframework.beans.factory.UnsatisfiedDependencyException: Error creating bean with name 'memberController' defined in file [C:\kmh\springboot_intellij\pjt\calendar\calendar\build\classes\java\main\com\office\calendar\member\MemberController.class]: Unsatisfied dependency expressed through constructor parameter 0: Error creating bean with name 'memberService' defined in file [C:\kmh\springboot_intellij\pjt\calendar\calendar\build\classes\java\main\com\office\calendar\member\MemberService.class]: Unsatisfied dependency expressed through constructor parameter 3: No qualifying bean of type 'com.office.calendaradmin.member.mapper.MemberMapper' available: expected at least 1 bean which qualifies as autowire candidate. Dependency annotations: {}
2026-09-15 11:41:58 INFO  [catalina.core.StandardService] - Stopping service [Tomcat]
2026-09-15 11:41:58 INFO  [autoconfigure.logging.ConditionEvaluationReportLogger] - 

Error starting ApplicationContext. To display the condition evaluation report re-run your application with 'debug' enabled.
2026-09-15 11:41:58 ERROR [boot.diagnostics.LoggingFailureAnalysisReporter] - 

***************************
APPLICATION FAILED TO START
***************************

Description:

Parameter 3 of constructor in com.office.calendaradmin.member.MemberService required a bean of type 'com.office.calendaradmin.member.mapper.MemberMapper' that could not be found.


Action:

Consider defining a bean of type 'com.office.calendaradmin.member.mapper.MemberMapper' in your configuration.

2026-09-15 11:43:29 INFO  [devtools.env.DevToolsPropertyDefaultsPostProcessor] - Devtools property defaults active! Set 'spring.devtools.add-properties' to 'false' to disable
2026-09-15 11:43:29 INFO  [devtools.env.DevToolsPropertyDefaultsPostProcessor] - For additional web related logging consider setting the 'logging.level.web' property to 'DEBUG'
2026-09-15 11:43:30 INFO  [boot.tomcat.TomcatWebServer] - Tomcat initialized with port 8090 (http)
2026-09-15 11:43:30 INFO  [coyote.http11.Http11NioProtocol] - Initializing ProtocolHandler ["http-nio-8090"]
2026-09-15 11:43:30 INFO  [catalina.core.StandardService] - Starting service [Tomcat]
2026-09-15 11:43:30 INFO  [catalina.core.StandardEngine] - Starting Servlet engine: [Apache Tomcat/11.0.24]
2026-09-15 11:43:30 INFO  [context.servlet.WebApplicationContextInitializer] - Root WebApplicationContext: initialization completed in 1088 ms
2026-09-15 11:43:30 WARN  [servlet.context.AnnotationConfigServletWebServerApplicationContext] - Exception encountered during context initialization - cancelling refresh attempt: org.springframework.beans.factory.UnsatisfiedDependencyException: Error creating bean with name 'memberController' defined in file [C:\kmh\springboot_intellij\pjt\calendar\calendar\build\classes\java\main\com\office\calendar\member\MemberController.class]: Unsatisfied dependency expressed through constructor parameter 0: Error creating bean with name 'memberService' defined in file [C:\kmh\springboot_intellij\pjt\calendar\calendar\build\classes\java\main\com\office\calendar\member\MemberService.class]: Unsatisfied dependency expressed through constructor parameter 3: No qualifying bean of type 'com.office.calendaradmin.member.mapper.MemberMapper' available: expected at least 1 bean which qualifies as autowire candidate. Dependency annotations: {}
2026-09-15 11:43:30 INFO  [catalina.core.StandardService] - Stopping service [Tomcat]
2026-09-15 11:43:30 INFO  [autoconfigure.logging.ConditionEvaluationReportLogger] - 

Error starting ApplicationContext. To display the condition evaluation report re-run your application with 'debug' enabled.
2026-09-15 11:43:30 ERROR [boot.diagnostics.LoggingFailureAnalysisReporter] - 

***************************
APPLICATION FAILED TO START
***************************

Description:

Parameter 3 of constructor in com.office.calendaradmin.member.MemberService required a bean of type 'com.office.calendaradmin.member.mapper.MemberMapper' that could not be found.


Action:

Consider defining a bean of type 'com.office.calendaradmin.member.mapper.MemberMapper' in your configuration.

2026-09-15 11:44:03 INFO  [devtools.env.DevToolsPropertyDefaultsPostProcessor] - Devtools property defaults active! Set 'spring.devtools.add-properties' to 'false' to disable
2026-09-15 11:44:03 INFO  [devtools.env.DevToolsPropertyDefaultsPostProcessor] - For additional web related logging consider setting the 'logging.level.web' property to 'DEBUG'
2026-09-15 11:44:04 INFO  [boot.tomcat.TomcatWebServer] - Tomcat initialized with port 8090 (http)
2026-09-15 11:44:04 INFO  [coyote.http11.Http11NioProtocol] - Initializing ProtocolHandler ["http-nio-8090"]
2026-09-15 11:44:04 INFO  [catalina.core.StandardService] - Starting service [Tomcat]
2026-09-15 11:44:04 INFO  [catalina.core.StandardEngine] - Starting Servlet engine: [Apache Tomcat/11.0.24]
2026-09-15 11:44:04 INFO  [context.servlet.WebApplicationContextInitializer] - Root WebApplicationContext: initialization completed in 1246 ms
2026-09-15 11:44:05 WARN  [servlet.context.AnnotationConfigServletWebServerApplicationContext] - Exception encountered during context initialization - cancelling refresh attempt: org.springframework.beans.factory.UnsatisfiedDependencyException: Error creating bean with name 'memberController' defined in file [C:\kmh\springboot_intellij\pjt\calendar\calendar\build\classes\java\main\com\office\calendar\member\MemberController.class]: Unsatisfied dependency expressed through constructor parameter 0: Error creating bean with name 'memberService' defined in file [C:\kmh\springboot_intellij\pjt\calendar\calendar\build\classes\java\main\com\office\calendar\member\MemberService.class]: Unsatisfied dependency expressed through constructor parameter 3: No qualifying bean of type 'com.office.calendaradmin.member.mapper.MemberMapper' available: expected at least 1 bean which qualifies as autowire candidate. Dependency annotations: {}
2026-09-15 11:44:05 INFO  [catalina.core.StandardService] - Stopping service [Tomcat]
2026-09-15 11:44:05 INFO  [autoconfigure.logging.ConditionEvaluationReportLogger] - 

Error starting ApplicationContext. To display the condition evaluation report re-run your application with 'debug' enabled.
2026-09-15 11:44:05 ERROR [boot.diagnostics.LoggingFailureAnalysisReporter] - 

***************************
APPLICATION FAILED TO START
***************************

Description:

Parameter 3 of constructor in com.office.calendaradmin.member.MemberService required a bean of type 'com.office.calendaradmin.member.mapper.MemberMapper' that could not be found.


Action:

Consider defining a bean of type 'com.office.calendaradmin.member.mapper.MemberMapper' in your configuration.

2026-09-15 11:45:33 INFO  [devtools.env.DevToolsPropertyDefaultsPostProcessor] - Devtools property defaults active! Set 'spring.devtools.add-properties' to 'false' to disable
2026-09-15 11:45:33 INFO  [devtools.env.DevToolsPropertyDefaultsPostProcessor] - For additional web related logging consider setting the 'logging.level.web' property to 'DEBUG'
2026-09-15 11:45:34 INFO  [boot.tomcat.TomcatWebServer] - Tomcat initialized with port 8090 (http)
2026-09-15 11:45:34 INFO  [coyote.http11.Http11NioProtocol] - Initializing ProtocolHandler ["http-nio-8090"]
2026-09-15 11:45:34 INFO  [catalina.core.StandardService] - Starting service [Tomcat]
2026-09-15 11:45:34 INFO  [catalina.core.StandardEngine] - Starting Servlet engine: [Apache Tomcat/11.0.24]
2026-09-15 11:45:34 INFO  [context.servlet.WebApplicationContextInitializer] - Root WebApplicationContext: initialization completed in 1101 ms
2026-09-15 11:45:34 WARN  [servlet.context.AnnotationConfigServletWebServerApplicationContext] - Exception encountered during context initialization - cancelling refresh attempt: org.springframework.beans.factory.UnsatisfiedDependencyException: Error creating bean with name 'memberController' defined in file [C:\kmh\springboot_intellij\pjt\calendar\calendar\build\classes\java\main\com\office\calendar\member\MemberController.class]: Unsatisfied dependency expressed through constructor parameter 0: Error creating bean with name 'memberService' defined in file [C:\kmh\springboot_intellij\pjt\calendar\calendar\build\classes\java\main\com\office\calendar\member\MemberService.class]: Unsatisfied dependency expressed through constructor parameter 3: No qualifying bean of type 'com.office.calendaradmin.member.mapper.MemberMapper' available: expected at least 1 bean which qualifies as autowire candidate. Dependency annotations: {}
2026-09-15 11:45:34 INFO  [catalina.core.StandardService] - Stopping service [Tomcat]
2026-09-15 11:45:34 INFO  [autoconfigure.logging.ConditionEvaluationReportLogger] - 

Error starting ApplicationContext. To display the condition evaluation report re-run your application with 'debug' enabled.
2026-09-15 11:45:34 ERROR [boot.diagnostics.LoggingFailureAnalysisReporter] - 

***************************
APPLICATION FAILED TO START
***************************

Description:

Parameter 3 of constructor in com.office.calendaradmin.member.MemberService required a bean of type 'com.office.calendaradmin.member.mapper.MemberMapper' that could not be found.


Action:

Consider defining a bean of type 'com.office.calendaradmin.member.mapper.MemberMapper' in your configuration.

2026-09-15 11:47:33 INFO  [devtools.env.DevToolsPropertyDefaultsPostProcessor] - Devtools property defaults active! Set 'spring.devtools.add-properties' to 'false' to disable
2026-09-15 11:47:33 INFO  [devtools.env.DevToolsPropertyDefaultsPostProcessor] - For additional web related logging consider setting the 'logging.level.web' property to 'DEBUG'
2026-09-15 11:47:34 INFO  [boot.tomcat.TomcatWebServer] - Tomcat initialized with port 8090 (http)
2026-09-15 11:47:34 INFO  [coyote.http11.Http11NioProtocol] - Initializing ProtocolHandler ["http-nio-8090"]
2026-09-15 11:47:34 INFO  [catalina.core.StandardService] - Starting service [Tomcat]
2026-09-15 11:47:34 INFO  [catalina.core.StandardEngine] - Starting Servlet engine: [Apache Tomcat/11.0.24]
2026-09-15 11:47:34 INFO  [context.servlet.WebApplicationContextInitializer] - Root WebApplicationContext: initialization completed in 1126 ms
2026-09-15 11:47:34 WARN  [servlet.context.AnnotationConfigServletWebServerApplicationContext] - Exception encountered during context initialization - cancelling refresh attempt: org.springframework.beans.factory.UnsatisfiedDependencyException: Error creating bean with name 'memberController' defined in file [C:\kmh\springboot_intellij\pjt\calendar\calendar\build\classes\java\main\com\office\calendar\member\MemberController.class]: Unsatisfied dependency expressed through constructor parameter 0: Error creating bean with name 'memberService' defined in file [C:\kmh\springboot_intellij\pjt\calendar\calendar\build\classes\java\main\com\office\calendar\member\MemberService.class]: Unsatisfied dependency expressed through constructor parameter 3: Error creating bean with name 'memberMapper' defined in file [C:\kmh\springboot_intellij\pjt\calendar\calendar\build\classes\java\main\com\office\calendar\member\mapper\MemberMapper.class]: Property 'sqlSessionFactory' or 'sqlSessionTemplate' are required
2026-09-15 11:47:34 INFO  [catalina.core.StandardService] - Stopping service [Tomcat]
2026-09-15 11:47:34 INFO  [autoconfigure.logging.ConditionEvaluationReportLogger] - 

Error starting ApplicationContext. To display the condition evaluation report re-run your application with 'debug' enabled.
2026-09-15 11:47:34 ERROR [springframework.boot.SpringApplication] - Application run failed
org.springframework.beans.factory.UnsatisfiedDependencyException: Error creating bean with name 'memberController' defined in file [C:\kmh\springboot_intellij\pjt\calendar\calendar\build\classes\java\main\com\office\calendar\member\MemberController.class]: Unsatisfied dependency expressed through constructor parameter 0: Error creating bean with name 'memberService' defined in file [C:\kmh\springboot_intellij\pjt\calendar\calendar\build\classes\java\main\com\office\calendar\member\MemberService.class]: Unsatisfied dependency expressed through constructor parameter 3: Error creating bean with name 'memberMapper' defined in file [C:\kmh\springboot_intellij\pjt\calendar\calendar\build\classes\java\main\com\office\calendar\member\mapper\MemberMapper.class]: Property 'sqlSessionFactory' or 'sqlSessionTemplate' are required
	at org.springframework.beans.factory.support.ConstructorResolver.createArgumentArray(ConstructorResolver.java:804)
	at org.springframework.beans.factory.support.ConstructorResolver.autowireConstructor(ConstructorResolver.java:240)
	at org.springframework.beans.factory.support.AbstractAutowireCapableBeanFactory.autowireConstructor(AbstractAutowireCapableBeanFactory.java:1380)
	at org.springframework.beans.factory.support.AbstractAutowireCapableBeanFactory.createBeanInstance(AbstractAutowireCapableBeanFactory.java:1219)
	at org.springframework.beans.factory.support.AbstractAutowireCapableBeanFactory.doCreateBean(AbstractAutowireCapableBeanFactory.java:565)
	at org.springframework.beans.factory.support.AbstractAutowireCapableBeanFactory.createBean(AbstractAutowireCapableBeanFactory.java:525)
	at org.springframework.beans.factory.support.AbstractBeanFactory.lambda$doGetBean$0(AbstractBeanFactory.java:333)
	at org.springframework.beans.factory.support.DefaultSingletonBeanRegistry.getSingleton(DefaultSingletonBeanRegistry.java:371)
	at org.springframework.beans.factory.support.AbstractBeanFactory.doGetBean(AbstractBeanFactory.java:331)
	at org.springframework.beans.factory.support.AbstractBeanFactory.getBean(AbstractBeanFactory.java:196)
	at org.springframework.beans.factory.support.DefaultListableBeanFactory.instantiateSingleton(DefaultListableBeanFactory.java:1225)
	at org.springframework.beans.factory.support.DefaultListableBeanFactory.preInstantiateSingleton(DefaultListableBeanFactory.java:1191)
	at org.springframework.beans.factory.support.DefaultListableBeanFactory.preInstantiateSingletons(DefaultListableBeanFactory.java:1121)
	at org.springframework.context.support.AbstractApplicationContext.finishBeanFactoryInitialization(AbstractApplicationContext.java:994)
	at org.springframework.context.support.AbstractApplicationContext.refresh(AbstractApplicationContext.java:621)
	at org.springframework.boot.web.server.servlet.context.ServletWebServerApplicationContext.refresh(ServletWebServerApplicationContext.java:143)
	at org.springframework.boot.SpringApplication.refresh(SpringApplication.java:756)
	at org.springframework.boot.SpringApplication.refreshContext(SpringApplication.java:445)
	at org.springframework.boot.SpringApplication.run(SpringApplication.java:321)
	at org.springframework.boot.SpringApplication.run(SpringApplication.java:1365)
	at org.springframework.boot.SpringApplication.run(SpringApplication.java:1354)
	at com.office.calendaradmin.CalendarApplication.main(CalendarApplication.java:13)
	at java.base/jdk.internal.reflect.NativeMethodAccessorImpl.invoke0(Native Method)
	at java.base/jdk.internal.reflect.NativeMethodAccessorImpl.invoke(NativeMethodAccessorImpl.java:77)
	at java.base/jdk.internal.reflect.DelegatingMethodAccessorImpl.invoke(DelegatingMethodAccessorImpl.java:43)
	at java.base/java.lang.reflect.Method.invoke(Method.java:568)
	at org.springframework.boot.devtools.restart.RestartLauncher.run(RestartLauncher.java:52)
Caused by: org.springframework.beans.factory.UnsatisfiedDependencyException: Error creating bean with name 'memberService' defined in file [C:\kmh\springboot_intellij\pjt\calendar\calendar\build\classes\java\main\com\office\calendar\member\MemberService.class]: Unsatisfied dependency expressed through constructor parameter 3: Error creating bean with name 'memberMapper' defined in file [C:\kmh\springboot_intellij\pjt\calendar\calendar\build\classes\java\main\com\office\calendar\member\mapper\MemberMapper.class]: Property 'sqlSessionFactory' or 'sqlSessionTemplate' are required
	at org.springframework.beans.factory.support.ConstructorResolver.createArgumentArray(ConstructorResolver.java:804)
	at org.springframework.beans.factory.support.ConstructorResolver.autowireConstructor(ConstructorResolver.java:240)
	at org.springframework.beans.factory.support.AbstractAutowireCapableBeanFactory.autowireConstructor(AbstractAutowireCapableBeanFactory.java:1380)
	at org.springframework.beans.factory.support.AbstractAutowireCapableBeanFactory.createBeanInstance(AbstractAutowireCapableBeanFactory.java:1219)
	at org.springframework.beans.factory.support.AbstractAutowireCapableBeanFactory.doCreateBean(AbstractAutowireCapableBeanFactory.java:565)
	at org.springframework.beans.factory.support.AbstractAutowireCapableBeanFactory.createBean(AbstractAutowireCapableBeanFactory.java:525)
	at org.springframework.beans.factory.support.AbstractBeanFactory.lambda$doGetBean$0(AbstractBeanFactory.java:333)
	at org.springframework.beans.factory.support.DefaultSingletonBeanRegistry.getSingleton(DefaultSingletonBeanRegistry.java:371)
	at org.springframework.beans.factory.support.AbstractBeanFactory.doGetBean(AbstractBeanFactory.java:331)
	at org.springframework.beans.factory.support.AbstractBeanFactory.getBean(AbstractBeanFactory.java:201)
	at org.springframework.beans.factory.support.DefaultListableBeanFactory.resolveBean(DefaultListableBeanFactory.java:1232)
	at org.springframework.beans.factory.support.DefaultListableBeanFactory.doResolveDependency(DefaultListableBeanFactory.java:1711)
	at org.springframework.beans.factory.support.DefaultListableBeanFactory.resolveDependency(DefaultListableBeanFactory.java:1658)
	at org.springframework.beans.factory.support.ConstructorResolver.resolveAutowiredArgument(ConstructorResolver.java:912)
	at org.springframework.beans.factory.support.ConstructorResolver.createArgumentArray(ConstructorResolver.java:791)
	... 26 more
Caused by: org.springframework.beans.factory.BeanCreationException: Error creating bean with name 'memberMapper' defined in file [C:\kmh\springboot_intellij\pjt\calendar\calendar\build\classes\java\main\com\office\calendar\member\mapper\MemberMapper.class]: Property 'sqlSessionFactory' or 'sqlSessionTemplate' are required
	at org.springframework.beans.factory.support.AbstractAutowireCapableBeanFactory.initializeBean(AbstractAutowireCapableBeanFactory.java:1815)
	at org.springframework.beans.factory.support.AbstractAutowireCapableBeanFactory.doCreateBean(AbstractAutowireCapableBeanFactory.java:603)
	at org.springframework.beans.factory.support.AbstractAutowireCapableBeanFactory.createBean(AbstractAutowireCapableBeanFactory.java:525)
	at org.springframework.beans.factory.support.AbstractBeanFactory.lambda$doGetBean$0(AbstractBeanFactory.java:333)
	at org.springframework.beans.factory.support.DefaultSingletonBeanRegistry.getSingleton(DefaultSingletonBeanRegistry.java:371)
	at org.springframework.beans.factory.support.AbstractBeanFactory.doGetBean(AbstractBeanFactory.java:331)
	at org.springframework.beans.factory.support.AbstractBeanFactory.getBean(AbstractBeanFactory.java:201)
	at org.springframework.beans.factory.support.DefaultListableBeanFactory.resolveBean(DefaultListableBeanFactory.java:1232)
	at org.springframework.beans.factory.support.DefaultListableBeanFactory.doResolveDependency(DefaultListableBeanFactory.java:1711)
	at org.springframework.beans.factory.support.DefaultListableBeanFactory.resolveDependency(DefaultListableBeanFactory.java:1658)
	at org.springframework.beans.factory.support.ConstructorResolver.resolveAutowiredArgument(ConstructorResolver.java:912)
	at org.springframework.beans.factory.support.ConstructorResolver.createArgumentArray(ConstructorResolver.java:791)
	... 40 more
Caused by: java.lang.IllegalArgumentException: Property 'sqlSessionFactory' or 'sqlSessionTemplate' are required
	at org.springframework.util.Assert.notNull(Assert.java:182)
	at org.mybatis.spring.support.SqlSessionDaoSupport.checkDaoConfig(SqlSessionDaoSupport.java:122)
	at org.mybatis.spring.mapper.MapperFactoryBean.checkDaoConfig(MapperFactoryBean.java:69)
	at org.springframework.dao.support.DaoSupport.afterPropertiesSet(DaoSupport.java:46)
	at org.springframework.beans.factory.support.AbstractAutowireCapableBeanFactory.invokeInitMethods(AbstractAutowireCapableBeanFactory.java:1862)
	at org.springframework.beans.factory.support.AbstractAutowireCapableBeanFactory.initializeBean(AbstractAutowireCapableBeanFactory.java:1811)
	... 51 more
2026-09-15 11:48:29 INFO  [devtools.env.DevToolsPropertyDefaultsPostProcessor] - Devtools property defaults active! Set 'spring.devtools.add-properties' to 'false' to disable
2026-09-15 11:48:29 INFO  [devtools.env.DevToolsPropertyDefaultsPostProcessor] - For additional web related logging consider setting the 'logging.level.web' property to 'DEBUG'
2026-09-15 11:48:30 INFO  [boot.tomcat.TomcatWebServer] - Tomcat initialized with port 8090 (http)
2026-09-15 11:48:30 INFO  [coyote.http11.Http11NioProtocol] - Initializing ProtocolHandler ["http-nio-8090"]
2026-09-15 11:48:30 INFO  [catalina.core.StandardService] - Starting service [Tomcat]
2026-09-15 11:48:30 INFO  [catalina.core.StandardEngine] - Starting Servlet engine: [Apache Tomcat/11.0.24]
2026-09-15 11:48:30 INFO  [context.servlet.WebApplicationContextInitializer] - Root WebApplicationContext: initialization completed in 1149 ms
2026-09-15 11:48:31 WARN  [servlet.context.AnnotationConfigServletWebServerApplicationContext] - Exception encountered during context initialization - cancelling refresh attempt: org.springframework.beans.factory.UnsatisfiedDependencyException: Error creating bean with name 'memberController' defined in file [C:\kmh\springboot_intellij\pjt\calendar\calendar\build\classes\java\main\com\office\calendar\member\MemberController.class]: Unsatisfied dependency expressed through constructor parameter 0: Error creating bean with name 'memberService' defined in file [C:\kmh\springboot_intellij\pjt\calendar\calendar\build\classes\java\main\com\office\calendar\member\MemberService.class]: Unsatisfied dependency expressed through constructor parameter 3: No qualifying bean of type 'com.office.calendaradmin.member.mapper.MemberMapper' available: expected at least 1 bean which qualifies as autowire candidate. Dependency annotations: {}
2026-09-15 11:48:31 INFO  [catalina.core.StandardService] - Stopping service [Tomcat]
2026-09-15 11:48:31 INFO  [autoconfigure.logging.ConditionEvaluationReportLogger] - 

Error starting ApplicationContext. To display the condition evaluation report re-run your application with 'debug' enabled.
2026-09-15 11:48:31 ERROR [boot.diagnostics.LoggingFailureAnalysisReporter] - 

***************************
APPLICATION FAILED TO START
***************************

Description:

Parameter 3 of constructor in com.office.calendaradmin.member.MemberService required a bean of type 'com.office.calendaradmin.member.mapper.MemberMapper' that could not be found.


Action:

Consider defining a bean of type 'com.office.calendaradmin.member.mapper.MemberMapper' in your configuration.

2026-09-15 11:48:43 INFO  [devtools.env.DevToolsPropertyDefaultsPostProcessor] - Devtools property defaults active! Set 'spring.devtools.add-properties' to 'false' to disable
2026-09-15 11:48:43 INFO  [devtools.env.DevToolsPropertyDefaultsPostProcessor] - For additional web related logging consider setting the 'logging.level.web' property to 'DEBUG'
2026-09-15 11:48:44 INFO  [boot.tomcat.TomcatWebServer] - Tomcat initialized with port 8090 (http)
2026-09-15 11:48:44 INFO  [coyote.http11.Http11NioProtocol] - Initializing ProtocolHandler ["http-nio-8090"]
2026-09-15 11:48:44 INFO  [catalina.core.StandardService] - Starting service [Tomcat]
2026-09-15 11:48:44 INFO  [catalina.core.StandardEngine] - Starting Servlet engine: [Apache Tomcat/11.0.24]
2026-09-15 11:48:44 INFO  [context.servlet.WebApplicationContextInitializer] - Root WebApplicationContext: initialization completed in 1290 ms
2026-09-15 11:48:44 WARN  [servlet.context.AnnotationConfigServletWebServerApplicationContext] - Exception encountered during context initialization - cancelling refresh attempt: org.springframework.beans.factory.UnsatisfiedDependencyException: Error creating bean with name 'memberController' defined in file [C:\kmh\springboot_intellij\pjt\calendar\calendar\build\classes\java\main\com\office\calendar\member\MemberController.class]: Unsatisfied dependency expressed through constructor parameter 0: Error creating bean with name 'memberService' defined in file [C:\kmh\springboot_intellij\pjt\calendar\calendar\build\classes\java\main\com\office\calendar\member\MemberService.class]: Unsatisfied dependency expressed through constructor parameter 3: No qualifying bean of type 'com.office.calendaradmin.member.mapper.MemberMapper' available: expected at least 1 bean which qualifies as autowire candidate. Dependency annotations: {}
2026-09-15 11:48:44 INFO  [catalina.core.StandardService] - Stopping service [Tomcat]
2026-09-15 11:48:44 INFO  [autoconfigure.logging.ConditionEvaluationReportLogger] - 

Error starting ApplicationContext. To display the condition evaluation report re-run your application with 'debug' enabled.
2026-09-15 11:48:44 ERROR [boot.diagnostics.LoggingFailureAnalysisReporter] - 

***************************
APPLICATION FAILED TO START
***************************

Description:

Parameter 3 of constructor in com.office.calendaradmin.member.MemberService required a bean of type 'com.office.calendaradmin.member.mapper.MemberMapper' that could not be found.


Action:

Consider defining a bean of type 'com.office.calendaradmin.member.mapper.MemberMapper' in your configuration.

2026-09-15 12:03:55 INFO  [devtools.env.DevToolsPropertyDefaultsPostProcessor] - Devtools property defaults active! Set 'spring.devtools.add-properties' to 'false' to disable
2026-09-15 12:03:55 INFO  [devtools.env.DevToolsPropertyDefaultsPostProcessor] - For additional web related logging consider setting the 'logging.level.web' property to 'DEBUG'
2026-09-15 12:03:56 INFO  [boot.tomcat.TomcatWebServer] - Tomcat initialized with port 8090 (http)
2026-09-15 12:03:56 INFO  [coyote.http11.Http11NioProtocol] - Initializing ProtocolHandler ["http-nio-8090"]
2026-09-15 12:03:56 INFO  [catalina.core.StandardService] - Starting service [Tomcat]
2026-09-15 12:03:56 INFO  [catalina.core.StandardEngine] - Starting Servlet engine: [Apache Tomcat/11.0.24]
2026-09-15 12:03:56 INFO  [context.servlet.WebApplicationContextInitializer] - Root WebApplicationContext: initialization completed in 1165 ms
2026-09-15 12:03:57 WARN  [security.autoconfigure.UserDetailsServiceAutoConfiguration] - 

Using generated security password: b8ab61b2-060f-448d-918d-b4066c799554

This generated password is for development use only. Your security configuration must be updated before running your application in production.

2026-09-15 12:03:57 INFO  [authentication.configuration.InitializeUserDetailsBeanManagerConfigurer$InitializeUserDetailsManagerConfigurer] - Global AuthenticationManager configured with UserDetailsService bean with name inMemoryUserDetailsManager
2026-09-15 12:03:57 INFO  [coyote.http11.Http11NioProtocol] - Starting ProtocolHandler ["http-nio-8090"]
2026-09-15 12:03:57 INFO  [boot.tomcat.TomcatWebServer] - Tomcat started on port 8090 (http) with context path '/'
2026-09-15 12:04:26 INFO  [[Tomcat].[localhost].[/]] - Initializing Spring DispatcherServlet 'dispatcherServlet'
2026-09-15 12:04:26 INFO  [web.servlet.DispatcherServlet] - Initializing Servlet 'dispatcherServlet'
2026-09-15 12:04:26 INFO  [web.servlet.DispatcherServlet] - Completed initialization in 1 ms
2026-09-15 12:04:54 INFO  [zaxxer.hikari.HikariDataSource] - HikariPool-1 - Starting...
2026-09-15 12:04:55 INFO  [hikari.pool.HikariPool] - HikariPool-1 - Added connection com.mysql.cj.jdbc.ConnectionImpl@6d8b04a9
2026-09-15 12:04:55 INFO  [zaxxer.hikari.HikariDataSource] - HikariPool-1 - Start completed.
2026-09-15 12:07:24 INFO  [devtools.autoconfigure.LocalDevToolsAutoConfiguration$RestartingClassPathChangeChangedEventListener] - Restarting due to 25 class path changes (0 additions, 0 deletions, 25 modifications)
2026-09-15 12:07:24 INFO  [boot.tomcat.GracefulShutdown] - Commencing graceful shutdown. Waiting for active requests to complete
2026-09-15 12:07:24 INFO  [coyote.http11.Http11NioProtocol] - Pausing ProtocolHandler ["http-nio-8090"]
2026-09-15 12:07:24 INFO  [boot.tomcat.GracefulShutdown] - Graceful shutdown complete
2026-09-15 12:07:24 INFO  [coyote.http11.Http11NioProtocol] - Stopping ProtocolHandler ["http-nio-8090"]
2026-09-15 12:07:24 INFO  [zaxxer.hikari.HikariDataSource] - HikariPool-1 - Shutdown initiated...
2026-09-15 12:07:24 INFO  [zaxxer.hikari.HikariDataSource] - HikariPool-1 - Shutdown completed.
2026-09-15 12:07:25 INFO  [boot.tomcat.TomcatWebServer] - Tomcat initialized with port 8090 (http)
2026-09-15 12:07:25 INFO  [coyote.http11.Http11NioProtocol] - Initializing ProtocolHandler ["http-nio-8090"]
2026-09-15 12:07:25 INFO  [catalina.core.StandardService] - Starting service [Tomcat]
2026-09-15 12:07:25 INFO  [catalina.core.StandardEngine] - Starting Servlet engine: [Apache Tomcat/11.0.24]
2026-09-15 12:07:25 INFO  [context.servlet.WebApplicationContextInitializer] - Root WebApplicationContext: initialization completed in 301 ms
2026-09-15 12:07:25 WARN  [servlet.context.AnnotationConfigServletWebServerApplicationContext] - Exception encountered during context initialization - cancelling refresh attempt: org.springframework.beans.factory.UnsatisfiedDependencyException: Error creating bean with name 'memberController' defined in file [C:\kmh\springboot_intellij\pjt\calendar\calendar\build\classes\java\main\com\office\calendar\member\MemberController.class]: Unsatisfied dependency expressed through constructor parameter 0: Error creating bean with name 'memberService' defined in file [C:\kmh\springboot_intellij\pjt\calendar\calendar\build\classes\java\main\com\office\calendar\member\MemberService.class]: Unsatisfied dependency expressed through constructor parameter 3: Error creating bean with name 'memberMapper' defined in file [C:\kmh\springboot_intellij\pjt\calendar\calendar\build\classes\java\main\com\office\calendar\member\mapper\MemberMapper.class]: Cannot resolve reference to bean 'sqlSessionTemplate' while setting bean property 'sqlSessionTemplate'
2026-09-15 12:07:25 INFO  [catalina.core.StandardService] - Stopping service [Tomcat]
2026-09-15 12:07:25 INFO  [autoconfigure.logging.ConditionEvaluationReportLogger] - 

Error starting ApplicationContext. To display the condition evaluation report re-run your application with 'debug' enabled.
2026-09-15 12:07:25 ERROR [springframework.boot.SpringApplication] - Application run failed
org.springframework.beans.factory.UnsatisfiedDependencyException: Error creating bean with name 'memberController' defined in file [C:\kmh\springboot_intellij\pjt\calendar\calendar\build\classes\java\main\com\office\calendar\member\MemberController.class]: Unsatisfied dependency expressed through constructor parameter 0: Error creating bean with name 'memberService' defined in file [C:\kmh\springboot_intellij\pjt\calendar\calendar\build\classes\java\main\com\office\calendar\member\MemberService.class]: Unsatisfied dependency expressed through constructor parameter 3: Error creating bean with name 'memberMapper' defined in file [C:\kmh\springboot_intellij\pjt\calendar\calendar\build\classes\java\main\com\office\calendar\member\mapper\MemberMapper.class]: Cannot resolve reference to bean 'sqlSessionTemplate' while setting bean property 'sqlSessionTemplate'
	at org.springframework.beans.factory.support.ConstructorResolver.createArgumentArray(ConstructorResolver.java:804)
	at org.springframework.beans.factory.support.ConstructorResolver.autowireConstructor(ConstructorResolver.java:240)
	at org.springframework.beans.factory.support.AbstractAutowireCapableBeanFactory.autowireConstructor(AbstractAutowireCapableBeanFactory.java:1380)
	at org.springframework.beans.factory.support.AbstractAutowireCapableBeanFactory.createBeanInstance(AbstractAutowireCapableBeanFactory.java:1219)
	at org.springframework.beans.factory.support.AbstractAutowireCapableBeanFactory.doCreateBean(AbstractAutowireCapableBeanFactory.java:565)
	at org.springframework.beans.factory.support.AbstractAutowireCapableBeanFactory.createBean(AbstractAutowireCapableBeanFactory.java:525)
	at org.springframework.beans.factory.support.AbstractBeanFactory.lambda$doGetBean$0(AbstractBeanFactory.java:333)
	at org.springframework.beans.factory.support.DefaultSingletonBeanRegistry.getSingleton(DefaultSingletonBeanRegistry.java:371)
	at org.springframework.beans.factory.support.AbstractBeanFactory.doGetBean(AbstractBeanFactory.java:331)
	at org.springframework.beans.factory.support.AbstractBeanFactory.getBean(AbstractBeanFactory.java:196)
	at org.springframework.beans.factory.support.DefaultListableBeanFactory.instantiateSingleton(DefaultListableBeanFactory.java:1225)
	at org.springframework.beans.factory.support.DefaultListableBeanFactory.preInstantiateSingleton(DefaultListableBeanFactory.java:1191)
	at org.springframework.beans.factory.support.DefaultListableBeanFactory.preInstantiateSingletons(DefaultListableBeanFactory.java:1121)
	at org.springframework.context.support.AbstractApplicationContext.finishBeanFactoryInitialization(AbstractApplicationContext.java:994)
	at org.springframework.context.support.AbstractApplicationContext.refresh(AbstractApplicationContext.java:621)
	at org.springframework.boot.web.server.servlet.context.ServletWebServerApplicationContext.refresh(ServletWebServerApplicationContext.java:143)
	at org.springframework.boot.SpringApplication.refresh(SpringApplication.java:756)
	at org.springframework.boot.SpringApplication.refreshContext(SpringApplication.java:445)
	at org.springframework.boot.SpringApplication.run(SpringApplication.java:321)
	at org.springframework.boot.SpringApplication.run(SpringApplication.java:1365)
	at org.springframework.boot.SpringApplication.run(SpringApplication.java:1354)
	at com.office.calendaradmin.CalendarApplication.main(CalendarApplication.java:12)
	at java.base/jdk.internal.reflect.NativeMethodAccessorImpl.invoke0(Native Method)
	at java.base/jdk.internal.reflect.NativeMethodAccessorImpl.invoke(NativeMethodAccessorImpl.java:77)
	at java.base/jdk.internal.reflect.DelegatingMethodAccessorImpl.invoke(DelegatingMethodAccessorImpl.java:43)
	at java.base/java.lang.reflect.Method.invoke(Method.java:568)
	at org.springframework.boot.devtools.restart.RestartLauncher.run(RestartLauncher.java:52)
Caused by: org.springframework.beans.factory.UnsatisfiedDependencyException: Error creating bean with name 'memberService' defined in file [C:\kmh\springboot_intellij\pjt\calendar\calendar\build\classes\java\main\com\office\calendar\member\MemberService.class]: Unsatisfied dependency expressed through constructor parameter 3: Error creating bean with name 'memberMapper' defined in file [C:\kmh\springboot_intellij\pjt\calendar\calendar\build\classes\java\main\com\office\calendar\member\mapper\MemberMapper.class]: Cannot resolve reference to bean 'sqlSessionTemplate' while setting bean property 'sqlSessionTemplate'
	at org.springframework.beans.factory.support.ConstructorResolver.createArgumentArray(ConstructorResolver.java:804)
	at org.springframework.beans.factory.support.ConstructorResolver.autowireConstructor(ConstructorResolver.java:240)
	at org.springframework.beans.factory.support.AbstractAutowireCapableBeanFactory.autowireConstructor(AbstractAutowireCapableBeanFactory.java:1380)
	at org.springframework.beans.factory.support.AbstractAutowireCapableBeanFactory.createBeanInstance(AbstractAutowireCapableBeanFactory.java:1219)
	at org.springframework.beans.factory.support.AbstractAutowireCapableBeanFactory.doCreateBean(AbstractAutowireCapableBeanFactory.java:565)
	at org.springframework.beans.factory.support.AbstractAutowireCapableBeanFactory.createBean(AbstractAutowireCapableBeanFactory.java:525)
	at org.springframework.beans.factory.support.AbstractBeanFactory.lambda$doGetBean$0(AbstractBeanFactory.java:333)
	at org.springframework.beans.factory.support.DefaultSingletonBeanRegistry.getSingleton(DefaultSingletonBeanRegistry.java:371)
	at org.springframework.beans.factory.support.AbstractBeanFactory.doGetBean(AbstractBeanFactory.java:331)
	at org.springframework.beans.factory.support.AbstractBeanFactory.getBean(AbstractBeanFactory.java:201)
	at org.springframework.beans.factory.support.DefaultListableBeanFactory.resolveBean(DefaultListableBeanFactory.java:1232)
	at org.springframework.beans.factory.support.DefaultListableBeanFactory.doResolveDependency(DefaultListableBeanFactory.java:1711)
	at org.springframework.beans.factory.support.DefaultListableBeanFactory.resolveDependency(DefaultListableBeanFactory.java:1658)
	at org.springframework.beans.factory.support.ConstructorResolver.resolveAutowiredArgument(ConstructorResolver.java:912)
	at org.springframework.beans.factory.support.ConstructorResolver.createArgumentArray(ConstructorResolver.java:791)
	... 26 more
Caused by: org.springframework.beans.factory.BeanCreationException: Error creating bean with name 'memberMapper' defined in file [C:\kmh\springboot_intellij\pjt\calendar\calendar\build\classes\java\main\com\office\calendar\member\mapper\MemberMapper.class]: Cannot resolve reference to bean 'sqlSessionTemplate' while setting bean property 'sqlSessionTemplate'
	at org.springframework.beans.factory.support.BeanDefinitionValueResolver.resolveReference(BeanDefinitionValueResolver.java:377)
	at org.springframework.beans.factory.support.BeanDefinitionValueResolver.resolveValueIfNecessary(BeanDefinitionValueResolver.java:135)
	at org.springframework.beans.factory.support.AbstractAutowireCapableBeanFactory.applyPropertyValues(AbstractAutowireCapableBeanFactory.java:1710)
	at org.springframework.beans.factory.support.AbstractAutowireCapableBeanFactory.populateBean(AbstractAutowireCapableBeanFactory.java:1459)
	at org.springframework.beans.factory.support.AbstractAutowireCapableBeanFactory.doCreateBean(AbstractAutowireCapableBeanFactory.java:602)
	at org.springframework.beans.factory.support.AbstractAutowireCapableBeanFactory.createBean(AbstractAutowireCapableBeanFactory.java:525)
	at org.springframework.beans.factory.support.AbstractBeanFactory.lambda$doGetBean$0(AbstractBeanFactory.java:333)
	at org.springframework.beans.factory.support.DefaultSingletonBeanRegistry.getSingleton(DefaultSingletonBeanRegistry.java:371)
	at org.springframework.beans.factory.support.AbstractBeanFactory.doGetBean(AbstractBeanFactory.java:331)
	at org.springframework.beans.factory.support.AbstractBeanFactory.getBean(AbstractBeanFactory.java:201)
	at org.springframework.beans.factory.support.DefaultListableBeanFactory.resolveBean(DefaultListableBeanFactory.java:1232)
	at org.springframework.beans.factory.support.DefaultListableBeanFactory.doResolveDependency(DefaultListableBeanFactory.java:1711)
	at org.springframework.beans.factory.support.DefaultListableBeanFactory.resolveDependency(DefaultListableBeanFactory.java:1658)
	at org.springframework.beans.factory.support.ConstructorResolver.resolveAutowiredArgument(ConstructorResolver.java:912)
	at org.springframework.beans.factory.support.ConstructorResolver.createArgumentArray(ConstructorResolver.java:791)
	... 40 more
Caused by: org.springframework.beans.factory.UnsatisfiedDependencyException: Error creating bean with name 'sqlSessionTemplate' defined in class path resource [org/mybatis/spring/boot/autoconfigure/MybatisAutoConfiguration.class]: Unsatisfied dependency expressed through method 'sqlSessionTemplate' parameter 0: Error creating bean with name 'sqlSessionFactory' defined in class path resource [org/mybatis/spring/boot/autoconfigure/MybatisAutoConfiguration.class]: Failed to instantiate [org.apache.ibatis.session.SqlSessionFactory]: Factory method 'sqlSessionFactory' threw exception with message: Failed to parse mapping resource: 'file [C:\kmh\springboot_intellij\pjt\calendar\calendar\build\resources\main\mybatis\mappers\member-mapper.xml]'
	at org.springframework.beans.factory.support.ConstructorResolver.createArgumentArray(ConstructorResolver.java:804)
	at org.springframework.beans.factory.support.ConstructorResolver.instantiateUsingFactoryMethod(ConstructorResolver.java:546)
	at org.springframework.beans.factory.support.AbstractAutowireCapableBeanFactory.instantiateUsingFactoryMethod(AbstractAutowireCapableBeanFactory.java:1360)
	at org.springframework.beans.factory.support.AbstractAutowireCapableBeanFactory.createBeanInstance(AbstractAutowireCapableBeanFactory.java:1192)
	at org.springframework.beans.factory.support.AbstractAutowireCapableBeanFactory.doCreateBean(AbstractAutowireCapableBeanFactory.java:565)
	at org.springframework.beans.factory.support.AbstractAutowireCapableBeanFactory.createBean(AbstractAutowireCapableBeanFactory.java:525)
	at org.springframework.beans.factory.support.AbstractBeanFactory.lambda$doGetBean$0(AbstractBeanFactory.java:333)
	at org.springframework.beans.factory.support.DefaultSingletonBeanRegistry.getSingleton(DefaultSingletonBeanRegistry.java:371)
	at org.springframework.beans.factory.support.AbstractBeanFactory.doGetBean(AbstractBeanFactory.java:331)
	at org.springframework.beans.factory.support.AbstractBeanFactory.getBean(AbstractBeanFactory.java:196)
	at org.springframework.beans.factory.support.BeanDefinitionValueResolver.resolveReference(BeanDefinitionValueResolver.java:365)
	... 54 more
Caused by: org.springframework.beans.factory.BeanCreationException: Error creating bean with name 'sqlSessionFactory' defined in class path resource [org/mybatis/spring/boot/autoconfigure/MybatisAutoConfiguration.class]: Failed to instantiate [org.apache.ibatis.session.SqlSessionFactory]: Factory method 'sqlSessionFactory' threw exception with message: Failed to parse mapping resource: 'file [C:\kmh\springboot_intellij\pjt\calendar\calendar\build\resources\main\mybatis\mappers\member-mapper.xml]'
	at org.springframework.beans.factory.support.ConstructorResolver.instantiate(ConstructorResolver.java:657)
	at org.springframework.beans.factory.support.ConstructorResolver.instantiateUsingFactoryMethod(ConstructorResolver.java:645)
	at org.springframework.beans.factory.support.AbstractAutowireCapableBeanFactory.instantiateUsingFactoryMethod(AbstractAutowireCapableBeanFactory.java:1360)
	at org.springframework.beans.factory.support.AbstractAutowireCapableBeanFactory.createBeanInstance(AbstractAutowireCapableBeanFactory.java:1192)
	at org.springframework.beans.factory.support.AbstractAutowireCapableBeanFactory.doCreateBean(AbstractAutowireCapableBeanFactory.java:565)
	at org.springframework.beans.factory.support.AbstractAutowireCapableBeanFactory.createBean(AbstractAutowireCapableBeanFactory.java:525)
	at org.springframework.beans.factory.support.AbstractBeanFactory.lambda$doGetBean$0(AbstractBeanFactory.java:333)
	at org.springframework.beans.factory.support.DefaultSingletonBeanRegistry.getSingleton(DefaultSingletonBeanRegistry.java:371)
	at org.springframework.beans.factory.support.AbstractBeanFactory.doGetBean(AbstractBeanFactory.java:331)
	at org.springframework.beans.factory.support.AbstractBeanFactory.getBean(AbstractBeanFactory.java:201)
	at org.springframework.beans.factory.support.DefaultListableBeanFactory.resolveBean(DefaultListableBeanFactory.java:1232)
	at org.springframework.beans.factory.support.DefaultListableBeanFactory.doResolveDependency(DefaultListableBeanFactory.java:1711)
	at org.springframework.beans.factory.support.DefaultListableBeanFactory.resolveDependency(DefaultListableBeanFactory.java:1658)
	at org.springframework.beans.factory.support.ConstructorResolver.resolveAutowiredArgument(ConstructorResolver.java:912)
	at org.springframework.beans.factory.support.ConstructorResolver.createArgumentArray(ConstructorResolver.java:791)
	... 64 more
Caused by: org.springframework.beans.BeanInstantiationException: Failed to instantiate [org.apache.ibatis.session.SqlSessionFactory]: Factory method 'sqlSessionFactory' threw exception with message: Failed to parse mapping resource: 'file [C:\kmh\springboot_intellij\pjt\calendar\calendar\build\resources\main\mybatis\mappers\member-mapper.xml]'
	at org.springframework.beans.factory.support.SimpleInstantiationStrategy.lambda$instantiate$0(SimpleInstantiationStrategy.java:183)
	at org.springframework.beans.factory.support.SimpleInstantiationStrategy.instantiateWithFactoryMethod(SimpleInstantiationStrategy.java:72)
	at org.springframework.beans.factory.support.SimpleInstantiationStrategy.instantiate(SimpleInstantiationStrategy.java:152)
	at org.springframework.beans.factory.support.ConstructorResolver.instantiate(ConstructorResolver.java:653)
	... 78 more
Caused by: java.io.IOException: Failed to parse mapping resource: 'file [C:\kmh\springboot_intellij\pjt\calendar\calendar\build\resources\main\mybatis\mappers\member-mapper.xml]'
	at org.mybatis.spring.SqlSessionFactoryBean.buildSqlSessionFactory(SqlSessionFactoryBean.java:694)
	at org.mybatis.spring.SqlSessionFactoryBean.afterPropertiesSet(SqlSessionFactoryBean.java:571)
	at org.mybatis.spring.SqlSessionFactoryBean.getObject(SqlSessionFactoryBean.java:711)
	at org.mybatis.spring.boot.autoconfigure.MybatisAutoConfiguration.sqlSessionFactory(MybatisAutoConfiguration.java:189)
	at java.base/jdk.internal.reflect.NativeMethodAccessorImpl.invoke0(Native Method)
	at java.base/jdk.internal.reflect.NativeMethodAccessorImpl.invoke(NativeMethodAccessorImpl.java:77)
	at java.base/jdk.internal.reflect.DelegatingMethodAccessorImpl.invoke(DelegatingMethodAccessorImpl.java:43)
	at java.base/java.lang.reflect.Method.invoke(Method.java:568)
	at org.springframework.beans.factory.support.SimpleInstantiationStrategy.lambda$instantiate$0(SimpleInstantiationStrategy.java:155)
	... 81 more
Caused by: org.apache.ibatis.builder.BuilderException: Error creating document instance.  Cause: org.xml.sax.SAXParseException; lineNumber: 34; columnNumber: 1; Element type "update" must be followed by either attribute specifications, ">" or "/>".
	at org.apache.ibatis.parsing.XPathParser.createDocument(XPathParser.java:262)
	at org.apache.ibatis.parsing.XPathParser.<init>(XPathParser.java:127)
	at org.apache.ibatis.builder.xml.XMLMapperBuilder.<init>(XMLMapperBuilder.java:83)
	at org.mybatis.spring.SqlSessionFactoryBean.buildSqlSessionFactory(SqlSessionFactoryBean.java:691)
	... 89 more
Caused by: org.xml.sax.SAXParseException; lineNumber: 34; columnNumber: 1; Element type "update" must be followed by either attribute specifications, ">" or "/>".
	at java.xml/com.sun.org.apache.xerces.internal.util.ErrorHandlerWrapper.createSAXParseException(ErrorHandlerWrapper.java:204)
	at java.xml/com.sun.org.apache.xerces.internal.util.ErrorHandlerWrapper.fatalError(ErrorHandlerWrapper.java:178)
	at java.xml/com.sun.org.apache.xerces.internal.impl.XMLErrorReporter.reportError(XMLErrorReporter.java:400)
	at java.xml/com.sun.org.apache.xerces.internal.impl.XMLErrorReporter.reportError(XMLErrorReporter.java:327)
	at java.xml/com.sun.org.apache.xerces.internal.impl.XMLScanner.reportFatalError(XMLScanner.java:1465)
	at java.xml/com.sun.org.apache.xerces.internal.impl.XMLDocumentFragmentScannerImpl.seekCloseOfStartTag(XMLDocumentFragmentScannerImpl.java:1443)
	at java.xml/com.sun.org.apache.xerces.internal.impl.XMLDocumentFragmentScannerImpl.scanStartElement(XMLDocumentFragmentScannerImpl.java:1372)
	at java.xml/com.sun.org.apache.xerces.internal.impl.XMLDocumentFragmentScannerImpl$FragmentContentDriver.next(XMLDocumentFragmentScannerImpl.java:2726)
	at java.xml/com.sun.org.apache.xerces.internal.impl.XMLDocumentScannerImpl.next(XMLDocumentScannerImpl.java:605)
	at java.xml/com.sun.org.apache.xerces.internal.impl.XMLDocumentFragmentScannerImpl.scanDocument(XMLDocumentFragmentScannerImpl.java:542)
	at java.xml/com.sun.org.apache.xerces.internal.parsers.XML11Configuration.parse(XML11Configuration.java:889)
	at java.xml/com.sun.org.apache.xerces.internal.parsers.XML11Configuration.parse(XML11Configuration.java:825)
	at java.xml/com.sun.org.apache.xerces.internal.parsers.XMLParser.parse(XMLParser.java:141)
	at java.xml/com.sun.org.apache.xerces.internal.parsers.DOMParser.parse(DOMParser.java:247)
	at java.xml/com.sun.org.apache.xerces.internal.jaxp.DocumentBuilderImpl.parse(DocumentBuilderImpl.java:342)
	at org.apache.ibatis.parsing.XPathParser.createDocument(XPathParser.java:260)
	... 92 more
2026-09-15 12:13:18 INFO  [boot.tomcat.TomcatWebServer] - Tomcat initialized with port 8090 (http)
2026-09-15 12:13:18 INFO  [coyote.http11.Http11NioProtocol] - Initializing ProtocolHandler ["http-nio-8090"]
2026-09-15 12:13:18 INFO  [catalina.core.StandardService] - Starting service [Tomcat]
2026-09-15 12:13:18 INFO  [catalina.core.StandardEngine] - Starting Servlet engine: [Apache Tomcat/11.0.24]
2026-09-15 12:13:18 INFO  [context.servlet.WebApplicationContextInitializer] - Root WebApplicationContext: initialization completed in 258 ms
2026-09-15 12:13:18 WARN  [security.autoconfigure.UserDetailsServiceAutoConfiguration] - 

Using generated security password: 3c88e53d-23e7-45e5-aba4-ec0cb990286e

This generated password is for development use only. Your security configuration must be updated before running your application in production.

2026-09-15 12:13:18 INFO  [authentication.configuration.InitializeUserDetailsBeanManagerConfigurer$InitializeUserDetailsManagerConfigurer] - Global AuthenticationManager configured with UserDetailsService bean with name inMemoryUserDetailsManager
2026-09-15 12:13:19 INFO  [coyote.http11.Http11NioProtocol] - Starting ProtocolHandler ["http-nio-8090"]
2026-09-15 12:13:19 INFO  [boot.tomcat.TomcatWebServer] - Tomcat started on port 8090 (http) with context path '/'
2026-09-15 12:13:19 INFO  [devtools.autoconfigure.ConditionEvaluationDeltaLoggingListener] - Condition evaluation unchanged
2026-09-15 12:21:07 INFO  [devtools.autoconfigure.LocalDevToolsAutoConfiguration$RestartingClassPathChangeChangedEventListener] - Restarting due to 25 class path changes (0 additions, 0 deletions, 25 modifications)
2026-09-15 12:21:07 INFO  [boot.tomcat.GracefulShutdown] - Commencing graceful shutdown. Waiting for active requests to complete
2026-09-15 12:21:07 INFO  [coyote.http11.Http11NioProtocol] - Pausing ProtocolHandler ["http-nio-8090"]
2026-09-15 12:21:08 INFO  [boot.tomcat.GracefulShutdown] - Graceful shutdown complete
2026-09-15 12:21:08 INFO  [coyote.http11.Http11NioProtocol] - Stopping ProtocolHandler ["http-nio-8090"]
2026-09-15 12:21:08 INFO  [boot.tomcat.TomcatWebServer] - Tomcat initialized with port 8090 (http)
2026-09-15 12:21:08 INFO  [coyote.http11.Http11NioProtocol] - Initializing ProtocolHandler ["http-nio-8090"]
2026-09-15 12:21:08 INFO  [catalina.core.StandardService] - Starting service [Tomcat]
2026-09-15 12:21:08 INFO  [catalina.core.StandardEngine] - Starting Servlet engine: [Apache Tomcat/11.0.24]
2026-09-15 12:21:08 INFO  [context.servlet.WebApplicationContextInitializer] - Root WebApplicationContext: initialization completed in 268 ms
2026-09-15 12:21:08 WARN  [security.autoconfigure.UserDetailsServiceAutoConfiguration] - 

Using generated security password: 5bf8e388-6f44-4375-b425-9f563a9b4a8d

This generated password is for development use only. Your security configuration must be updated before running your application in production.

2026-09-15 12:21:08 INFO  [authentication.configuration.InitializeUserDetailsBeanManagerConfigurer$InitializeUserDetailsManagerConfigurer] - Global AuthenticationManager configured with UserDetailsService bean with name inMemoryUserDetailsManager
2026-09-15 12:21:08 INFO  [coyote.http11.Http11NioProtocol] - Starting ProtocolHandler ["http-nio-8090"]
2026-09-15 12:21:08 INFO  [boot.tomcat.TomcatWebServer] - Tomcat started on port 8090 (http) with context path '/'
2026-09-15 12:21:08 INFO  [devtools.autoconfigure.ConditionEvaluationDeltaLoggingListener] - Condition evaluation unchanged
2026-09-15 12:24:59 INFO  [devtools.autoconfigure.LocalDevToolsAutoConfiguration$RestartingClassPathChangeChangedEventListener] - Restarting due to 22 class path changes (0 additions, 0 deletions, 22 modifications)
2026-09-15 12:24:59 INFO  [boot.tomcat.GracefulShutdown] - Commencing graceful shutdown. Waiting for active requests to complete
2026-09-15 12:24:59 INFO  [coyote.http11.Http11NioProtocol] - Pausing ProtocolHandler ["http-nio-8090"]
2026-09-15 12:24:59 INFO  [boot.tomcat.GracefulShutdown] - Graceful shutdown complete
2026-09-15 12:24:59 INFO  [coyote.http11.Http11NioProtocol] - Stopping ProtocolHandler ["http-nio-8090"]
2026-09-15 12:24:59 INFO  [boot.tomcat.TomcatWebServer] - Tomcat initialized with port 8090 (http)
2026-09-15 12:24:59 INFO  [coyote.http11.Http11NioProtocol] - Initializing ProtocolHandler ["http-nio-8090"]
2026-09-15 12:24:59 INFO  [catalina.core.StandardService] - Starting service [Tomcat]
2026-09-15 12:24:59 INFO  [catalina.core.StandardEngine] - Starting Servlet engine: [Apache Tomcat/11.0.24]
2026-09-15 12:24:59 INFO  [context.servlet.WebApplicationContextInitializer] - Root WebApplicationContext: initialization completed in 266 ms
2026-09-15 12:24:59 WARN  [security.autoconfigure.UserDetailsServiceAutoConfiguration] - 

Using generated security password: 7e8ec34d-6060-424c-94de-74b767c5dded

This generated password is for development use only. Your security configuration must be updated before running your application in production.

2026-09-15 12:24:59 INFO  [authentication.configuration.InitializeUserDetailsBeanManagerConfigurer$InitializeUserDetailsManagerConfigurer] - Global AuthenticationManager configured with UserDetailsService bean with name inMemoryUserDetailsManager
2026-09-15 12:24:59 INFO  [coyote.http11.Http11NioProtocol] - Starting ProtocolHandler ["http-nio-8090"]
2026-09-15 12:24:59 INFO  [boot.tomcat.TomcatWebServer] - Tomcat started on port 8090 (http) with context path '/'
2026-09-15 12:24:59 INFO  [devtools.autoconfigure.ConditionEvaluationDeltaLoggingListener] - Condition evaluation unchanged
2026-09-15 12:25:25 INFO  [devtools.autoconfigure.LocalDevToolsAutoConfiguration$RestartingClassPathChangeChangedEventListener] - Restarting due to 22 class path changes (0 additions, 0 deletions, 22 modifications)
2026-09-15 12:25:25 INFO  [boot.tomcat.GracefulShutdown] - Commencing graceful shutdown. Waiting for active requests to complete
2026-09-15 12:25:25 INFO  [coyote.http11.Http11NioProtocol] - Pausing ProtocolHandler ["http-nio-8090"]
2026-09-15 12:25:25 INFO  [boot.tomcat.GracefulShutdown] - Graceful shutdown complete
2026-09-15 12:25:25 INFO  [coyote.http11.Http11NioProtocol] - Stopping ProtocolHandler ["http-nio-8090"]
2026-09-15 12:25:25 INFO  [boot.tomcat.TomcatWebServer] - Tomcat initialized with port 8090 (http)
2026-09-15 12:25:25 INFO  [coyote.http11.Http11NioProtocol] - Initializing ProtocolHandler ["http-nio-8090"]
2026-09-15 12:25:25 INFO  [catalina.core.StandardService] - Starting service [Tomcat]
2026-09-15 12:25:25 INFO  [catalina.core.StandardEngine] - Starting Servlet engine: [Apache Tomcat/11.0.24]
2026-09-15 12:25:25 INFO  [context.servlet.WebApplicationContextInitializer] - Root WebApplicationContext: initialization completed in 245 ms
2026-09-15 12:25:25 WARN  [security.autoconfigure.UserDetailsServiceAutoConfiguration] - 

Using generated security password: 52bae15a-d910-416c-ba0b-3ff0a7470dac

This generated password is for development use only. Your security configuration must be updated before running your application in production.

2026-09-15 12:25:25 INFO  [authentication.configuration.InitializeUserDetailsBeanManagerConfigurer$InitializeUserDetailsManagerConfigurer] - Global AuthenticationManager configured with UserDetailsService bean with name inMemoryUserDetailsManager
2026-09-15 12:25:25 INFO  [coyote.http11.Http11NioProtocol] - Starting ProtocolHandler ["http-nio-8090"]
2026-09-15 12:25:25 INFO  [boot.tomcat.TomcatWebServer] - Tomcat started on port 8090 (http) with context path '/'
2026-09-15 12:25:25 INFO  [devtools.autoconfigure.ConditionEvaluationDeltaLoggingListener] - Condition evaluation unchanged
2026-09-15 12:28:34 INFO  [boot.tomcat.GracefulShutdown] - Commencing graceful shutdown. Waiting for active requests to complete
2026-09-15 12:28:34 INFO  [boot.tomcat.GracefulShutdown] - Graceful shutdown complete
2026-09-15 12:33:19 INFO  [devtools.env.DevToolsPropertyDefaultsPostProcessor] - Devtools property defaults active! Set 'spring.devtools.add-properties' to 'false' to disable
2026-09-15 12:33:19 INFO  [devtools.env.DevToolsPropertyDefaultsPostProcessor] - For additional web related logging consider setting the 'logging.level.web' property to 'DEBUG'
2026-09-15 12:33:20 INFO  [boot.tomcat.TomcatWebServer] - Tomcat initialized with port 8090 (http)
2026-09-15 12:33:20 INFO  [coyote.http11.Http11NioProtocol] - Initializing ProtocolHandler ["http-nio-8090"]
2026-09-15 12:33:20 INFO  [catalina.core.StandardService] - Starting service [Tomcat]
2026-09-15 12:33:20 INFO  [catalina.core.StandardEngine] - Starting Servlet engine: [Apache Tomcat/11.0.24]
2026-09-15 12:33:20 INFO  [context.servlet.WebApplicationContextInitializer] - Root WebApplicationContext: initialization completed in 1097 ms
2026-09-15 12:33:20 WARN  [security.autoconfigure.UserDetailsServiceAutoConfiguration] - 

Using generated security password: 54e78355-976d-4cd6-a3cb-709a3dbbaa9d

This generated password is for development use only. Your security configuration must be updated before running your application in production.

2026-09-15 12:33:20 INFO  [authentication.configuration.InitializeUserDetailsBeanManagerConfigurer$InitializeUserDetailsManagerConfigurer] - Global AuthenticationManager configured with UserDetailsService bean with name inMemoryUserDetailsManager
2026-09-15 12:33:21 INFO  [coyote.http11.Http11NioProtocol] - Starting ProtocolHandler ["http-nio-8090"]
2026-09-15 12:33:21 INFO  [boot.tomcat.TomcatWebServer] - Tomcat started on port 8090 (http) with context path '/'
2026-09-15 12:33:28 INFO  [[Tomcat].[localhost].[/]] - Initializing Spring DispatcherServlet 'dispatcherServlet'
2026-09-15 12:33:28 INFO  [web.servlet.DispatcherServlet] - Initializing Servlet 'dispatcherServlet'
2026-09-15 12:33:28 INFO  [web.servlet.DispatcherServlet] - Completed initialization in 0 ms
2026-09-15 12:33:30 INFO  [zaxxer.hikari.HikariDataSource] - HikariPool-1 - Starting...
2026-09-15 12:33:30 INFO  [hikari.pool.HikariPool] - HikariPool-1 - Added connection com.mysql.cj.jdbc.ConnectionImpl@6129c919
2026-09-15 12:33:30 INFO  [zaxxer.hikari.HikariDataSource] - HikariPool-1 - Start completed.
2026-09-15 12:37:46 INFO  [boot.tomcat.GracefulShutdown] - Commencing graceful shutdown. Waiting for active requests to complete
2026-09-15 12:37:46 INFO  [boot.tomcat.GracefulShutdown] - Graceful shutdown complete
2026-09-15 12:37:46 INFO  [zaxxer.hikari.HikariDataSource] - HikariPool-1 - Shutdown initiated...
2026-09-15 12:37:46 INFO  [zaxxer.hikari.HikariDataSource] - HikariPool-1 - Shutdown completed.
2026-09-15 12:37:49 INFO  [devtools.env.DevToolsPropertyDefaultsPostProcessor] - Devtools property defaults active! Set 'spring.devtools.add-properties' to 'false' to disable
2026-09-15 12:37:49 INFO  [devtools.env.DevToolsPropertyDefaultsPostProcessor] - For additional web related logging consider setting the 'logging.level.web' property to 'DEBUG'
2026-09-15 12:37:50 INFO  [boot.tomcat.TomcatWebServer] - Tomcat initialized with port 8090 (http)
2026-09-15 12:37:50 INFO  [coyote.http11.Http11NioProtocol] - Initializing ProtocolHandler ["http-nio-8090"]
2026-09-15 12:37:50 INFO  [catalina.core.StandardService] - Starting service [Tomcat]
2026-09-15 12:37:50 INFO  [catalina.core.StandardEngine] - Starting Servlet engine: [Apache Tomcat/11.0.24]
2026-09-15 12:37:51 INFO  [context.servlet.WebApplicationContextInitializer] - Root WebApplicationContext: initialization completed in 1322 ms
2026-09-15 12:37:51 WARN  [security.autoconfigure.UserDetailsServiceAutoConfiguration] - 

Using generated security password: 4a42ec01-ecfe-4fdf-b70e-8faee9d4154b

This generated password is for development use only. Your security configuration must be updated before running your application in production.

2026-09-15 12:37:51 INFO  [authentication.configuration.InitializeUserDetailsBeanManagerConfigurer$InitializeUserDetailsManagerConfigurer] - Global AuthenticationManager configured with UserDetailsService bean with name inMemoryUserDetailsManager
2026-09-15 12:37:51 INFO  [coyote.http11.Http11NioProtocol] - Starting ProtocolHandler ["http-nio-8090"]
2026-09-15 12:37:52 INFO  [boot.tomcat.TomcatWebServer] - Tomcat started on port 8090 (http) with context path '/'
2026-09-15 12:40:26 INFO  [devtools.autoconfigure.LocalDevToolsAutoConfiguration$RestartingClassPathChangeChangedEventListener] - Restarting due to 22 class path changes (0 additions, 0 deletions, 22 modifications)
2026-09-15 12:40:26 INFO  [boot.tomcat.GracefulShutdown] - Commencing graceful shutdown. Waiting for active requests to complete
2026-09-15 12:40:26 INFO  [coyote.http11.Http11NioProtocol] - Pausing ProtocolHandler ["http-nio-8090"]
2026-09-15 12:40:26 INFO  [boot.tomcat.GracefulShutdown] - Graceful shutdown complete
2026-09-15 12:40:26 INFO  [coyote.http11.Http11NioProtocol] - Stopping ProtocolHandler ["http-nio-8090"]
2026-09-15 12:40:27 INFO  [boot.tomcat.TomcatWebServer] - Tomcat initialized with port 8090 (http)
2026-09-15 12:40:27 INFO  [coyote.http11.Http11NioProtocol] - Initializing ProtocolHandler ["http-nio-8090"]
2026-09-15 12:40:27 INFO  [catalina.core.StandardService] - Starting service [Tomcat]
2026-09-15 12:40:27 INFO  [catalina.core.StandardEngine] - Starting Servlet engine: [Apache Tomcat/11.0.24]
2026-09-15 12:40:27 INFO  [context.servlet.WebApplicationContextInitializer] - Root WebApplicationContext: initialization completed in 279 ms
2026-09-15 12:40:27 WARN  [security.autoconfigure.UserDetailsServiceAutoConfiguration] - 

Using generated security password: 87161032-4322-42f2-8071-d6c103b4d156

This generated password is for development use only. Your security configuration must be updated before running your application in production.

2026-09-15 12:40:27 INFO  [authentication.configuration.InitializeUserDetailsBeanManagerConfigurer$InitializeUserDetailsManagerConfigurer] - Global AuthenticationManager configured with UserDetailsService bean with name inMemoryUserDetailsManager
2026-09-15 12:40:27 INFO  [coyote.http11.Http11NioProtocol] - Starting ProtocolHandler ["http-nio-8090"]
2026-09-15 12:40:27 INFO  [boot.tomcat.TomcatWebServer] - Tomcat started on port 8090 (http) with context path '/'
2026-09-15 12:40:27 INFO  [devtools.autoconfigure.ConditionEvaluationDeltaLoggingListener] - Condition evaluation unchanged
2026-09-15 12:44:01 INFO  [boot.tomcat.GracefulShutdown] - Commencing graceful shutdown. Waiting for active requests to complete
2026-09-15 12:44:02 INFO  [boot.tomcat.GracefulShutdown] - Graceful shutdown complete
2026-09-16 09:00:00 INFO  [devtools.env.DevToolsPropertyDefaultsPostProcessor] - Devtools property defaults active! Set 'spring.devtools.add-properties' to 'false' to disable
2026-09-16 09:00:00 INFO  [devtools.env.DevToolsPropertyDefaultsPostProcessor] - For additional web related logging consider setting the 'logging.level.web' property to 'DEBUG'
2026-09-16 09:00:02 INFO  [boot.tomcat.TomcatWebServer] - Tomcat initialized with port 8090 (http)
2026-09-16 09:00:02 INFO  [coyote.http11.Http11NioProtocol] - Initializing ProtocolHandler ["http-nio-8090"]
2026-09-16 09:00:02 INFO  [catalina.core.StandardService] - Starting service [Tomcat]
2026-09-16 09:00:02 INFO  [catalina.core.StandardEngine] - Starting Servlet engine: [Apache Tomcat/11.0.24]
2026-09-16 09:00:02 INFO  [context.servlet.WebApplicationContextInitializer] - Root WebApplicationContext: initialization completed in 1833 ms
2026-09-16 09:00:03 WARN  [security.autoconfigure.UserDetailsServiceAutoConfiguration] - 

Using generated security password: 070cd39b-3b21-49a3-aa72-51e9e0b68314

This generated password is for development use only. Your security configuration must be updated before running your application in production.

2026-09-16 09:00:03 INFO  [authentication.configuration.InitializeUserDetailsBeanManagerConfigurer$InitializeUserDetailsManagerConfigurer] - Global AuthenticationManager configured with UserDetailsService bean with name inMemoryUserDetailsManager
2026-09-16 09:00:03 INFO  [coyote.http11.Http11NioProtocol] - Starting ProtocolHandler ["http-nio-8090"]
2026-09-16 09:00:03 INFO  [boot.tomcat.TomcatWebServer] - Tomcat started on port 8090 (http) with context path '/'
2026-09-16 09:01:48 INFO  [[Tomcat].[localhost].[/]] - Initializing Spring DispatcherServlet 'dispatcherServlet'
2026-09-16 09:01:48 INFO  [web.servlet.DispatcherServlet] - Initializing Servlet 'dispatcherServlet'
2026-09-16 09:01:48 INFO  [web.servlet.DispatcherServlet] - Completed initialization in 1 ms
2026-09-16 09:01:57 INFO  [zaxxer.hikari.HikariDataSource] - HikariPool-1 - Starting...
2026-09-16 09:01:57 INFO  [hikari.pool.HikariPool] - HikariPool-1 - Added connection com.mysql.cj.jdbc.ConnectionImpl@5768fd9
2026-09-16 09:01:57 INFO  [zaxxer.hikari.HikariDataSource] - HikariPool-1 - Start completed.
2026-09-16 10:16:01 INFO  [boot.tomcat.GracefulShutdown] - Commencing graceful shutdown. Waiting for active requests to complete
2026-09-16 10:16:01 INFO  [boot.tomcat.GracefulShutdown] - Graceful shutdown complete
2026-09-16 10:16:01 INFO  [zaxxer.hikari.HikariDataSource] - HikariPool-1 - Shutdown initiated...
2026-09-16 10:16:01 INFO  [zaxxer.hikari.HikariDataSource] - HikariPool-1 - Shutdown completed.
2026-09-16 11:11:49 INFO  [devtools.env.DevToolsPropertyDefaultsPostProcessor] - Devtools property defaults active! Set 'spring.devtools.add-properties' to 'false' to disable
2026-09-16 11:11:49 INFO  [devtools.env.DevToolsPropertyDefaultsPostProcessor] - For additional web related logging consider setting the 'logging.level.web' property to 'DEBUG'
2026-09-16 11:11:49 INFO  [repository.config.RepositoryConfigurationDelegate] - Bootstrapping Spring Data JPA repositories in DEFAULT mode.
2026-09-16 11:11:49 INFO  [repository.config.RepositoryConfigurationDelegate] - Finished Spring Data repository scanning in 34 ms. Found 1 JPA repository interface.
2026-09-16 11:11:50 INFO  [boot.tomcat.TomcatWebServer] - Tomcat initialized with port 8090 (http)
2026-09-16 11:11:50 INFO  [coyote.http11.Http11NioProtocol] - Initializing ProtocolHandler ["http-nio-8090"]
2026-09-16 11:11:50 INFO  [catalina.core.StandardService] - Starting service [Tomcat]
2026-09-16 11:11:50 INFO  [catalina.core.StandardEngine] - Starting Servlet engine: [Apache Tomcat/11.0.24]
2026-09-16 11:11:50 INFO  [context.servlet.WebApplicationContextInitializer] - Root WebApplicationContext: initialization completed in 1255 ms
2026-09-16 11:11:50 INFO  [zaxxer.hikari.HikariDataSource] - HikariPool-1 - Starting...
2026-09-16 11:11:50 INFO  [hikari.pool.HikariPool] - HikariPool-1 - Added connection com.mysql.cj.jdbc.ConnectionImpl@23797f82
2026-09-16 11:11:50 INFO  [zaxxer.hikari.HikariDataSource] - HikariPool-1 - Start completed.
2026-09-16 11:11:50 INFO  [hibernate.orm.jpa] - HHH008540: Processing PersistenceUnitInfo [name: default]
2026-09-16 11:11:51 INFO  [hibernate.orm.core] - HHH000001: Hibernate ORM core version 7.4.5.Final
2026-09-16 11:11:51 INFO  [jpa.persistenceunit.SpringPersistenceUnitInfo] - No LoadTimeWeaver setup: ignoring JPA class transformer
2026-09-16 11:11:51 WARN  [hibernate.orm.deprecation] - HHH90000025: MySQLDialect does not need to be specified explicitly using 'hibernate.dialect' (remove the property setting and it will be selected by default)
2026-09-16 11:11:51 INFO  [orm.connections.pooling] - HHH10001005: Database info:
	Database JDBC URL [jdbc:mysql://localhost:3306/DB_CALENDAR]
	Database driver: MySQL Connector/J
	Database dialect: MySQLDialect
	Database version: 8.0.46
	Default catalog/schema: DB_CALENDAR/undefined
	Autocommit mode: undefined/unknown
	Isolation level: REPEATABLE_READ [default REPEATABLE_READ]
	JDBC fetch size: none
	Pool: DataSourceConnectionProvider
	Minimum pool size: undefined/unknown
	Maximum pool size: undefined/unknown
2026-09-16 11:11:52 INFO  [hibernate.orm.core] - HHH000489: No JTA platform available (set 'hibernate.transaction.jta.platform' to enable JTA platform integration)
2026-09-16 11:11:52 INFO  [orm.jpa.LocalContainerEntityManagerFactoryBean] - Initialized JPA EntityManagerFactory for persistence unit 'default'
2026-09-16 11:11:52 INFO  [repository.query.QueryEnhancerFactories] - Hibernate is in classpath; If applicable, HQL parser will be used.
2026-09-16 11:11:52 WARN  [jpa.autoconfigure.JpaBaseConfiguration$JpaWebConfiguration] - spring.jpa.open-in-view is enabled by default. Therefore, database queries may be performed during view rendering. Explicitly configure spring.jpa.open-in-view to disable this warning
2026-09-16 11:11:53 WARN  [security.autoconfigure.UserDetailsServiceAutoConfiguration] - 

Using generated security password: 9add1b92-1eed-4fdf-9104-c4c673a16cf1

This generated password is for development use only. Your security configuration must be updated before running your application in production.

2026-09-16 11:11:53 INFO  [authentication.configuration.InitializeUserDetailsBeanManagerConfigurer$InitializeUserDetailsManagerConfigurer] - Global AuthenticationManager configured with UserDetailsService bean with name inMemoryUserDetailsManager
2026-09-16 11:11:53 INFO  [coyote.http11.Http11NioProtocol] - Starting ProtocolHandler ["http-nio-8090"]
2026-09-16 11:11:53 INFO  [boot.tomcat.TomcatWebServer] - Tomcat started on port 8090 (http) with context path '/'
2026-09-16 11:12:21 INFO  [[Tomcat].[localhost].[/]] - Initializing Spring DispatcherServlet 'dispatcherServlet'
2026-09-16 11:12:21 INFO  [web.servlet.DispatcherServlet] - Initializing Servlet 'dispatcherServlet'
2026-09-16 11:12:21 INFO  [web.servlet.DispatcherServlet] - Completed initialization in 1 ms
2026-09-16 11:16:04 INFO  [devtools.autoconfigure.LocalDevToolsAutoConfiguration$RestartingClassPathChangeChangedEventListener] - Restarting due to 2 class path changes (0 additions, 2 deletions, 0 modifications)
2026-09-16 11:16:04 INFO  [boot.tomcat.GracefulShutdown] - Commencing graceful shutdown. Waiting for active requests to complete
2026-09-16 11:16:04 INFO  [coyote.http11.Http11NioProtocol] - Pausing ProtocolHandler ["http-nio-8090"]
2026-09-16 11:16:04 INFO  [boot.tomcat.GracefulShutdown] - Graceful shutdown complete
2026-09-16 11:16:04 INFO  [coyote.http11.Http11NioProtocol] - Stopping ProtocolHandler ["http-nio-8090"]
2026-09-16 11:16:04 INFO  [orm.jpa.LocalContainerEntityManagerFactoryBean] - Closing JPA EntityManagerFactory for persistence unit 'default'
2026-09-16 11:16:04 INFO  [zaxxer.hikari.HikariDataSource] - HikariPool-1 - Shutdown initiated...
2026-09-16 11:16:04 INFO  [zaxxer.hikari.HikariDataSource] - HikariPool-1 - Shutdown completed.
2026-09-16 11:16:04 INFO  [repository.config.RepositoryConfigurationDelegate] - Bootstrapping Spring Data JPA repositories in DEFAULT mode.
2026-09-16 11:16:04 INFO  [repository.config.RepositoryConfigurationDelegate] - Finished Spring Data repository scanning in 8 ms. Found 1 JPA repository interface.
2026-09-16 11:16:04 INFO  [boot.tomcat.TomcatWebServer] - Tomcat initialized with port 8090 (http)
2026-09-16 11:16:04 INFO  [coyote.http11.Http11NioProtocol] - Initializing ProtocolHandler ["http-nio-8090"]
2026-09-16 11:16:04 INFO  [catalina.core.StandardService] - Starting service [Tomcat]
2026-09-16 11:16:04 INFO  [catalina.core.StandardEngine] - Starting Servlet engine: [Apache Tomcat/11.0.24]
2026-09-16 11:16:05 INFO  [context.servlet.WebApplicationContextInitializer] - Root WebApplicationContext: initialization completed in 344 ms
2026-09-16 11:16:05 INFO  [zaxxer.hikari.HikariDataSource] - HikariPool-2 - Starting...
2026-09-16 11:16:05 INFO  [hikari.pool.HikariPool] - HikariPool-2 - Added connection com.mysql.cj.jdbc.ConnectionImpl@716b0faf
2026-09-16 11:16:05 INFO  [zaxxer.hikari.HikariDataSource] - HikariPool-2 - Start completed.
2026-09-16 11:16:05 INFO  [hibernate.orm.jpa] - HHH008540: Processing PersistenceUnitInfo [name: default]
2026-09-16 11:16:05 INFO  [jpa.persistenceunit.SpringPersistenceUnitInfo] - No LoadTimeWeaver setup: ignoring JPA class transformer
2026-09-16 11:16:05 WARN  [hibernate.orm.deprecation] - HHH90000025: MySQLDialect does not need to be specified explicitly using 'hibernate.dialect' (remove the property setting and it will be selected by default)
2026-09-16 11:16:05 INFO  [orm.connections.pooling] - HHH10001005: Database info:
	Database JDBC URL [jdbc:mysql://localhost:3306/DB_CALENDAR]
	Database driver: MySQL Connector/J
	Database dialect: MySQLDialect
	Database version: 8.0.46
	Default catalog/schema: DB_CALENDAR/undefined
	Autocommit mode: undefined/unknown
	Isolation level: REPEATABLE_READ [default REPEATABLE_READ]
	JDBC fetch size: none
	Pool: DataSourceConnectionProvider
	Minimum pool size: undefined/unknown
	Maximum pool size: undefined/unknown
2026-09-16 11:16:05 INFO  [hibernate.orm.core] - HHH000489: No JTA platform available (set 'hibernate.transaction.jta.platform' to enable JTA platform integration)
2026-09-16 11:16:05 INFO  [orm.jpa.LocalContainerEntityManagerFactoryBean] - Initialized JPA EntityManagerFactory for persistence unit 'default'
2026-09-16 11:16:05 WARN  [jpa.autoconfigure.JpaBaseConfiguration$JpaWebConfiguration] - spring.jpa.open-in-view is enabled by default. Therefore, database queries may be performed during view rendering. Explicitly configure spring.jpa.open-in-view to disable this warning
2026-09-16 11:16:05 WARN  [security.autoconfigure.UserDetailsServiceAutoConfiguration] - 

Using generated security password: e93f16f2-bdb0-4ee0-931e-d020e3addae4

This generated password is for development use only. Your security configuration must be updated before running your application in production.

2026-09-16 11:16:05 INFO  [authentication.configuration.InitializeUserDetailsBeanManagerConfigurer$InitializeUserDetailsManagerConfigurer] - Global AuthenticationManager configured with UserDetailsService bean with name inMemoryUserDetailsManager
2026-09-16 11:16:05 INFO  [coyote.http11.Http11NioProtocol] - Starting ProtocolHandler ["http-nio-8090"]
2026-09-16 11:16:05 INFO  [boot.tomcat.TomcatWebServer] - Tomcat started on port 8090 (http) with context path '/'
2026-09-16 11:16:05 INFO  [devtools.autoconfigure.ConditionEvaluationDeltaLoggingListener] - Condition evaluation unchanged
2026-09-16 11:16:06 INFO  [devtools.autoconfigure.LocalDevToolsAutoConfiguration$RestartingClassPathChangeChangedEventListener] - Restarting due to 2 class path changes (2 additions, 0 deletions, 0 modifications)
2026-09-16 11:16:06 INFO  [boot.tomcat.GracefulShutdown] - Commencing graceful shutdown. Waiting for active requests to complete
2026-09-16 11:16:06 INFO  [coyote.http11.Http11NioProtocol] - Pausing ProtocolHandler ["http-nio-8090"]
2026-09-16 11:16:07 INFO  [boot.tomcat.GracefulShutdown] - Graceful shutdown complete
2026-09-16 11:16:07 INFO  [coyote.http11.Http11NioProtocol] - Stopping ProtocolHandler ["http-nio-8090"]
2026-09-16 11:16:07 INFO  [orm.jpa.LocalContainerEntityManagerFactoryBean] - Closing JPA EntityManagerFactory for persistence unit 'default'
2026-09-16 11:16:07 INFO  [zaxxer.hikari.HikariDataSource] - HikariPool-2 - Shutdown initiated...
2026-09-16 11:16:07 INFO  [zaxxer.hikari.HikariDataSource] - HikariPool-2 - Shutdown completed.
2026-09-16 11:16:07 INFO  [repository.config.RepositoryConfigurationDelegate] - Bootstrapping Spring Data JPA repositories in DEFAULT mode.
2026-09-16 11:16:07 INFO  [repository.config.RepositoryConfigurationDelegate] - Finished Spring Data repository scanning in 6 ms. Found 1 JPA repository interface.
2026-09-16 11:16:07 INFO  [boot.tomcat.TomcatWebServer] - Tomcat initialized with port 8090 (http)
2026-09-16 11:16:07 INFO  [coyote.http11.Http11NioProtocol] - Initializing ProtocolHandler ["http-nio-8090"]
2026-09-16 11:16:07 INFO  [catalina.core.StandardService] - Starting service [Tomcat]
2026-09-16 11:16:07 INFO  [catalina.core.StandardEngine] - Starting Servlet engine: [Apache Tomcat/11.0.24]
2026-09-16 11:16:07 INFO  [context.servlet.WebApplicationContextInitializer] - Root WebApplicationContext: initialization completed in 308 ms
2026-09-16 11:16:07 INFO  [zaxxer.hikari.HikariDataSource] - HikariPool-3 - Starting...
2026-09-16 11:16:07 INFO  [hikari.pool.HikariPool] - HikariPool-3 - Added connection com.mysql.cj.jdbc.ConnectionImpl@2366d544
2026-09-16 11:16:07 INFO  [zaxxer.hikari.HikariDataSource] - HikariPool-3 - Start completed.
2026-09-16 11:16:07 INFO  [hibernate.orm.jpa] - HHH008540: Processing PersistenceUnitInfo [name: default]
2026-09-16 11:16:07 INFO  [jpa.persistenceunit.SpringPersistenceUnitInfo] - No LoadTimeWeaver setup: ignoring JPA class transformer
2026-09-16 11:16:07 WARN  [hibernate.orm.deprecation] - HHH90000025: MySQLDialect does not need to be specified explicitly using 'hibernate.dialect' (remove the property setting and it will be selected by default)
2026-09-16 11:16:07 INFO  [orm.connections.pooling] - HHH10001005: Database info:
	Database JDBC URL [jdbc:mysql://localhost:3306/DB_CALENDAR]
	Database driver: MySQL Connector/J
	Database dialect: MySQLDialect
	Database version: 8.0.46
	Default catalog/schema: DB_CALENDAR/undefined
	Autocommit mode: undefined/unknown
	Isolation level: REPEATABLE_READ [default REPEATABLE_READ]
	JDBC fetch size: none
	Pool: DataSourceConnectionProvider
	Minimum pool size: undefined/unknown
	Maximum pool size: undefined/unknown
2026-09-16 11:16:07 INFO  [hibernate.orm.core] - HHH000489: No JTA platform available (set 'hibernate.transaction.jta.platform' to enable JTA platform integration)
2026-09-16 11:16:07 INFO  [orm.jpa.LocalContainerEntityManagerFactoryBean] - Initialized JPA EntityManagerFactory for persistence unit 'default'
2026-09-16 11:16:07 WARN  [jpa.autoconfigure.JpaBaseConfiguration$JpaWebConfiguration] - spring.jpa.open-in-view is enabled by default. Therefore, database queries may be performed during view rendering. Explicitly configure spring.jpa.open-in-view to disable this warning
2026-09-16 11:16:07 WARN  [security.autoconfigure.UserDetailsServiceAutoConfiguration] - 

Using generated security password: be32a3a9-f820-445a-887d-88eb16fae9df

This generated password is for development use only. Your security configuration must be updated before running your application in production.

2026-09-16 11:16:07 INFO  [authentication.configuration.InitializeUserDetailsBeanManagerConfigurer$InitializeUserDetailsManagerConfigurer] - Global AuthenticationManager configured with UserDetailsService bean with name inMemoryUserDetailsManager
2026-09-16 11:16:07 INFO  [coyote.http11.Http11NioProtocol] - Starting ProtocolHandler ["http-nio-8090"]
2026-09-16 11:16:07 INFO  [boot.tomcat.TomcatWebServer] - Tomcat started on port 8090 (http) with context path '/'
2026-09-16 11:16:07 INFO  [devtools.autoconfigure.ConditionEvaluationDeltaLoggingListener] - Condition evaluation unchanged
2026-09-16 11:20:47 INFO  [devtools.autoconfigure.LocalDevToolsAutoConfiguration$RestartingClassPathChangeChangedEventListener] - Restarting due to 3 class path changes (0 additions, 3 deletions, 0 modifications)
2026-09-16 11:20:47 INFO  [boot.tomcat.GracefulShutdown] - Commencing graceful shutdown. Waiting for active requests to complete
2026-09-16 11:20:47 INFO  [coyote.http11.Http11NioProtocol] - Pausing ProtocolHandler ["http-nio-8090"]
2026-09-16 11:20:47 INFO  [boot.tomcat.GracefulShutdown] - Graceful shutdown complete
2026-09-16 11:20:47 INFO  [coyote.http11.Http11NioProtocol] - Stopping ProtocolHandler ["http-nio-8090"]
2026-09-16 11:20:47 INFO  [orm.jpa.LocalContainerEntityManagerFactoryBean] - Closing JPA EntityManagerFactory for persistence unit 'default'
2026-09-16 11:20:47 INFO  [zaxxer.hikari.HikariDataSource] - HikariPool-3 - Shutdown initiated...
2026-09-16 11:20:47 INFO  [zaxxer.hikari.HikariDataSource] - HikariPool-3 - Shutdown completed.
2026-09-16 11:20:47 INFO  [repository.config.RepositoryConfigurationDelegate] - Bootstrapping Spring Data JPA repositories in DEFAULT mode.
2026-09-16 11:20:47 INFO  [repository.config.RepositoryConfigurationDelegate] - Finished Spring Data repository scanning in 6 ms. Found 1 JPA repository interface.
2026-09-16 11:20:47 INFO  [boot.tomcat.TomcatWebServer] - Tomcat initialized with port 8090 (http)
2026-09-16 11:20:47 INFO  [coyote.http11.Http11NioProtocol] - Initializing ProtocolHandler ["http-nio-8090"]
2026-09-16 11:20:47 INFO  [catalina.core.StandardService] - Starting service [Tomcat]
2026-09-16 11:20:47 INFO  [catalina.core.StandardEngine] - Starting Servlet engine: [Apache Tomcat/11.0.24]
2026-09-16 11:20:47 INFO  [context.servlet.WebApplicationContextInitializer] - Root WebApplicationContext: initialization completed in 280 ms
2026-09-16 11:20:47 INFO  [zaxxer.hikari.HikariDataSource] - HikariPool-4 - Starting...
2026-09-16 11:20:47 INFO  [hikari.pool.HikariPool] - HikariPool-4 - Added connection com.mysql.cj.jdbc.ConnectionImpl@755a3775
2026-09-16 11:20:47 INFO  [zaxxer.hikari.HikariDataSource] - HikariPool-4 - Start completed.
2026-09-16 11:20:47 INFO  [hibernate.orm.jpa] - HHH008540: Processing PersistenceUnitInfo [name: default]
2026-09-16 11:20:47 INFO  [jpa.persistenceunit.SpringPersistenceUnitInfo] - No LoadTimeWeaver setup: ignoring JPA class transformer
2026-09-16 11:20:47 WARN  [hibernate.orm.deprecation] - HHH90000025: MySQLDialect does not need to be specified explicitly using 'hibernate.dialect' (remove the property setting and it will be selected by default)
2026-09-16 11:20:47 INFO  [orm.connections.pooling] - HHH10001005: Database info:
	Database JDBC URL [jdbc:mysql://localhost:3306/DB_CALENDAR]
	Database driver: MySQL Connector/J
	Database dialect: MySQLDialect
	Database version: 8.0.46
	Default catalog/schema: DB_CALENDAR/undefined
	Autocommit mode: undefined/unknown
	Isolation level: REPEATABLE_READ [default REPEATABLE_READ]
	JDBC fetch size: none
	Pool: DataSourceConnectionProvider
	Minimum pool size: undefined/unknown
	Maximum pool size: undefined/unknown
2026-09-16 11:20:47 INFO  [hibernate.orm.core] - HHH000489: No JTA platform available (set 'hibernate.transaction.jta.platform' to enable JTA platform integration)
2026-09-16 11:20:47 INFO  [orm.jpa.LocalContainerEntityManagerFactoryBean] - Initialized JPA EntityManagerFactory for persistence unit 'default'
2026-09-16 11:20:47 WARN  [jpa.autoconfigure.JpaBaseConfiguration$JpaWebConfiguration] - spring.jpa.open-in-view is enabled by default. Therefore, database queries may be performed during view rendering. Explicitly configure spring.jpa.open-in-view to disable this warning
2026-09-16 11:20:47 WARN  [security.autoconfigure.UserDetailsServiceAutoConfiguration] - 

Using generated security password: f0e05023-38d7-4ee5-8724-0bf99365497a

This generated password is for development use only. Your security configuration must be updated before running your application in production.

2026-09-16 11:20:47 INFO  [authentication.configuration.InitializeUserDetailsBeanManagerConfigurer$InitializeUserDetailsManagerConfigurer] - Global AuthenticationManager configured with UserDetailsService bean with name inMemoryUserDetailsManager
2026-09-16 11:20:48 INFO  [coyote.http11.Http11NioProtocol] - Starting ProtocolHandler ["http-nio-8090"]
2026-09-16 11:20:48 INFO  [boot.tomcat.TomcatWebServer] - Tomcat started on port 8090 (http) with context path '/'
2026-09-16 11:20:48 INFO  [devtools.autoconfigure.ConditionEvaluationDeltaLoggingListener] - Condition evaluation unchanged
2026-09-16 11:20:49 INFO  [devtools.autoconfigure.LocalDevToolsAutoConfiguration$RestartingClassPathChangeChangedEventListener] - Restarting due to 3 class path changes (3 additions, 0 deletions, 0 modifications)
2026-09-16 11:20:49 INFO  [boot.tomcat.GracefulShutdown] - Commencing graceful shutdown. Waiting for active requests to complete
2026-09-16 11:20:49 INFO  [coyote.http11.Http11NioProtocol] - Pausing ProtocolHandler ["http-nio-8090"]
2026-09-16 11:20:49 INFO  [boot.tomcat.GracefulShutdown] - Graceful shutdown complete
2026-09-16 11:20:49 INFO  [coyote.http11.Http11NioProtocol] - Stopping ProtocolHandler ["http-nio-8090"]
2026-09-16 11:20:49 INFO  [orm.jpa.LocalContainerEntityManagerFactoryBean] - Closing JPA EntityManagerFactory for persistence unit 'default'
2026-09-16 11:20:49 INFO  [zaxxer.hikari.HikariDataSource] - HikariPool-4 - Shutdown initiated...
2026-09-16 11:20:49 INFO  [zaxxer.hikari.HikariDataSource] - HikariPool-4 - Shutdown completed.
2026-09-16 11:20:50 INFO  [repository.config.RepositoryConfigurationDelegate] - Bootstrapping Spring Data JPA repositories in DEFAULT mode.
2026-09-16 11:20:50 INFO  [repository.config.RepositoryConfigurationDelegate] - Finished Spring Data repository scanning in 6 ms. Found 1 JPA repository interface.
2026-09-16 11:20:50 INFO  [boot.tomcat.TomcatWebServer] - Tomcat initialized with port 8090 (http)
2026-09-16 11:20:50 INFO  [coyote.http11.Http11NioProtocol] - Initializing ProtocolHandler ["http-nio-8090"]
2026-09-16 11:20:50 INFO  [catalina.core.StandardService] - Starting service [Tomcat]
2026-09-16 11:20:50 INFO  [catalina.core.StandardEngine] - Starting Servlet engine: [Apache Tomcat/11.0.24]
2026-09-16 11:20:50 INFO  [context.servlet.WebApplicationContextInitializer] - Root WebApplicationContext: initialization completed in 275 ms
2026-09-16 11:20:50 INFO  [zaxxer.hikari.HikariDataSource] - HikariPool-5 - Starting...
2026-09-16 11:20:50 INFO  [hikari.pool.HikariPool] - HikariPool-5 - Added connection com.mysql.cj.jdbc.ConnectionImpl@543503ec
2026-09-16 11:20:50 INFO  [zaxxer.hikari.HikariDataSource] - HikariPool-5 - Start completed.
2026-09-16 11:20:50 INFO  [hibernate.orm.jpa] - HHH008540: Processing PersistenceUnitInfo [name: default]
2026-09-16 11:20:50 INFO  [jpa.persistenceunit.SpringPersistenceUnitInfo] - No LoadTimeWeaver setup: ignoring JPA class transformer
2026-09-16 11:20:50 WARN  [hibernate.orm.deprecation] - HHH90000025: MySQLDialect does not need to be specified explicitly using 'hibernate.dialect' (remove the property setting and it will be selected by default)
2026-09-16 11:20:50 INFO  [orm.connections.pooling] - HHH10001005: Database info:
	Database JDBC URL [jdbc:mysql://localhost:3306/DB_CALENDAR]
	Database driver: MySQL Connector/J
	Database dialect: MySQLDialect
	Database version: 8.0.46
	Default catalog/schema: DB_CALENDAR/undefined
	Autocommit mode: undefined/unknown
	Isolation level: REPEATABLE_READ [default REPEATABLE_READ]
	JDBC fetch size: none
	Pool: DataSourceConnectionProvider
	Minimum pool size: undefined/unknown
	Maximum pool size: undefined/unknown
2026-09-16 11:20:50 INFO  [hibernate.orm.core] - HHH000489: No JTA platform available (set 'hibernate.transaction.jta.platform' to enable JTA platform integration)
2026-09-16 11:20:50 INFO  [orm.jpa.LocalContainerEntityManagerFactoryBean] - Initialized JPA EntityManagerFactory for persistence unit 'default'
2026-09-16 11:20:50 WARN  [jpa.autoconfigure.JpaBaseConfiguration$JpaWebConfiguration] - spring.jpa.open-in-view is enabled by default. Therefore, database queries may be performed during view rendering. Explicitly configure spring.jpa.open-in-view to disable this warning
2026-09-16 11:20:50 WARN  [security.autoconfigure.UserDetailsServiceAutoConfiguration] - 

Using generated security password: 937462eb-1257-4212-a94d-c2270f945b55

This generated password is for development use only. Your security configuration must be updated before running your application in production.

2026-09-16 11:20:50 INFO  [authentication.configuration.InitializeUserDetailsBeanManagerConfigurer$InitializeUserDetailsManagerConfigurer] - Global AuthenticationManager configured with UserDetailsService bean with name inMemoryUserDetailsManager
2026-09-16 11:20:50 INFO  [coyote.http11.Http11NioProtocol] - Starting ProtocolHandler ["http-nio-8090"]
2026-09-16 11:20:50 INFO  [boot.tomcat.TomcatWebServer] - Tomcat started on port 8090 (http) with context path '/'
2026-09-16 11:20:50 INFO  [devtools.autoconfigure.ConditionEvaluationDeltaLoggingListener] - Condition evaluation unchanged
2026-09-16 11:25:16 INFO  [devtools.autoconfigure.LocalDevToolsAutoConfiguration$RestartingClassPathChangeChangedEventListener] - Restarting due to 3 class path changes (0 additions, 3 deletions, 0 modifications)
2026-09-16 11:25:16 INFO  [boot.tomcat.GracefulShutdown] - Commencing graceful shutdown. Waiting for active requests to complete
2026-09-16 11:25:16 INFO  [coyote.http11.Http11NioProtocol] - Pausing ProtocolHandler ["http-nio-8090"]
2026-09-16 11:25:16 INFO  [boot.tomcat.GracefulShutdown] - Graceful shutdown complete
2026-09-16 11:25:16 INFO  [coyote.http11.Http11NioProtocol] - Stopping ProtocolHandler ["http-nio-8090"]
2026-09-16 11:25:16 INFO  [orm.jpa.LocalContainerEntityManagerFactoryBean] - Closing JPA EntityManagerFactory for persistence unit 'default'
2026-09-16 11:25:16 INFO  [zaxxer.hikari.HikariDataSource] - HikariPool-5 - Shutdown initiated...
2026-09-16 11:25:16 INFO  [zaxxer.hikari.HikariDataSource] - HikariPool-5 - Shutdown completed.
2026-09-16 11:25:17 INFO  [repository.config.RepositoryConfigurationDelegate] - Bootstrapping Spring Data JPA repositories in DEFAULT mode.
2026-09-16 11:25:17 INFO  [repository.config.RepositoryConfigurationDelegate] - Finished Spring Data repository scanning in 7 ms. Found 1 JPA repository interface.
2026-09-16 11:25:17 INFO  [boot.tomcat.TomcatWebServer] - Tomcat initialized with port 8090 (http)
2026-09-16 11:25:17 INFO  [coyote.http11.Http11NioProtocol] - Initializing ProtocolHandler ["http-nio-8090"]
2026-09-16 11:25:17 INFO  [catalina.core.StandardService] - Starting service [Tomcat]
2026-09-16 11:25:17 INFO  [catalina.core.StandardEngine] - Starting Servlet engine: [Apache Tomcat/11.0.24]
2026-09-16 11:25:17 INFO  [context.servlet.WebApplicationContextInitializer] - Root WebApplicationContext: initialization completed in 311 ms
2026-09-16 11:25:17 INFO  [zaxxer.hikari.HikariDataSource] - HikariPool-6 - Starting...
2026-09-16 11:25:17 INFO  [hikari.pool.HikariPool] - HikariPool-6 - Added connection com.mysql.cj.jdbc.ConnectionImpl@7ef14b33
2026-09-16 11:25:17 INFO  [zaxxer.hikari.HikariDataSource] - HikariPool-6 - Start completed.
2026-09-16 11:25:17 INFO  [hibernate.orm.jpa] - HHH008540: Processing PersistenceUnitInfo [name: default]
2026-09-16 11:25:17 INFO  [jpa.persistenceunit.SpringPersistenceUnitInfo] - No LoadTimeWeaver setup: ignoring JPA class transformer
2026-09-16 11:25:17 WARN  [hibernate.orm.deprecation] - HHH90000025: MySQLDialect does not need to be specified explicitly using 'hibernate.dialect' (remove the property setting and it will be selected by default)
2026-09-16 11:25:17 INFO  [orm.connections.pooling] - HHH10001005: Database info:
	Database JDBC URL [jdbc:mysql://localhost:3306/DB_CALENDAR]
	Database driver: MySQL Connector/J
	Database dialect: MySQLDialect
	Database version: 8.0.46
	Default catalog/schema: DB_CALENDAR/undefined
	Autocommit mode: undefined/unknown
	Isolation level: REPEATABLE_READ [default REPEATABLE_READ]
	JDBC fetch size: none
	Pool: DataSourceConnectionProvider
	Minimum pool size: undefined/unknown
	Maximum pool size: undefined/unknown
2026-09-16 11:25:17 INFO  [hibernate.orm.core] - HHH000489: No JTA platform available (set 'hibernate.transaction.jta.platform' to enable JTA platform integration)
2026-09-16 11:25:17 INFO  [orm.jpa.LocalContainerEntityManagerFactoryBean] - Initialized JPA EntityManagerFactory for persistence unit 'default'
2026-09-16 11:25:17 WARN  [jpa.autoconfigure.JpaBaseConfiguration$JpaWebConfiguration] - spring.jpa.open-in-view is enabled by default. Therefore, database queries may be performed during view rendering. Explicitly configure spring.jpa.open-in-view to disable this warning
2026-09-16 11:25:17 WARN  [security.autoconfigure.UserDetailsServiceAutoConfiguration] - 

Using generated security password: 4c5615d7-c6fa-4ae4-86da-b47dc7ff04d2

This generated password is for development use only. Your security configuration must be updated before running your application in production.

2026-09-16 11:25:17 INFO  [authentication.configuration.InitializeUserDetailsBeanManagerConfigurer$InitializeUserDetailsManagerConfigurer] - Global AuthenticationManager configured with UserDetailsService bean with name inMemoryUserDetailsManager
2026-09-16 11:25:17 INFO  [coyote.http11.Http11NioProtocol] - Starting ProtocolHandler ["http-nio-8090"]
2026-09-16 11:25:17 INFO  [boot.tomcat.TomcatWebServer] - Tomcat started on port 8090 (http) with context path '/'
2026-09-16 11:25:17 INFO  [devtools.autoconfigure.ConditionEvaluationDeltaLoggingListener] - Condition evaluation unchanged
2026-09-16 11:25:19 INFO  [devtools.autoconfigure.LocalDevToolsAutoConfiguration$RestartingClassPathChangeChangedEventListener] - Restarting due to 3 class path changes (3 additions, 0 deletions, 0 modifications)
2026-09-16 11:25:19 INFO  [boot.tomcat.GracefulShutdown] - Commencing graceful shutdown. Waiting for active requests to complete
2026-09-16 11:25:19 INFO  [coyote.http11.Http11NioProtocol] - Pausing ProtocolHandler ["http-nio-8090"]
2026-09-16 11:25:19 INFO  [boot.tomcat.GracefulShutdown] - Graceful shutdown complete
2026-09-16 11:25:19 INFO  [coyote.http11.Http11NioProtocol] - Stopping ProtocolHandler ["http-nio-8090"]
2026-09-16 11:25:19 INFO  [orm.jpa.LocalContainerEntityManagerFactoryBean] - Closing JPA EntityManagerFactory for persistence unit 'default'
2026-09-16 11:25:19 INFO  [zaxxer.hikari.HikariDataSource] - HikariPool-6 - Shutdown initiated...
2026-09-16 11:25:19 INFO  [zaxxer.hikari.HikariDataSource] - HikariPool-6 - Shutdown completed.
2026-09-16 11:25:19 INFO  [repository.config.RepositoryConfigurationDelegate] - Bootstrapping Spring Data JPA repositories in DEFAULT mode.
2026-09-16 11:25:19 INFO  [repository.config.RepositoryConfigurationDelegate] - Finished Spring Data repository scanning in 5 ms. Found 1 JPA repository interface.
2026-09-16 11:25:19 INFO  [boot.tomcat.TomcatWebServer] - Tomcat initialized with port 8090 (http)
2026-09-16 11:25:19 INFO  [coyote.http11.Http11NioProtocol] - Initializing ProtocolHandler ["http-nio-8090"]
2026-09-16 11:25:19 INFO  [catalina.core.StandardService] - Starting service [Tomcat]
2026-09-16 11:25:19 INFO  [catalina.core.StandardEngine] - Starting Servlet engine: [Apache Tomcat/11.0.24]
2026-09-16 11:25:19 INFO  [context.servlet.WebApplicationContextInitializer] - Root WebApplicationContext: initialization completed in 260 ms
2026-09-16 11:25:19 INFO  [zaxxer.hikari.HikariDataSource] - HikariPool-7 - Starting...
2026-09-16 11:25:19 INFO  [hikari.pool.HikariPool] - HikariPool-7 - Added connection com.mysql.cj.jdbc.ConnectionImpl@791abc4a
2026-09-16 11:25:19 INFO  [zaxxer.hikari.HikariDataSource] - HikariPool-7 - Start completed.
2026-09-16 11:25:19 INFO  [hibernate.orm.jpa] - HHH008540: Processing PersistenceUnitInfo [name: default]
2026-09-16 11:25:19 INFO  [jpa.persistenceunit.SpringPersistenceUnitInfo] - No LoadTimeWeaver setup: ignoring JPA class transformer
2026-09-16 11:25:19 WARN  [hibernate.orm.deprecation] - HHH90000025: MySQLDialect does not need to be specified explicitly using 'hibernate.dialect' (remove the property setting and it will be selected by default)
2026-09-16 11:25:19 INFO  [orm.connections.pooling] - HHH10001005: Database info:
	Database JDBC URL [jdbc:mysql://localhost:3306/DB_CALENDAR]
	Database driver: MySQL Connector/J
	Database dialect: MySQLDialect
	Database version: 8.0.46
	Default catalog/schema: DB_CALENDAR/undefined
	Autocommit mode: undefined/unknown
	Isolation level: REPEATABLE_READ [default REPEATABLE_READ]
	JDBC fetch size: none
	Pool: DataSourceConnectionProvider
	Minimum pool size: undefined/unknown
	Maximum pool size: undefined/unknown
2026-09-16 11:25:19 INFO  [hibernate.orm.core] - HHH000489: No JTA platform available (set 'hibernate.transaction.jta.platform' to enable JTA platform integration)
2026-09-16 11:25:19 INFO  [orm.jpa.LocalContainerEntityManagerFactoryBean] - Initialized JPA EntityManagerFactory for persistence unit 'default'
2026-09-16 11:25:20 WARN  [jpa.autoconfigure.JpaBaseConfiguration$JpaWebConfiguration] - spring.jpa.open-in-view is enabled by default. Therefore, database queries may be performed during view rendering. Explicitly configure spring.jpa.open-in-view to disable this warning
2026-09-16 11:25:20 WARN  [security.autoconfigure.UserDetailsServiceAutoConfiguration] - 

Using generated security password: abd1aa1e-3665-40f1-8ea6-55c2fab57405

This generated password is for development use only. Your security configuration must be updated before running your application in production.

2026-09-16 11:25:20 INFO  [authentication.configuration.InitializeUserDetailsBeanManagerConfigurer$InitializeUserDetailsManagerConfigurer] - Global AuthenticationManager configured with UserDetailsService bean with name inMemoryUserDetailsManager
2026-09-16 11:25:20 INFO  [coyote.http11.Http11NioProtocol] - Starting ProtocolHandler ["http-nio-8090"]
2026-09-16 11:25:20 INFO  [boot.tomcat.TomcatWebServer] - Tomcat started on port 8090 (http) with context path '/'
2026-09-16 11:25:20 INFO  [devtools.autoconfigure.ConditionEvaluationDeltaLoggingListener] - Condition evaluation unchanged
2026-09-16 11:27:58 INFO  [boot.tomcat.GracefulShutdown] - Commencing graceful shutdown. Waiting for active requests to complete
2026-09-16 11:27:58 INFO  [boot.tomcat.GracefulShutdown] - Graceful shutdown complete
2026-09-16 11:27:58 INFO  [orm.jpa.LocalContainerEntityManagerFactoryBean] - Closing JPA EntityManagerFactory for persistence unit 'default'
2026-09-16 11:27:58 INFO  [zaxxer.hikari.HikariDataSource] - HikariPool-7 - Shutdown initiated...
2026-09-16 11:27:58 INFO  [zaxxer.hikari.HikariDataSource] - HikariPool-7 - Shutdown completed.
2026-09-16 11:28:01 INFO  [devtools.env.DevToolsPropertyDefaultsPostProcessor] - Devtools property defaults active! Set 'spring.devtools.add-properties' to 'false' to disable
2026-09-16 11:28:01 INFO  [devtools.env.DevToolsPropertyDefaultsPostProcessor] - For additional web related logging consider setting the 'logging.level.web' property to 'DEBUG'
2026-09-16 11:28:02 INFO  [repository.config.RepositoryConfigurationDelegate] - Bootstrapping Spring Data JPA repositories in DEFAULT mode.
2026-09-16 11:28:02 INFO  [repository.config.RepositoryConfigurationDelegate] - Finished Spring Data repository scanning in 34 ms. Found 1 JPA repository interface.
2026-09-16 11:28:02 INFO  [boot.tomcat.TomcatWebServer] - Tomcat initialized with port 8090 (http)
2026-09-16 11:28:03 INFO  [coyote.http11.Http11NioProtocol] - Initializing ProtocolHandler ["http-nio-8090"]
2026-09-16 11:28:03 INFO  [catalina.core.StandardService] - Starting service [Tomcat]
2026-09-16 11:28:03 INFO  [catalina.core.StandardEngine] - Starting Servlet engine: [Apache Tomcat/11.0.24]
2026-09-16 11:28:03 INFO  [context.servlet.WebApplicationContextInitializer] - Root WebApplicationContext: initialization completed in 1288 ms
2026-09-16 11:28:03 INFO  [zaxxer.hikari.HikariDataSource] - HikariPool-1 - Starting...
2026-09-16 11:28:03 INFO  [hikari.pool.HikariPool] - HikariPool-1 - Added connection com.mysql.cj.jdbc.ConnectionImpl@4136c831
2026-09-16 11:28:03 INFO  [zaxxer.hikari.HikariDataSource] - HikariPool-1 - Start completed.
2026-09-16 11:28:03 INFO  [hibernate.orm.jpa] - HHH008540: Processing PersistenceUnitInfo [name: default]
2026-09-16 11:28:03 INFO  [hibernate.orm.core] - HHH000001: Hibernate ORM core version 7.4.5.Final
2026-09-16 11:28:04 INFO  [jpa.persistenceunit.SpringPersistenceUnitInfo] - No LoadTimeWeaver setup: ignoring JPA class transformer
2026-09-16 11:28:04 WARN  [hibernate.orm.deprecation] - HHH90000025: MySQLDialect does not need to be specified explicitly using 'hibernate.dialect' (remove the property setting and it will be selected by default)
2026-09-16 11:28:04 INFO  [orm.connections.pooling] - HHH10001005: Database info:
	Database JDBC URL [jdbc:mysql://localhost:3306/DB_CALENDAR]
	Database driver: MySQL Connector/J
	Database dialect: MySQLDialect
	Database version: 8.0.46
	Default catalog/schema: DB_CALENDAR/undefined
	Autocommit mode: undefined/unknown
	Isolation level: REPEATABLE_READ [default REPEATABLE_READ]
	JDBC fetch size: none
	Pool: DataSourceConnectionProvider
	Minimum pool size: undefined/unknown
	Maximum pool size: undefined/unknown
2026-09-16 11:28:05 INFO  [hibernate.orm.core] - HHH000489: No JTA platform available (set 'hibernate.transaction.jta.platform' to enable JTA platform integration)
2026-09-16 11:28:05 INFO  [orm.jpa.LocalContainerEntityManagerFactoryBean] - Initialized JPA EntityManagerFactory for persistence unit 'default'
2026-09-16 11:28:05 INFO  [repository.query.QueryEnhancerFactories] - Hibernate is in classpath; If applicable, HQL parser will be used.
2026-09-16 11:28:05 WARN  [jpa.autoconfigure.JpaBaseConfiguration$JpaWebConfiguration] - spring.jpa.open-in-view is enabled by default. Therefore, database queries may be performed during view rendering. Explicitly configure spring.jpa.open-in-view to disable this warning
2026-09-16 11:28:05 WARN  [security.autoconfigure.UserDetailsServiceAutoConfiguration] - 

Using generated security password: 6b1871ea-685d-4016-9a5c-0279248952a1

This generated password is for development use only. Your security configuration must be updated before running your application in production.

2026-09-16 11:28:05 INFO  [authentication.configuration.InitializeUserDetailsBeanManagerConfigurer$InitializeUserDetailsManagerConfigurer] - Global AuthenticationManager configured with UserDetailsService bean with name inMemoryUserDetailsManager
2026-09-16 11:28:06 INFO  [coyote.http11.Http11NioProtocol] - Starting ProtocolHandler ["http-nio-8090"]
2026-09-16 11:28:06 INFO  [boot.tomcat.TomcatWebServer] - Tomcat started on port 8090 (http) with context path '/'
2026-09-16 11:28:15 INFO  [[Tomcat].[localhost].[/]] - Initializing Spring DispatcherServlet 'dispatcherServlet'
2026-09-16 11:28:15 INFO  [web.servlet.DispatcherServlet] - Initializing Servlet 'dispatcherServlet'
2026-09-16 11:28:15 INFO  [web.servlet.DispatcherServlet] - Completed initialization in 1 ms
2026-09-16 11:28:57 INFO  [devtools.autoconfigure.LocalDevToolsAutoConfiguration$RestartingClassPathChangeChangedEventListener] - Restarting due to 2 class path changes (0 additions, 0 deletions, 2 modifications)
2026-09-16 11:28:57 INFO  [boot.tomcat.GracefulShutdown] - Commencing graceful shutdown. Waiting for active requests to complete
2026-09-16 11:28:57 INFO  [coyote.http11.Http11NioProtocol] - Pausing ProtocolHandler ["http-nio-8090"]
2026-09-16 11:28:57 INFO  [boot.tomcat.GracefulShutdown] - Graceful shutdown complete
2026-09-16 11:28:57 INFO  [coyote.http11.Http11NioProtocol] - Stopping ProtocolHandler ["http-nio-8090"]
2026-09-16 11:28:57 INFO  [orm.jpa.LocalContainerEntityManagerFactoryBean] - Closing JPA EntityManagerFactory for persistence unit 'default'
2026-09-16 11:28:57 INFO  [zaxxer.hikari.HikariDataSource] - HikariPool-1 - Shutdown initiated...
2026-09-16 11:28:57 INFO  [zaxxer.hikari.HikariDataSource] - HikariPool-1 - Shutdown completed.
2026-09-16 11:28:57 INFO  [repository.config.RepositoryConfigurationDelegate] - Bootstrapping Spring Data JPA repositories in DEFAULT mode.
2026-09-16 11:28:57 INFO  [repository.config.RepositoryConfigurationDelegate] - Finished Spring Data repository scanning in 7 ms. Found 1 JPA repository interface.
2026-09-16 11:28:57 INFO  [boot.tomcat.TomcatWebServer] - Tomcat initialized with port 8090 (http)
2026-09-16 11:28:57 INFO  [coyote.http11.Http11NioProtocol] - Initializing ProtocolHandler ["http-nio-8090"]
2026-09-16 11:28:57 INFO  [catalina.core.StandardService] - Starting service [Tomcat]
2026-09-16 11:28:57 INFO  [catalina.core.StandardEngine] - Starting Servlet engine: [Apache Tomcat/11.0.24]
2026-09-16 11:28:57 INFO  [context.servlet.WebApplicationContextInitializer] - Root WebApplicationContext: initialization completed in 301 ms
2026-09-16 11:28:58 INFO  [zaxxer.hikari.HikariDataSource] - HikariPool-2 - Starting...
2026-09-16 11:28:58 INFO  [hikari.pool.HikariPool] - HikariPool-2 - Added connection com.mysql.cj.jdbc.ConnectionImpl@5f22e175
2026-09-16 11:28:58 INFO  [zaxxer.hikari.HikariDataSource] - HikariPool-2 - Start completed.
2026-09-16 11:28:58 INFO  [hibernate.orm.jpa] - HHH008540: Processing PersistenceUnitInfo [name: default]
2026-09-16 11:28:58 INFO  [jpa.persistenceunit.SpringPersistenceUnitInfo] - No LoadTimeWeaver setup: ignoring JPA class transformer
2026-09-16 11:28:58 WARN  [hibernate.orm.deprecation] - HHH90000025: MySQLDialect does not need to be specified explicitly using 'hibernate.dialect' (remove the property setting and it will be selected by default)
2026-09-16 11:28:58 INFO  [orm.connections.pooling] - HHH10001005: Database info:
	Database JDBC URL [jdbc:mysql://localhost:3306/DB_CALENDAR]
	Database driver: MySQL Connector/J
	Database dialect: MySQLDialect
	Database version: 8.0.46
	Default catalog/schema: DB_CALENDAR/undefined
	Autocommit mode: undefined/unknown
	Isolation level: REPEATABLE_READ [default REPEATABLE_READ]
	JDBC fetch size: none
	Pool: DataSourceConnectionProvider
	Minimum pool size: undefined/unknown
	Maximum pool size: undefined/unknown
2026-09-16 11:28:58 INFO  [hibernate.orm.core] - HHH000489: No JTA platform available (set 'hibernate.transaction.jta.platform' to enable JTA platform integration)
2026-09-16 11:28:58 INFO  [orm.jpa.LocalContainerEntityManagerFactoryBean] - Initialized JPA EntityManagerFactory for persistence unit 'default'
2026-09-16 11:28:58 WARN  [jpa.autoconfigure.JpaBaseConfiguration$JpaWebConfiguration] - spring.jpa.open-in-view is enabled by default. Therefore, database queries may be performed during view rendering. Explicitly configure spring.jpa.open-in-view to disable this warning
2026-09-16 11:28:58 WARN  [security.autoconfigure.UserDetailsServiceAutoConfiguration] - 

Using generated security password: 836e7254-2dbd-4e9c-9207-8580f4c3fb56

This generated password is for development use only. Your security configuration must be updated before running your application in production.

2026-09-16 11:28:58 INFO  [authentication.configuration.InitializeUserDetailsBeanManagerConfigurer$InitializeUserDetailsManagerConfigurer] - Global AuthenticationManager configured with UserDetailsService bean with name inMemoryUserDetailsManager
2026-09-16 11:28:58 INFO  [coyote.http11.Http11NioProtocol] - Starting ProtocolHandler ["http-nio-8090"]
2026-09-16 11:28:58 INFO  [boot.tomcat.TomcatWebServer] - Tomcat started on port 8090 (http) with context path '/'
2026-09-16 11:28:58 INFO  [devtools.autoconfigure.ConditionEvaluationDeltaLoggingListener] - Condition evaluation unchanged
2026-09-16 11:34:30 INFO  [boot.tomcat.GracefulShutdown] - Commencing graceful shutdown. Waiting for active requests to complete
2026-09-16 11:34:31 INFO  [boot.tomcat.GracefulShutdown] - Graceful shutdown complete
2026-09-16 11:34:31 INFO  [orm.jpa.LocalContainerEntityManagerFactoryBean] - Closing JPA EntityManagerFactory for persistence unit 'default'
2026-09-16 11:34:31 INFO  [zaxxer.hikari.HikariDataSource] - HikariPool-2 - Shutdown initiated...
2026-09-16 11:34:31 INFO  [zaxxer.hikari.HikariDataSource] - HikariPool-2 - Shutdown completed.
2026-09-16 11:34:35 INFO  [devtools.env.DevToolsPropertyDefaultsPostProcessor] - Devtools property defaults active! Set 'spring.devtools.add-properties' to 'false' to disable
2026-09-16 11:34:35 INFO  [devtools.env.DevToolsPropertyDefaultsPostProcessor] - For additional web related logging consider setting the 'logging.level.web' property to 'DEBUG'
2026-09-16 11:34:35 INFO  [repository.config.RepositoryConfigurationDelegate] - Bootstrapping Spring Data JPA repositories in DEFAULT mode.
2026-09-16 11:34:35 INFO  [repository.config.RepositoryConfigurationDelegate] - Finished Spring Data repository scanning in 34 ms. Found 1 JPA repository interface.
2026-09-16 11:34:36 INFO  [boot.tomcat.TomcatWebServer] - Tomcat initialized with port 8090 (http)
2026-09-16 11:34:36 INFO  [coyote.http11.Http11NioProtocol] - Initializing ProtocolHandler ["http-nio-8090"]
2026-09-16 11:34:36 INFO  [catalina.core.StandardService] - Starting service [Tomcat]
2026-09-16 11:34:36 INFO  [catalina.core.StandardEngine] - Starting Servlet engine: [Apache Tomcat/11.0.24]
2026-09-16 11:34:36 INFO  [context.servlet.WebApplicationContextInitializer] - Root WebApplicationContext: initialization completed in 1261 ms
2026-09-16 11:34:36 INFO  [zaxxer.hikari.HikariDataSource] - HikariPool-1 - Starting...
2026-09-16 11:34:36 INFO  [hikari.pool.HikariPool] - HikariPool-1 - Added connection com.mysql.cj.jdbc.ConnectionImpl@6815cb6d
2026-09-16 11:34:36 INFO  [zaxxer.hikari.HikariDataSource] - HikariPool-1 - Start completed.
2026-09-16 11:34:36 INFO  [hibernate.orm.jpa] - HHH008540: Processing PersistenceUnitInfo [name: default]
2026-09-16 11:34:36 INFO  [hibernate.orm.core] - HHH000001: Hibernate ORM core version 7.4.5.Final
2026-09-16 11:34:37 INFO  [jpa.persistenceunit.SpringPersistenceUnitInfo] - No LoadTimeWeaver setup: ignoring JPA class transformer
2026-09-16 11:34:37 WARN  [hibernate.orm.deprecation] - HHH90000025: MySQLDialect does not need to be specified explicitly using 'hibernate.dialect' (remove the property setting and it will be selected by default)
2026-09-16 11:34:37 INFO  [orm.connections.pooling] - HHH10001005: Database info:
	Database JDBC URL [jdbc:mysql://localhost:3306/DB_CALENDAR]
	Database driver: MySQL Connector/J
	Database dialect: MySQLDialect
	Database version: 8.0.46
	Default catalog/schema: DB_CALENDAR/undefined
	Autocommit mode: undefined/unknown
	Isolation level: REPEATABLE_READ [default REPEATABLE_READ]
	JDBC fetch size: none
	Pool: DataSourceConnectionProvider
	Minimum pool size: undefined/unknown
	Maximum pool size: undefined/unknown
2026-09-16 11:34:38 INFO  [hibernate.orm.core] - HHH000489: No JTA platform available (set 'hibernate.transaction.jta.platform' to enable JTA platform integration)
2026-09-16 11:34:38 INFO  [orm.jpa.LocalContainerEntityManagerFactoryBean] - Initialized JPA EntityManagerFactory for persistence unit 'default'
2026-09-16 11:34:38 INFO  [repository.query.QueryEnhancerFactories] - Hibernate is in classpath; If applicable, HQL parser will be used.
2026-09-16 11:34:39 WARN  [jpa.autoconfigure.JpaBaseConfiguration$JpaWebConfiguration] - spring.jpa.open-in-view is enabled by default. Therefore, database queries may be performed during view rendering. Explicitly configure spring.jpa.open-in-view to disable this warning
2026-09-16 11:34:39 WARN  [security.autoconfigure.UserDetailsServiceAutoConfiguration] - 

Using generated security password: a3e87c49-9483-4951-b8c7-2f1462bd33b1

This generated password is for development use only. Your security configuration must be updated before running your application in production.

2026-09-16 11:34:39 INFO  [authentication.configuration.InitializeUserDetailsBeanManagerConfigurer$InitializeUserDetailsManagerConfigurer] - Global AuthenticationManager configured with UserDetailsService bean with name inMemoryUserDetailsManager
2026-09-16 11:34:39 INFO  [coyote.http11.Http11NioProtocol] - Starting ProtocolHandler ["http-nio-8090"]
2026-09-16 11:34:39 INFO  [boot.tomcat.TomcatWebServer] - Tomcat started on port 8090 (http) with context path '/'
2026-09-16 11:34:41 INFO  [[Tomcat].[localhost].[/]] - Initializing Spring DispatcherServlet 'dispatcherServlet'
2026-09-16 11:34:41 INFO  [web.servlet.DispatcherServlet] - Initializing Servlet 'dispatcherServlet'
2026-09-16 11:34:41 INFO  [web.servlet.DispatcherServlet] - Completed initialization in 1 ms
2026-09-16 11:42:10 INFO  [devtools.autoconfigure.LocalDevToolsAutoConfiguration$RestartingClassPathChangeChangedEventListener] - Restarting due to 2 class path changes (0 additions, 0 deletions, 2 modifications)
2026-09-16 11:42:10 INFO  [boot.tomcat.GracefulShutdown] - Commencing graceful shutdown. Waiting for active requests to complete
2026-09-16 11:42:10 INFO  [coyote.http11.Http11NioProtocol] - Pausing ProtocolHandler ["http-nio-8090"]
2026-09-16 11:42:10 INFO  [boot.tomcat.GracefulShutdown] - Graceful shutdown complete
2026-09-16 11:42:10 INFO  [coyote.http11.Http11NioProtocol] - Stopping ProtocolHandler ["http-nio-8090"]
2026-09-16 11:42:10 INFO  [orm.jpa.LocalContainerEntityManagerFactoryBean] - Closing JPA EntityManagerFactory for persistence unit 'default'
2026-09-16 11:42:10 INFO  [zaxxer.hikari.HikariDataSource] - HikariPool-1 - Shutdown initiated...
2026-09-16 11:42:11 INFO  [zaxxer.hikari.HikariDataSource] - HikariPool-1 - Shutdown completed.
2026-09-16 11:42:11 INFO  [repository.config.RepositoryConfigurationDelegate] - Bootstrapping Spring Data JPA repositories in DEFAULT mode.
2026-09-16 11:42:11 INFO  [repository.config.RepositoryConfigurationDelegate] - Finished Spring Data repository scanning in 7 ms. Found 1 JPA repository interface.
2026-09-16 11:42:11 INFO  [boot.tomcat.TomcatWebServer] - Tomcat initialized with port 8090 (http)
2026-09-16 11:42:11 INFO  [coyote.http11.Http11NioProtocol] - Initializing ProtocolHandler ["http-nio-8090"]
2026-09-16 11:42:11 INFO  [catalina.core.StandardService] - Starting service [Tomcat]
2026-09-16 11:42:11 INFO  [catalina.core.StandardEngine] - Starting Servlet engine: [Apache Tomcat/11.0.24]
2026-09-16 11:42:11 INFO  [context.servlet.WebApplicationContextInitializer] - Root WebApplicationContext: initialization completed in 316 ms
2026-09-16 11:42:11 INFO  [zaxxer.hikari.HikariDataSource] - HikariPool-2 - Starting...
2026-09-16 11:42:11 INFO  [hikari.pool.HikariPool] - HikariPool-2 - Added connection com.mysql.cj.jdbc.ConnectionImpl@26563c1
2026-09-16 11:42:11 INFO  [zaxxer.hikari.HikariDataSource] - HikariPool-2 - Start completed.
2026-09-16 11:42:11 INFO  [hibernate.orm.jpa] - HHH008540: Processing PersistenceUnitInfo [name: default]
2026-09-16 11:42:11 INFO  [jpa.persistenceunit.SpringPersistenceUnitInfo] - No LoadTimeWeaver setup: ignoring JPA class transformer
2026-09-16 11:42:11 WARN  [hibernate.orm.deprecation] - HHH90000025: MySQLDialect does not need to be specified explicitly using 'hibernate.dialect' (remove the property setting and it will be selected by default)
2026-09-16 11:42:11 INFO  [orm.connections.pooling] - HHH10001005: Database info:
	Database JDBC URL [jdbc:mysql://localhost:3306/DB_CALENDAR]
	Database driver: MySQL Connector/J
	Database dialect: MySQLDialect
	Database version: 8.0.46
	Default catalog/schema: DB_CALENDAR/undefined
	Autocommit mode: undefined/unknown
	Isolation level: REPEATABLE_READ [default REPEATABLE_READ]
	JDBC fetch size: none
	Pool: DataSourceConnectionProvider
	Minimum pool size: undefined/unknown
	Maximum pool size: undefined/unknown
2026-09-16 11:42:11 INFO  [hibernate.orm.core] - HHH000489: No JTA platform available (set 'hibernate.transaction.jta.platform' to enable JTA platform integration)
2026-09-16 11:42:11 INFO  [orm.jpa.LocalContainerEntityManagerFactoryBean] - Initialized JPA EntityManagerFactory for persistence unit 'default'
2026-09-16 11:42:11 WARN  [jpa.autoconfigure.JpaBaseConfiguration$JpaWebConfiguration] - spring.jpa.open-in-view is enabled by default. Therefore, database queries may be performed during view rendering. Explicitly configure spring.jpa.open-in-view to disable this warning
2026-09-16 11:42:11 WARN  [security.autoconfigure.UserDetailsServiceAutoConfiguration] - 

Using generated security password: b5be795a-3e0a-46e7-919d-aa163bad2133

This generated password is for development use only. Your security configuration must be updated before running your application in production.

2026-09-16 11:42:11 INFO  [authentication.configuration.InitializeUserDetailsBeanManagerConfigurer$InitializeUserDetailsManagerConfigurer] - Global AuthenticationManager configured with UserDetailsService bean with name inMemoryUserDetailsManager
2026-09-16 11:42:11 INFO  [coyote.http11.Http11NioProtocol] - Starting ProtocolHandler ["http-nio-8090"]
2026-09-16 11:42:11 INFO  [boot.tomcat.TomcatWebServer] - Tomcat started on port 8090 (http) with context path '/'
2026-09-16 11:42:11 INFO  [devtools.autoconfigure.ConditionEvaluationDeltaLoggingListener] - Condition evaluation unchanged
2026-09-16 11:42:54 INFO  [[Tomcat].[localhost].[/]] - Initializing Spring DispatcherServlet 'dispatcherServlet'
2026-09-16 11:42:54 INFO  [web.servlet.DispatcherServlet] - Initializing Servlet 'dispatcherServlet'
2026-09-16 11:42:54 INFO  [web.servlet.DispatcherServlet] - Completed initialization in 1 ms
2026-09-16 11:43:09 INFO  [boot.tomcat.GracefulShutdown] - Commencing graceful shutdown. Waiting for active requests to complete
2026-09-16 11:43:09 INFO  [boot.tomcat.GracefulShutdown] - Graceful shutdown complete
2026-09-16 11:43:09 INFO  [orm.jpa.LocalContainerEntityManagerFactoryBean] - Closing JPA EntityManagerFactory for persistence unit 'default'
2026-09-16 11:43:09 INFO  [zaxxer.hikari.HikariDataSource] - HikariPool-2 - Shutdown initiated...
2026-09-16 11:43:09 INFO  [zaxxer.hikari.HikariDataSource] - HikariPool-2 - Shutdown completed.
2026-09-16 11:43:12 INFO  [devtools.env.DevToolsPropertyDefaultsPostProcessor] - Devtools property defaults active! Set 'spring.devtools.add-properties' to 'false' to disable
2026-09-16 11:43:12 INFO  [devtools.env.DevToolsPropertyDefaultsPostProcessor] - For additional web related logging consider setting the 'logging.level.web' property to 'DEBUG'
2026-09-16 11:43:12 INFO  [repository.config.RepositoryConfigurationDelegate] - Bootstrapping Spring Data JPA repositories in DEFAULT mode.
2026-09-16 11:43:12 INFO  [repository.config.RepositoryConfigurationDelegate] - Finished Spring Data repository scanning in 33 ms. Found 1 JPA repository interface.
2026-09-16 11:43:13 INFO  [boot.tomcat.TomcatWebServer] - Tomcat initialized with port 8090 (http)
2026-09-16 11:43:13 INFO  [coyote.http11.Http11NioProtocol] - Initializing ProtocolHandler ["http-nio-8090"]
2026-09-16 11:43:13 INFO  [catalina.core.StandardService] - Starting service [Tomcat]
2026-09-16 11:43:13 INFO  [catalina.core.StandardEngine] - Starting Servlet engine: [Apache Tomcat/11.0.24]
2026-09-16 11:43:13 INFO  [context.servlet.WebApplicationContextInitializer] - Root WebApplicationContext: initialization completed in 1250 ms
2026-09-16 11:43:13 INFO  [zaxxer.hikari.HikariDataSource] - HikariPool-1 - Starting...
2026-09-16 11:43:13 INFO  [hikari.pool.HikariPool] - HikariPool-1 - Added connection com.mysql.cj.jdbc.ConnectionImpl@26a3f3b2
2026-09-16 11:43:13 INFO  [zaxxer.hikari.HikariDataSource] - HikariPool-1 - Start completed.
2026-09-16 11:43:13 INFO  [hibernate.orm.jpa] - HHH008540: Processing PersistenceUnitInfo [name: default]
2026-09-16 11:43:13 INFO  [hibernate.orm.core] - HHH000001: Hibernate ORM core version 7.4.5.Final
2026-09-16 11:43:14 INFO  [jpa.persistenceunit.SpringPersistenceUnitInfo] - No LoadTimeWeaver setup: ignoring JPA class transformer
2026-09-16 11:43:14 WARN  [hibernate.orm.deprecation] - HHH90000025: MySQLDialect does not need to be specified explicitly using 'hibernate.dialect' (remove the property setting and it will be selected by default)
2026-09-16 11:43:14 INFO  [orm.connections.pooling] - HHH10001005: Database info:
	Database JDBC URL [jdbc:mysql://localhost:3306/DB_CALENDAR]
	Database driver: MySQL Connector/J
	Database dialect: MySQLDialect
	Database version: 8.0.46
	Default catalog/schema: DB_CALENDAR/undefined
	Autocommit mode: undefined/unknown
	Isolation level: REPEATABLE_READ [default REPEATABLE_READ]
	JDBC fetch size: none
	Pool: DataSourceConnectionProvider
	Minimum pool size: undefined/unknown
	Maximum pool size: undefined/unknown
2026-09-16 11:43:15 INFO  [hibernate.orm.core] - HHH000489: No JTA platform available (set 'hibernate.transaction.jta.platform' to enable JTA platform integration)
2026-09-16 11:43:15 INFO  [orm.jpa.LocalContainerEntityManagerFactoryBean] - Initialized JPA EntityManagerFactory for persistence unit 'default'
2026-09-16 11:43:15 INFO  [repository.query.QueryEnhancerFactories] - Hibernate is in classpath; If applicable, HQL parser will be used.
2026-09-16 11:43:15 WARN  [jpa.autoconfigure.JpaBaseConfiguration$JpaWebConfiguration] - spring.jpa.open-in-view is enabled by default. Therefore, database queries may be performed during view rendering. Explicitly configure spring.jpa.open-in-view to disable this warning
2026-09-16 11:43:15 WARN  [security.autoconfigure.UserDetailsServiceAutoConfiguration] - 

Using generated security password: b49cf306-d26c-4442-978b-658128e9a244

This generated password is for development use only. Your security configuration must be updated before running your application in production.

2026-09-16 11:43:15 INFO  [authentication.configuration.InitializeUserDetailsBeanManagerConfigurer$InitializeUserDetailsManagerConfigurer] - Global AuthenticationManager configured with UserDetailsService bean with name inMemoryUserDetailsManager
2026-09-16 11:43:16 INFO  [coyote.http11.Http11NioProtocol] - Starting ProtocolHandler ["http-nio-8090"]
2026-09-16 11:43:16 INFO  [boot.tomcat.TomcatWebServer] - Tomcat started on port 8090 (http) with context path '/'
2026-09-16 11:43:20 INFO  [[Tomcat].[localhost].[/]] - Initializing Spring DispatcherServlet 'dispatcherServlet'
2026-09-16 11:43:20 INFO  [web.servlet.DispatcherServlet] - Initializing Servlet 'dispatcherServlet'
2026-09-16 11:43:20 INFO  [web.servlet.DispatcherServlet] - Completed initialization in 1 ms
2026-09-16 11:45:45 INFO  [devtools.autoconfigure.LocalDevToolsAutoConfiguration$RestartingClassPathChangeChangedEventListener] - Restarting due to 2 class path changes (0 additions, 2 deletions, 0 modifications)
2026-09-16 11:45:45 INFO  [boot.tomcat.GracefulShutdown] - Commencing graceful shutdown. Waiting for active requests to complete
2026-09-16 11:45:45 INFO  [coyote.http11.Http11NioProtocol] - Pausing ProtocolHandler ["http-nio-8090"]
2026-09-16 11:45:45 INFO  [boot.tomcat.GracefulShutdown] - Graceful shutdown complete
2026-09-16 11:45:45 INFO  [coyote.http11.Http11NioProtocol] - Stopping ProtocolHandler ["http-nio-8090"]
2026-09-16 11:45:45 INFO  [orm.jpa.LocalContainerEntityManagerFactoryBean] - Closing JPA EntityManagerFactory for persistence unit 'default'
2026-09-16 11:45:45 INFO  [zaxxer.hikari.HikariDataSource] - HikariPool-1 - Shutdown initiated...
2026-09-16 11:45:45 INFO  [zaxxer.hikari.HikariDataSource] - HikariPool-1 - Shutdown completed.
2026-09-16 11:45:45 INFO  [repository.config.RepositoryConfigurationDelegate] - Bootstrapping Spring Data JPA repositories in DEFAULT mode.
2026-09-16 11:45:45 INFO  [repository.config.RepositoryConfigurationDelegate] - Finished Spring Data repository scanning in 8 ms. Found 1 JPA repository interface.
2026-09-16 11:45:46 INFO  [boot.tomcat.TomcatWebServer] - Tomcat initialized with port 8090 (http)
2026-09-16 11:45:46 INFO  [coyote.http11.Http11NioProtocol] - Initializing ProtocolHandler ["http-nio-8090"]
2026-09-16 11:45:46 INFO  [catalina.core.StandardService] - Starting service [Tomcat]
2026-09-16 11:45:46 INFO  [catalina.core.StandardEngine] - Starting Servlet engine: [Apache Tomcat/11.0.24]
2026-09-16 11:45:46 INFO  [context.servlet.WebApplicationContextInitializer] - Root WebApplicationContext: initialization completed in 301 ms
2026-09-16 11:45:46 INFO  [zaxxer.hikari.HikariDataSource] - HikariPool-2 - Starting...
2026-09-16 11:45:46 INFO  [hikari.pool.HikariPool] - HikariPool-2 - Added connection com.mysql.cj.jdbc.ConnectionImpl@58884199
2026-09-16 11:45:46 INFO  [zaxxer.hikari.HikariDataSource] - HikariPool-2 - Start completed.
2026-09-16 11:45:46 INFO  [hibernate.orm.jpa] - HHH008540: Processing PersistenceUnitInfo [name: default]
2026-09-16 11:45:46 INFO  [jpa.persistenceunit.SpringPersistenceUnitInfo] - No LoadTimeWeaver setup: ignoring JPA class transformer
2026-09-16 11:45:46 WARN  [hibernate.orm.deprecation] - HHH90000025: MySQLDialect does not need to be specified explicitly using 'hibernate.dialect' (remove the property setting and it will be selected by default)
2026-09-16 11:45:46 INFO  [orm.connections.pooling] - HHH10001005: Database info:
	Database JDBC URL [jdbc:mysql://localhost:3306/DB_CALENDAR]
	Database driver: MySQL Connector/J
	Database dialect: MySQLDialect
	Database version: 8.0.46
	Default catalog/schema: DB_CALENDAR/undefined
	Autocommit mode: undefined/unknown
	Isolation level: REPEATABLE_READ [default REPEATABLE_READ]
	JDBC fetch size: none
	Pool: DataSourceConnectionProvider
	Minimum pool size: undefined/unknown
	Maximum pool size: undefined/unknown
2026-09-16 11:45:46 INFO  [hibernate.orm.core] - HHH000489: No JTA platform available (set 'hibernate.transaction.jta.platform' to enable JTA platform integration)
2026-09-16 11:45:46 INFO  [orm.jpa.LocalContainerEntityManagerFactoryBean] - Initialized JPA EntityManagerFactory for persistence unit 'default'
2026-09-16 11:45:46 WARN  [jpa.autoconfigure.JpaBaseConfiguration$JpaWebConfiguration] - spring.jpa.open-in-view is enabled by default. Therefore, database queries may be performed during view rendering. Explicitly configure spring.jpa.open-in-view to disable this warning
2026-09-16 11:45:46 WARN  [security.autoconfigure.UserDetailsServiceAutoConfiguration] - 

Using generated security password: 7bb5ffd5-b0fe-4feb-973c-f57b40a2f281

This generated password is for development use only. Your security configuration must be updated before running your application in production.

2026-09-16 11:45:46 INFO  [authentication.configuration.InitializeUserDetailsBeanManagerConfigurer$InitializeUserDetailsManagerConfigurer] - Global AuthenticationManager configured with UserDetailsService bean with name inMemoryUserDetailsManager
2026-09-16 11:45:46 INFO  [coyote.http11.Http11NioProtocol] - Starting ProtocolHandler ["http-nio-8090"]
2026-09-16 11:45:46 INFO  [boot.tomcat.TomcatWebServer] - Tomcat started on port 8090 (http) with context path '/'
2026-09-16 11:45:46 INFO  [devtools.autoconfigure.ConditionEvaluationDeltaLoggingListener] - Condition evaluation unchanged
2026-09-16 11:45:46 INFO  [boot.tomcat.GracefulShutdown] - Commencing graceful shutdown. Waiting for active requests to complete
2026-09-16 11:45:46 INFO  [boot.tomcat.GracefulShutdown] - Graceful shutdown complete
2026-09-16 11:45:46 INFO  [orm.jpa.LocalContainerEntityManagerFactoryBean] - Closing JPA EntityManagerFactory for persistence unit 'default'
2026-09-16 11:45:46 INFO  [zaxxer.hikari.HikariDataSource] - HikariPool-2 - Shutdown initiated...
2026-09-16 11:45:46 INFO  [zaxxer.hikari.HikariDataSource] - HikariPool-2 - Shutdown completed.
2026-09-16 11:45:49 INFO  [devtools.env.DevToolsPropertyDefaultsPostProcessor] - Devtools property defaults active! Set 'spring.devtools.add-properties' to 'false' to disable
2026-09-16 11:45:49 INFO  [devtools.env.DevToolsPropertyDefaultsPostProcessor] - For additional web related logging consider setting the 'logging.level.web' property to 'DEBUG'
2026-09-16 11:45:50 INFO  [repository.config.RepositoryConfigurationDelegate] - Bootstrapping Spring Data JPA repositories in DEFAULT mode.
2026-09-16 11:45:50 INFO  [repository.config.RepositoryConfigurationDelegate] - Finished Spring Data repository scanning in 32 ms. Found 1 JPA repository interface.
2026-09-16 11:45:50 INFO  [boot.tomcat.TomcatWebServer] - Tomcat initialized with port 8090 (http)
2026-09-16 11:45:50 INFO  [coyote.http11.Http11NioProtocol] - Initializing ProtocolHandler ["http-nio-8090"]
2026-09-16 11:45:50 INFO  [catalina.core.StandardService] - Starting service [Tomcat]
2026-09-16 11:45:50 INFO  [catalina.core.StandardEngine] - Starting Servlet engine: [Apache Tomcat/11.0.24]
2026-09-16 11:45:50 INFO  [context.servlet.WebApplicationContextInitializer] - Root WebApplicationContext: initialization completed in 1265 ms
2026-09-16 11:45:51 INFO  [zaxxer.hikari.HikariDataSource] - HikariPool-1 - Starting...
2026-09-16 11:45:51 INFO  [hikari.pool.HikariPool] - HikariPool-1 - Added connection com.mysql.cj.jdbc.ConnectionImpl@3d25e9f9
2026-09-16 11:45:51 INFO  [zaxxer.hikari.HikariDataSource] - HikariPool-1 - Start completed.
2026-09-16 11:45:51 INFO  [hibernate.orm.jpa] - HHH008540: Processing PersistenceUnitInfo [name: default]
2026-09-16 11:45:51 INFO  [hibernate.orm.core] - HHH000001: Hibernate ORM core version 7.4.5.Final
2026-09-16 11:45:52 INFO  [jpa.persistenceunit.SpringPersistenceUnitInfo] - No LoadTimeWeaver setup: ignoring JPA class transformer
2026-09-16 11:45:52 WARN  [hibernate.orm.deprecation] - HHH90000025: MySQLDialect does not need to be specified explicitly using 'hibernate.dialect' (remove the property setting and it will be selected by default)
2026-09-16 11:45:52 INFO  [orm.connections.pooling] - HHH10001005: Database info:
	Database JDBC URL [jdbc:mysql://localhost:3306/DB_CALENDAR]
	Database driver: MySQL Connector/J
	Database dialect: MySQLDialect
	Database version: 8.0.46
	Default catalog/schema: DB_CALENDAR/undefined
	Autocommit mode: undefined/unknown
	Isolation level: REPEATABLE_READ [default REPEATABLE_READ]
	JDBC fetch size: none
	Pool: DataSourceConnectionProvider
	Minimum pool size: undefined/unknown
	Maximum pool size: undefined/unknown
2026-09-16 11:45:53 INFO  [hibernate.orm.core] - HHH000489: No JTA platform available (set 'hibernate.transaction.jta.platform' to enable JTA platform integration)
2026-09-16 11:45:53 INFO  [orm.jpa.LocalContainerEntityManagerFactoryBean] - Initialized JPA EntityManagerFactory for persistence unit 'default'
2026-09-16 11:45:53 INFO  [repository.query.QueryEnhancerFactories] - Hibernate is in classpath; If applicable, HQL parser will be used.
2026-09-16 11:45:53 WARN  [jpa.autoconfigure.JpaBaseConfiguration$JpaWebConfiguration] - spring.jpa.open-in-view is enabled by default. Therefore, database queries may be performed during view rendering. Explicitly configure spring.jpa.open-in-view to disable this warning
2026-09-16 11:45:53 WARN  [security.autoconfigure.UserDetailsServiceAutoConfiguration] - 

Using generated security password: 39c50d65-a5ff-440b-b693-3d598d45814a

This generated password is for development use only. Your security configuration must be updated before running your application in production.

2026-09-16 11:45:53 INFO  [authentication.configuration.InitializeUserDetailsBeanManagerConfigurer$InitializeUserDetailsManagerConfigurer] - Global AuthenticationManager configured with UserDetailsService bean with name inMemoryUserDetailsManager
2026-09-16 11:45:54 INFO  [coyote.http11.Http11NioProtocol] - Starting ProtocolHandler ["http-nio-8090"]
2026-09-16 11:45:54 INFO  [boot.tomcat.TomcatWebServer] - Tomcat started on port 8090 (http) with context path '/'
2026-09-16 11:45:54 INFO  [[Tomcat].[localhost].[/]] - Initializing Spring DispatcherServlet 'dispatcherServlet'
2026-09-16 11:45:54 INFO  [web.servlet.DispatcherServlet] - Initializing Servlet 'dispatcherServlet'
2026-09-16 11:45:54 INFO  [web.servlet.DispatcherServlet] - Completed initialization in 1 ms
2026-09-16 11:48:52 INFO  [devtools.autoconfigure.LocalDevToolsAutoConfiguration$RestartingClassPathChangeChangedEventListener] - Restarting due to 2 class path changes (0 additions, 2 deletions, 0 modifications)
2026-09-16 11:48:52 INFO  [boot.tomcat.GracefulShutdown] - Commencing graceful shutdown. Waiting for active requests to complete
2026-09-16 11:48:52 INFO  [coyote.http11.Http11NioProtocol] - Pausing ProtocolHandler ["http-nio-8090"]
2026-09-16 11:48:52 INFO  [boot.tomcat.GracefulShutdown] - Graceful shutdown complete
2026-09-16 11:48:52 INFO  [coyote.http11.Http11NioProtocol] - Stopping ProtocolHandler ["http-nio-8090"]
2026-09-16 11:48:52 INFO  [orm.jpa.LocalContainerEntityManagerFactoryBean] - Closing JPA EntityManagerFactory for persistence unit 'default'
2026-09-16 11:48:52 INFO  [zaxxer.hikari.HikariDataSource] - HikariPool-1 - Shutdown initiated...
2026-09-16 11:48:52 INFO  [zaxxer.hikari.HikariDataSource] - HikariPool-1 - Shutdown completed.
2026-09-16 11:48:52 INFO  [repository.config.RepositoryConfigurationDelegate] - Bootstrapping Spring Data JPA repositories in DEFAULT mode.
2026-09-16 11:48:53 INFO  [repository.config.RepositoryConfigurationDelegate] - Finished Spring Data repository scanning in 7 ms. Found 1 JPA repository interface.
2026-09-16 11:48:53 INFO  [boot.tomcat.TomcatWebServer] - Tomcat initialized with port 8090 (http)
2026-09-16 11:48:53 INFO  [coyote.http11.Http11NioProtocol] - Initializing ProtocolHandler ["http-nio-8090"]
2026-09-16 11:48:53 INFO  [catalina.core.StandardService] - Starting service [Tomcat]
2026-09-16 11:48:53 INFO  [catalina.core.StandardEngine] - Starting Servlet engine: [Apache Tomcat/11.0.24]
2026-09-16 11:48:53 INFO  [context.servlet.WebApplicationContextInitializer] - Root WebApplicationContext: initialization completed in 330 ms
2026-09-16 11:48:53 INFO  [zaxxer.hikari.HikariDataSource] - HikariPool-2 - Starting...
2026-09-16 11:48:53 INFO  [hikari.pool.HikariPool] - HikariPool-2 - Added connection com.mysql.cj.jdbc.ConnectionImpl@2a052111
2026-09-16 11:48:53 INFO  [zaxxer.hikari.HikariDataSource] - HikariPool-2 - Start completed.
2026-09-16 11:48:53 INFO  [hibernate.orm.jpa] - HHH008540: Processing PersistenceUnitInfo [name: default]
2026-09-16 11:48:53 INFO  [jpa.persistenceunit.SpringPersistenceUnitInfo] - No LoadTimeWeaver setup: ignoring JPA class transformer
2026-09-16 11:48:53 WARN  [hibernate.orm.deprecation] - HHH90000025: MySQLDialect does not need to be specified explicitly using 'hibernate.dialect' (remove the property setting and it will be selected by default)
2026-09-16 11:48:53 INFO  [orm.connections.pooling] - HHH10001005: Database info:
	Database JDBC URL [jdbc:mysql://localhost:3306/DB_CALENDAR]
	Database driver: MySQL Connector/J
	Database dialect: MySQLDialect
	Database version: 8.0.46
	Default catalog/schema: DB_CALENDAR/undefined
	Autocommit mode: undefined/unknown
	Isolation level: REPEATABLE_READ [default REPEATABLE_READ]
	JDBC fetch size: none
	Pool: DataSourceConnectionProvider
	Minimum pool size: undefined/unknown
	Maximum pool size: undefined/unknown
2026-09-16 11:48:53 INFO  [hibernate.orm.core] - HHH000489: No JTA platform available (set 'hibernate.transaction.jta.platform' to enable JTA platform integration)
2026-09-16 11:48:53 INFO  [orm.jpa.LocalContainerEntityManagerFactoryBean] - Initialized JPA EntityManagerFactory for persistence unit 'default'
2026-09-16 11:48:53 WARN  [jpa.autoconfigure.JpaBaseConfiguration$JpaWebConfiguration] - spring.jpa.open-in-view is enabled by default. Therefore, database queries may be performed during view rendering. Explicitly configure spring.jpa.open-in-view to disable this warning
2026-09-16 11:48:53 WARN  [security.autoconfigure.UserDetailsServiceAutoConfiguration] - 

Using generated security password: 9fa5a249-eb88-455d-a59c-293614a9f424

This generated password is for development use only. Your security configuration must be updated before running your application in production.

2026-09-16 11:48:53 INFO  [authentication.configuration.InitializeUserDetailsBeanManagerConfigurer$InitializeUserDetailsManagerConfigurer] - Global AuthenticationManager configured with UserDetailsService bean with name inMemoryUserDetailsManager
2026-09-16 11:48:53 INFO  [coyote.http11.Http11NioProtocol] - Starting ProtocolHandler ["http-nio-8090"]
2026-09-16 11:48:53 INFO  [boot.tomcat.TomcatWebServer] - Tomcat started on port 8090 (http) with context path '/'
2026-09-16 11:48:53 INFO  [devtools.autoconfigure.ConditionEvaluationDeltaLoggingListener] - Condition evaluation unchanged
2026-09-16 11:48:54 INFO  [devtools.autoconfigure.LocalDevToolsAutoConfiguration$RestartingClassPathChangeChangedEventListener] - Restarting due to 2 class path changes (2 additions, 0 deletions, 0 modifications)
2026-09-16 11:48:54 INFO  [boot.tomcat.GracefulShutdown] - Commencing graceful shutdown. Waiting for active requests to complete
2026-09-16 11:48:54 INFO  [coyote.http11.Http11NioProtocol] - Pausing ProtocolHandler ["http-nio-8090"]
2026-09-16 11:48:55 INFO  [boot.tomcat.GracefulShutdown] - Graceful shutdown complete
2026-09-16 11:48:55 INFO  [coyote.http11.Http11NioProtocol] - Stopping ProtocolHandler ["http-nio-8090"]
2026-09-16 11:48:55 INFO  [orm.jpa.LocalContainerEntityManagerFactoryBean] - Closing JPA EntityManagerFactory for persistence unit 'default'
2026-09-16 11:48:55 INFO  [zaxxer.hikari.HikariDataSource] - HikariPool-2 - Shutdown initiated...
2026-09-16 11:48:55 INFO  [zaxxer.hikari.HikariDataSource] - HikariPool-2 - Shutdown completed.
2026-09-16 11:48:55 INFO  [repository.config.RepositoryConfigurationDelegate] - Bootstrapping Spring Data JPA repositories in DEFAULT mode.
2026-09-16 11:48:55 INFO  [repository.config.RepositoryConfigurationDelegate] - Finished Spring Data repository scanning in 6 ms. Found 1 JPA repository interface.
2026-09-16 11:48:55 INFO  [boot.tomcat.TomcatWebServer] - Tomcat initialized with port 8090 (http)
2026-09-16 11:48:55 INFO  [coyote.http11.Http11NioProtocol] - Initializing ProtocolHandler ["http-nio-8090"]
2026-09-16 11:48:55 INFO  [catalina.core.StandardService] - Starting service [Tomcat]
2026-09-16 11:48:55 INFO  [catalina.core.StandardEngine] - Starting Servlet engine: [Apache Tomcat/11.0.24]
2026-09-16 11:48:55 INFO  [context.servlet.WebApplicationContextInitializer] - Root WebApplicationContext: initialization completed in 277 ms
2026-09-16 11:48:55 INFO  [zaxxer.hikari.HikariDataSource] - HikariPool-3 - Starting...
2026-09-16 11:48:55 INFO  [hikari.pool.HikariPool] - HikariPool-3 - Added connection com.mysql.cj.jdbc.ConnectionImpl@480ac8c0
2026-09-16 11:48:55 INFO  [zaxxer.hikari.HikariDataSource] - HikariPool-3 - Start completed.
2026-09-16 11:48:55 INFO  [hibernate.orm.jpa] - HHH008540: Processing PersistenceUnitInfo [name: default]
2026-09-16 11:48:55 INFO  [jpa.persistenceunit.SpringPersistenceUnitInfo] - No LoadTimeWeaver setup: ignoring JPA class transformer
2026-09-16 11:48:55 WARN  [hibernate.orm.deprecation] - HHH90000025: MySQLDialect does not need to be specified explicitly using 'hibernate.dialect' (remove the property setting and it will be selected by default)
2026-09-16 11:48:55 INFO  [orm.connections.pooling] - HHH10001005: Database info:
	Database JDBC URL [jdbc:mysql://localhost:3306/DB_CALENDAR]
	Database driver: MySQL Connector/J
	Database dialect: MySQLDialect
	Database version: 8.0.46
	Default catalog/schema: DB_CALENDAR/undefined
	Autocommit mode: undefined/unknown
	Isolation level: REPEATABLE_READ [default REPEATABLE_READ]
	JDBC fetch size: none
	Pool: DataSourceConnectionProvider
	Minimum pool size: undefined/unknown
	Maximum pool size: undefined/unknown
2026-09-16 11:48:55 INFO  [hibernate.orm.core] - HHH000489: No JTA platform available (set 'hibernate.transaction.jta.platform' to enable JTA platform integration)
2026-09-16 11:48:55 INFO  [orm.jpa.LocalContainerEntityManagerFactoryBean] - Initialized JPA EntityManagerFactory for persistence unit 'default'
2026-09-16 11:48:55 WARN  [jpa.autoconfigure.JpaBaseConfiguration$JpaWebConfiguration] - spring.jpa.open-in-view is enabled by default. Therefore, database queries may be performed during view rendering. Explicitly configure spring.jpa.open-in-view to disable this warning
2026-09-16 11:48:55 WARN  [security.autoconfigure.UserDetailsServiceAutoConfiguration] - 

Using generated security password: 7ea310bc-8b33-45fb-ada7-c817537e755f

This generated password is for development use only. Your security configuration must be updated before running your application in production.

2026-09-16 11:48:55 INFO  [authentication.configuration.InitializeUserDetailsBeanManagerConfigurer$InitializeUserDetailsManagerConfigurer] - Global AuthenticationManager configured with UserDetailsService bean with name inMemoryUserDetailsManager
2026-09-16 11:48:55 INFO  [coyote.http11.Http11NioProtocol] - Starting ProtocolHandler ["http-nio-8090"]
2026-09-16 11:48:55 INFO  [boot.tomcat.TomcatWebServer] - Tomcat started on port 8090 (http) with context path '/'
2026-09-16 11:48:55 INFO  [devtools.autoconfigure.ConditionEvaluationDeltaLoggingListener] - Condition evaluation unchanged
2026-09-16 12:06:43 INFO  [devtools.autoconfigure.LocalDevToolsAutoConfiguration$RestartingClassPathChangeChangedEventListener] - Restarting due to 3 class path changes (0 additions, 3 deletions, 0 modifications)
2026-09-16 12:06:43 INFO  [boot.tomcat.GracefulShutdown] - Commencing graceful shutdown. Waiting for active requests to complete
2026-09-16 12:06:43 INFO  [coyote.http11.Http11NioProtocol] - Pausing ProtocolHandler ["http-nio-8090"]
2026-09-16 12:06:44 INFO  [boot.tomcat.GracefulShutdown] - Graceful shutdown complete
2026-09-16 12:06:44 INFO  [coyote.http11.Http11NioProtocol] - Stopping ProtocolHandler ["http-nio-8090"]
2026-09-16 12:06:44 INFO  [orm.jpa.LocalContainerEntityManagerFactoryBean] - Closing JPA EntityManagerFactory for persistence unit 'default'
2026-09-16 12:06:44 INFO  [zaxxer.hikari.HikariDataSource] - HikariPool-3 - Shutdown initiated...
2026-09-16 12:06:44 INFO  [zaxxer.hikari.HikariDataSource] - HikariPool-3 - Shutdown completed.
2026-09-16 12:06:44 INFO  [repository.config.RepositoryConfigurationDelegate] - Bootstrapping Spring Data JPA repositories in DEFAULT mode.
2026-09-16 12:06:44 INFO  [repository.config.RepositoryConfigurationDelegate] - Finished Spring Data repository scanning in 6 ms. Found 1 JPA repository interface.
2026-09-16 12:06:44 INFO  [boot.tomcat.TomcatWebServer] - Tomcat initialized with port 8090 (http)
2026-09-16 12:06:44 INFO  [coyote.http11.Http11NioProtocol] - Initializing ProtocolHandler ["http-nio-8090"]
2026-09-16 12:06:44 INFO  [catalina.core.StandardService] - Starting service [Tomcat]
2026-09-16 12:06:44 INFO  [catalina.core.StandardEngine] - Starting Servlet engine: [Apache Tomcat/11.0.24]
2026-09-16 12:06:44 INFO  [context.servlet.WebApplicationContextInitializer] - Root WebApplicationContext: initialization completed in 314 ms
2026-09-16 12:06:44 INFO  [zaxxer.hikari.HikariDataSource] - HikariPool-4 - Starting...
2026-09-16 12:06:44 INFO  [hikari.pool.HikariPool] - HikariPool-4 - Added connection com.mysql.cj.jdbc.ConnectionImpl@b76e1e7
2026-09-16 12:06:44 INFO  [zaxxer.hikari.HikariDataSource] - HikariPool-4 - Start completed.
2026-09-16 12:06:44 INFO  [hibernate.orm.jpa] - HHH008540: Processing PersistenceUnitInfo [name: default]
2026-09-16 12:06:44 INFO  [jpa.persistenceunit.SpringPersistenceUnitInfo] - No LoadTimeWeaver setup: ignoring JPA class transformer
2026-09-16 12:06:44 WARN  [hibernate.orm.deprecation] - HHH90000025: MySQLDialect does not need to be specified explicitly using 'hibernate.dialect' (remove the property setting and it will be selected by default)
2026-09-16 12:06:44 INFO  [orm.connections.pooling] - HHH10001005: Database info:
	Database JDBC URL [jdbc:mysql://localhost:3306/DB_CALENDAR]
	Database driver: MySQL Connector/J
	Database dialect: MySQLDialect
	Database version: 8.0.46
	Default catalog/schema: DB_CALENDAR/undefined
	Autocommit mode: undefined/unknown
	Isolation level: REPEATABLE_READ [default REPEATABLE_READ]
	JDBC fetch size: none
	Pool: DataSourceConnectionProvider
	Minimum pool size: undefined/unknown
	Maximum pool size: undefined/unknown
2026-09-16 12:06:44 INFO  [hibernate.orm.core] - HHH000489: No JTA platform available (set 'hibernate.transaction.jta.platform' to enable JTA platform integration)
2026-09-16 12:06:44 INFO  [orm.jpa.LocalContainerEntityManagerFactoryBean] - Initialized JPA EntityManagerFactory for persistence unit 'default'
2026-09-16 12:06:44 WARN  [jpa.autoconfigure.JpaBaseConfiguration$JpaWebConfiguration] - spring.jpa.open-in-view is enabled by default. Therefore, database queries may be performed during view rendering. Explicitly configure spring.jpa.open-in-view to disable this warning
2026-09-16 12:06:44 WARN  [security.autoconfigure.UserDetailsServiceAutoConfiguration] - 

Using generated security password: f9aa9b64-8a08-4ae2-950a-7f930c1764c2

This generated password is for development use only. Your security configuration must be updated before running your application in production.

2026-09-16 12:06:44 INFO  [authentication.configuration.InitializeUserDetailsBeanManagerConfigurer$InitializeUserDetailsManagerConfigurer] - Global AuthenticationManager configured with UserDetailsService bean with name inMemoryUserDetailsManager
2026-09-16 12:06:45 INFO  [coyote.http11.Http11NioProtocol] - Starting ProtocolHandler ["http-nio-8090"]
2026-09-16 12:06:45 INFO  [boot.tomcat.TomcatWebServer] - Tomcat started on port 8090 (http) with context path '/'
2026-09-16 12:06:45 INFO  [devtools.autoconfigure.ConditionEvaluationDeltaLoggingListener] - Condition evaluation unchanged
2026-09-16 12:06:46 INFO  [devtools.autoconfigure.LocalDevToolsAutoConfiguration$RestartingClassPathChangeChangedEventListener] - Restarting due to 3 class path changes (3 additions, 0 deletions, 0 modifications)
2026-09-16 12:06:46 INFO  [boot.tomcat.GracefulShutdown] - Commencing graceful shutdown. Waiting for active requests to complete
2026-09-16 12:06:46 INFO  [coyote.http11.Http11NioProtocol] - Pausing ProtocolHandler ["http-nio-8090"]
2026-09-16 12:06:46 INFO  [boot.tomcat.GracefulShutdown] - Graceful shutdown complete
2026-09-16 12:06:46 INFO  [coyote.http11.Http11NioProtocol] - Stopping ProtocolHandler ["http-nio-8090"]
2026-09-16 12:06:46 INFO  [orm.jpa.LocalContainerEntityManagerFactoryBean] - Closing JPA EntityManagerFactory for persistence unit 'default'
2026-09-16 12:06:46 INFO  [zaxxer.hikari.HikariDataSource] - HikariPool-4 - Shutdown initiated...
2026-09-16 12:06:46 INFO  [zaxxer.hikari.HikariDataSource] - HikariPool-4 - Shutdown completed.
2026-09-16 12:06:47 INFO  [repository.config.RepositoryConfigurationDelegate] - Bootstrapping Spring Data JPA repositories in DEFAULT mode.
2026-09-16 12:06:47 INFO  [repository.config.RepositoryConfigurationDelegate] - Finished Spring Data repository scanning in 6 ms. Found 1 JPA repository interface.
2026-09-16 12:06:47 INFO  [boot.tomcat.TomcatWebServer] - Tomcat initialized with port 8090 (http)
2026-09-16 12:06:47 INFO  [coyote.http11.Http11NioProtocol] - Initializing ProtocolHandler ["http-nio-8090"]
2026-09-16 12:06:47 INFO  [catalina.core.StandardService] - Starting service [Tomcat]
2026-09-16 12:06:47 INFO  [catalina.core.StandardEngine] - Starting Servlet engine: [Apache Tomcat/11.0.24]
2026-09-16 12:06:47 INFO  [context.servlet.WebApplicationContextInitializer] - Root WebApplicationContext: initialization completed in 282 ms
2026-09-16 12:06:47 INFO  [zaxxer.hikari.HikariDataSource] - HikariPool-5 - Starting...
2026-09-16 12:06:47 INFO  [hikari.pool.HikariPool] - HikariPool-5 - Added connection com.mysql.cj.jdbc.ConnectionImpl@6a600856
2026-09-16 12:06:47 INFO  [zaxxer.hikari.HikariDataSource] - HikariPool-5 - Start completed.
2026-09-16 12:06:47 INFO  [hibernate.orm.jpa] - HHH008540: Processing PersistenceUnitInfo [name: default]
2026-09-16 12:06:47 INFO  [jpa.persistenceunit.SpringPersistenceUnitInfo] - No LoadTimeWeaver setup: ignoring JPA class transformer
2026-09-16 12:06:47 WARN  [hibernate.orm.deprecation] - HHH90000025: MySQLDialect does not need to be specified explicitly using 'hibernate.dialect' (remove the property setting and it will be selected by default)
2026-09-16 12:06:47 INFO  [orm.connections.pooling] - HHH10001005: Database info:
	Database JDBC URL [jdbc:mysql://localhost:3306/DB_CALENDAR]
	Database driver: MySQL Connector/J
	Database dialect: MySQLDialect
	Database version: 8.0.46
	Default catalog/schema: DB_CALENDAR/undefined
	Autocommit mode: undefined/unknown
	Isolation level: REPEATABLE_READ [default REPEATABLE_READ]
	JDBC fetch size: none
	Pool: DataSourceConnectionProvider
	Minimum pool size: undefined/unknown
	Maximum pool size: undefined/unknown
2026-09-16 12:06:47 INFO  [hibernate.orm.core] - HHH000489: No JTA platform available (set 'hibernate.transaction.jta.platform' to enable JTA platform integration)
2026-09-16 12:06:47 INFO  [orm.jpa.LocalContainerEntityManagerFactoryBean] - Initialized JPA EntityManagerFactory for persistence unit 'default'
2026-09-16 12:06:47 WARN  [jpa.autoconfigure.JpaBaseConfiguration$JpaWebConfiguration] - spring.jpa.open-in-view is enabled by default. Therefore, database queries may be performed during view rendering. Explicitly configure spring.jpa.open-in-view to disable this warning
2026-09-16 12:06:47 WARN  [security.autoconfigure.UserDetailsServiceAutoConfiguration] - 

Using generated security password: b039927e-60b2-49d7-8d08-ec8bcd934eb9

This generated password is for development use only. Your security configuration must be updated before running your application in production.

2026-09-16 12:06:47 INFO  [authentication.configuration.InitializeUserDetailsBeanManagerConfigurer$InitializeUserDetailsManagerConfigurer] - Global AuthenticationManager configured with UserDetailsService bean with name inMemoryUserDetailsManager
2026-09-16 12:06:47 INFO  [coyote.http11.Http11NioProtocol] - Starting ProtocolHandler ["http-nio-8090"]
2026-09-16 12:06:47 INFO  [boot.tomcat.TomcatWebServer] - Tomcat started on port 8090 (http) with context path '/'
2026-09-16 12:06:47 INFO  [devtools.autoconfigure.ConditionEvaluationDeltaLoggingListener] - Condition evaluation unchanged
2026-09-16 12:17:08 INFO  [devtools.autoconfigure.LocalDevToolsAutoConfiguration$RestartingClassPathChangeChangedEventListener] - Restarting due to 9 class path changes (0 additions, 9 deletions, 0 modifications)
2026-09-16 12:17:08 INFO  [boot.tomcat.GracefulShutdown] - Commencing graceful shutdown. Waiting for active requests to complete
2026-09-16 12:17:08 INFO  [coyote.http11.Http11NioProtocol] - Pausing ProtocolHandler ["http-nio-8090"]
2026-09-16 12:17:08 INFO  [boot.tomcat.GracefulShutdown] - Graceful shutdown complete
2026-09-16 12:17:08 INFO  [coyote.http11.Http11NioProtocol] - Stopping ProtocolHandler ["http-nio-8090"]
2026-09-16 12:17:08 INFO  [orm.jpa.LocalContainerEntityManagerFactoryBean] - Closing JPA EntityManagerFactory for persistence unit 'default'
2026-09-16 12:17:08 INFO  [zaxxer.hikari.HikariDataSource] - HikariPool-5 - Shutdown initiated...
2026-09-16 12:17:08 INFO  [zaxxer.hikari.HikariDataSource] - HikariPool-5 - Shutdown completed.
2026-09-16 12:17:08 INFO  [repository.config.RepositoryConfigurationDelegate] - Bootstrapping Spring Data JPA repositories in DEFAULT mode.
2026-09-16 12:17:08 INFO  [repository.config.RepositoryConfigurationDelegate] - Finished Spring Data repository scanning in 6 ms. Found 1 JPA repository interface.
2026-09-16 12:17:08 INFO  [boot.tomcat.TomcatWebServer] - Tomcat initialized with port 8090 (http)
2026-09-16 12:17:08 INFO  [coyote.http11.Http11NioProtocol] - Initializing ProtocolHandler ["http-nio-8090"]
2026-09-16 12:17:08 INFO  [catalina.core.StandardService] - Starting service [Tomcat]
2026-09-16 12:17:08 INFO  [catalina.core.StandardEngine] - Starting Servlet engine: [Apache Tomcat/11.0.24]
2026-09-16 12:17:08 INFO  [context.servlet.WebApplicationContextInitializer] - Root WebApplicationContext: initialization completed in 313 ms
2026-09-16 12:17:09 INFO  [zaxxer.hikari.HikariDataSource] - HikariPool-6 - Starting...
2026-09-16 12:17:09 INFO  [hikari.pool.HikariPool] - HikariPool-6 - Added connection com.mysql.cj.jdbc.ConnectionImpl@1600b00b
2026-09-16 12:17:09 INFO  [zaxxer.hikari.HikariDataSource] - HikariPool-6 - Start completed.
2026-09-16 12:17:09 INFO  [hibernate.orm.jpa] - HHH008540: Processing PersistenceUnitInfo [name: default]
2026-09-16 12:17:09 INFO  [jpa.persistenceunit.SpringPersistenceUnitInfo] - No LoadTimeWeaver setup: ignoring JPA class transformer
2026-09-16 12:17:09 WARN  [hibernate.orm.deprecation] - HHH90000025: MySQLDialect does not need to be specified explicitly using 'hibernate.dialect' (remove the property setting and it will be selected by default)
2026-09-16 12:17:09 INFO  [orm.connections.pooling] - HHH10001005: Database info:
	Database JDBC URL [jdbc:mysql://localhost:3306/DB_CALENDAR]
	Database driver: MySQL Connector/J
	Database dialect: MySQLDialect
	Database version: 8.0.46
	Default catalog/schema: DB_CALENDAR/undefined
	Autocommit mode: undefined/unknown
	Isolation level: REPEATABLE_READ [default REPEATABLE_READ]
	JDBC fetch size: none
	Pool: DataSourceConnectionProvider
	Minimum pool size: undefined/unknown
	Maximum pool size: undefined/unknown
2026-09-16 12:17:09 INFO  [hibernate.orm.core] - HHH000489: No JTA platform available (set 'hibernate.transaction.jta.platform' to enable JTA platform integration)
2026-09-16 12:17:09 INFO  [orm.jpa.LocalContainerEntityManagerFactoryBean] - Initialized JPA EntityManagerFactory for persistence unit 'default'
2026-09-16 12:17:09 WARN  [jpa.autoconfigure.JpaBaseConfiguration$JpaWebConfiguration] - spring.jpa.open-in-view is enabled by default. Therefore, database queries may be performed during view rendering. Explicitly configure spring.jpa.open-in-view to disable this warning
2026-09-16 12:17:09 WARN  [security.autoconfigure.UserDetailsServiceAutoConfiguration] - 

Using generated security password: 2a244d66-e0cb-4baa-8059-6cb34579bb15

This generated password is for development use only. Your security configuration must be updated before running your application in production.

2026-09-16 12:17:09 INFO  [authentication.configuration.InitializeUserDetailsBeanManagerConfigurer$InitializeUserDetailsManagerConfigurer] - Global AuthenticationManager configured with UserDetailsService bean with name inMemoryUserDetailsManager
2026-09-16 12:17:09 INFO  [coyote.http11.Http11NioProtocol] - Starting ProtocolHandler ["http-nio-8090"]
2026-09-16 12:17:09 INFO  [boot.tomcat.TomcatWebServer] - Tomcat started on port 8090 (http) with context path '/'
2026-09-16 12:17:09 INFO  [devtools.autoconfigure.ConditionEvaluationDeltaLoggingListener] - Condition evaluation unchanged
2026-09-16 12:17:10 INFO  [devtools.autoconfigure.LocalDevToolsAutoConfiguration$RestartingClassPathChangeChangedEventListener] - Restarting due to 9 class path changes (9 additions, 0 deletions, 0 modifications)
2026-09-16 12:17:10 INFO  [boot.tomcat.GracefulShutdown] - Commencing graceful shutdown. Waiting for active requests to complete
2026-09-16 12:17:10 INFO  [coyote.http11.Http11NioProtocol] - Pausing ProtocolHandler ["http-nio-8090"]
2026-09-16 12:17:11 INFO  [boot.tomcat.GracefulShutdown] - Graceful shutdown complete
2026-09-16 12:17:11 INFO  [coyote.http11.Http11NioProtocol] - Stopping ProtocolHandler ["http-nio-8090"]
2026-09-16 12:17:11 INFO  [orm.jpa.LocalContainerEntityManagerFactoryBean] - Closing JPA EntityManagerFactory for persistence unit 'default'
2026-09-16 12:17:11 INFO  [zaxxer.hikari.HikariDataSource] - HikariPool-6 - Shutdown initiated...
2026-09-16 12:17:11 INFO  [zaxxer.hikari.HikariDataSource] - HikariPool-6 - Shutdown completed.
2026-09-16 12:17:11 INFO  [repository.config.RepositoryConfigurationDelegate] - Bootstrapping Spring Data JPA repositories in DEFAULT mode.
2026-09-16 12:17:11 INFO  [repository.config.RepositoryConfigurationDelegate] - Finished Spring Data repository scanning in 7 ms. Found 1 JPA repository interface.
2026-09-16 12:17:11 INFO  [boot.tomcat.TomcatWebServer] - Tomcat initialized with port 8090 (http)
2026-09-16 12:17:11 INFO  [coyote.http11.Http11NioProtocol] - Initializing ProtocolHandler ["http-nio-8090"]
2026-09-16 12:17:11 INFO  [catalina.core.StandardService] - Starting service [Tomcat]
2026-09-16 12:17:11 INFO  [catalina.core.StandardEngine] - Starting Servlet engine: [Apache Tomcat/11.0.24]
2026-09-16 12:17:11 INFO  [context.servlet.WebApplicationContextInitializer] - Root WebApplicationContext: initialization completed in 337 ms
2026-09-16 12:17:11 INFO  [zaxxer.hikari.HikariDataSource] - HikariPool-7 - Starting...
2026-09-16 12:17:11 INFO  [hikari.pool.HikariPool] - HikariPool-7 - Added connection com.mysql.cj.jdbc.ConnectionImpl@22267ffb
2026-09-16 12:17:11 INFO  [zaxxer.hikari.HikariDataSource] - HikariPool-7 - Start completed.
2026-09-16 12:17:11 INFO  [hibernate.orm.jpa] - HHH008540: Processing PersistenceUnitInfo [name: default]
2026-09-16 12:17:11 INFO  [jpa.persistenceunit.SpringPersistenceUnitInfo] - No LoadTimeWeaver setup: ignoring JPA class transformer
2026-09-16 12:17:11 WARN  [hibernate.orm.deprecation] - HHH90000025: MySQLDialect does not need to be specified explicitly using 'hibernate.dialect' (remove the property setting and it will be selected by default)
2026-09-16 12:17:11 INFO  [orm.connections.pooling] - HHH10001005: Database info:
	Database JDBC URL [jdbc:mysql://localhost:3306/DB_CALENDAR]
	Database driver: MySQL Connector/J
	Database dialect: MySQLDialect
	Database version: 8.0.46
	Default catalog/schema: DB_CALENDAR/undefined
	Autocommit mode: undefined/unknown
	Isolation level: REPEATABLE_READ [default REPEATABLE_READ]
	JDBC fetch size: none
	Pool: DataSourceConnectionProvider
	Minimum pool size: undefined/unknown
	Maximum pool size: undefined/unknown
2026-09-16 12:17:11 INFO  [hibernate.orm.core] - HHH000489: No JTA platform available (set 'hibernate.transaction.jta.platform' to enable JTA platform integration)
2026-09-16 12:17:11 INFO  [orm.jpa.LocalContainerEntityManagerFactoryBean] - Initialized JPA EntityManagerFactory for persistence unit 'default'
2026-09-16 12:17:11 WARN  [jpa.autoconfigure.JpaBaseConfiguration$JpaWebConfiguration] - spring.jpa.open-in-view is enabled by default. Therefore, database queries may be performed during view rendering. Explicitly configure spring.jpa.open-in-view to disable this warning
2026-09-16 12:17:11 WARN  [security.autoconfigure.UserDetailsServiceAutoConfiguration] - 

Using generated security password: 96ca4896-09a2-411f-95a2-4c9a07873d12

This generated password is for development use only. Your security configuration must be updated before running your application in production.

2026-09-16 12:17:11 INFO  [authentication.configuration.InitializeUserDetailsBeanManagerConfigurer$InitializeUserDetailsManagerConfigurer] - Global AuthenticationManager configured with UserDetailsService bean with name inMemoryUserDetailsManager
2026-09-16 12:17:11 INFO  [coyote.http11.Http11NioProtocol] - Starting ProtocolHandler ["http-nio-8090"]
2026-09-16 12:17:11 INFO  [boot.tomcat.TomcatWebServer] - Tomcat started on port 8090 (http) with context path '/'
2026-09-16 12:17:11 INFO  [devtools.autoconfigure.ConditionEvaluationDeltaLoggingListener] - Condition evaluation unchanged
2026-09-16 12:19:42 INFO  [devtools.autoconfigure.LocalDevToolsAutoConfiguration$RestartingClassPathChangeChangedEventListener] - Restarting due to 9 class path changes (0 additions, 9 deletions, 0 modifications)
2026-09-16 12:19:42 INFO  [boot.tomcat.GracefulShutdown] - Commencing graceful shutdown. Waiting for active requests to complete
2026-09-16 12:19:42 INFO  [coyote.http11.Http11NioProtocol] - Pausing ProtocolHandler ["http-nio-8090"]
2026-09-16 12:19:43 INFO  [boot.tomcat.GracefulShutdown] - Graceful shutdown complete
2026-09-16 12:19:43 INFO  [coyote.http11.Http11NioProtocol] - Stopping ProtocolHandler ["http-nio-8090"]
2026-09-16 12:19:43 INFO  [orm.jpa.LocalContainerEntityManagerFactoryBean] - Closing JPA EntityManagerFactory for persistence unit 'default'
2026-09-16 12:19:43 INFO  [zaxxer.hikari.HikariDataSource] - HikariPool-7 - Shutdown initiated...
2026-09-16 12:19:43 INFO  [zaxxer.hikari.HikariDataSource] - HikariPool-7 - Shutdown completed.
2026-09-16 12:19:43 INFO  [repository.config.RepositoryConfigurationDelegate] - Bootstrapping Spring Data JPA repositories in DEFAULT mode.
2026-09-16 12:19:43 INFO  [repository.config.RepositoryConfigurationDelegate] - Finished Spring Data repository scanning in 7 ms. Found 1 JPA repository interface.
2026-09-16 12:19:43 INFO  [boot.tomcat.TomcatWebServer] - Tomcat initialized with port 8090 (http)
2026-09-16 12:19:43 INFO  [coyote.http11.Http11NioProtocol] - Initializing ProtocolHandler ["http-nio-8090"]
2026-09-16 12:19:43 INFO  [catalina.core.StandardService] - Starting service [Tomcat]
2026-09-16 12:19:43 INFO  [catalina.core.StandardEngine] - Starting Servlet engine: [Apache Tomcat/11.0.24]
2026-09-16 12:19:43 INFO  [context.servlet.WebApplicationContextInitializer] - Root WebApplicationContext: initialization completed in 304 ms
2026-09-16 12:19:43 INFO  [zaxxer.hikari.HikariDataSource] - HikariPool-8 - Starting...
2026-09-16 12:19:43 INFO  [hikari.pool.HikariPool] - HikariPool-8 - Added connection com.mysql.cj.jdbc.ConnectionImpl@e1c1ff2
2026-09-16 12:19:43 INFO  [zaxxer.hikari.HikariDataSource] - HikariPool-8 - Start completed.
2026-09-16 12:19:43 INFO  [hibernate.orm.jpa] - HHH008540: Processing PersistenceUnitInfo [name: default]
2026-09-16 12:19:43 INFO  [jpa.persistenceunit.SpringPersistenceUnitInfo] - No LoadTimeWeaver setup: ignoring JPA class transformer
2026-09-16 12:19:43 WARN  [hibernate.orm.deprecation] - HHH90000025: MySQLDialect does not need to be specified explicitly using 'hibernate.dialect' (remove the property setting and it will be selected by default)
2026-09-16 12:19:43 INFO  [orm.connections.pooling] - HHH10001005: Database info:
	Database JDBC URL [jdbc:mysql://localhost:3306/DB_CALENDAR]
	Database driver: MySQL Connector/J
	Database dialect: MySQLDialect
	Database version: 8.0.46
	Default catalog/schema: DB_CALENDAR/undefined
	Autocommit mode: undefined/unknown
	Isolation level: REPEATABLE_READ [default REPEATABLE_READ]
	JDBC fetch size: none
	Pool: DataSourceConnectionProvider
	Minimum pool size: undefined/unknown
	Maximum pool size: undefined/unknown
2026-09-16 12:19:43 INFO  [hibernate.orm.core] - HHH000489: No JTA platform available (set 'hibernate.transaction.jta.platform' to enable JTA platform integration)
2026-09-16 12:19:43 INFO  [orm.jpa.LocalContainerEntityManagerFactoryBean] - Initialized JPA EntityManagerFactory for persistence unit 'default'
2026-09-16 12:19:43 WARN  [jpa.autoconfigure.JpaBaseConfiguration$JpaWebConfiguration] - spring.jpa.open-in-view is enabled by default. Therefore, database queries may be performed during view rendering. Explicitly configure spring.jpa.open-in-view to disable this warning
2026-09-16 12:19:43 WARN  [security.autoconfigure.UserDetailsServiceAutoConfiguration] - 

Using generated security password: c015816b-b689-4d50-bfc3-f7069ecee261

This generated password is for development use only. Your security configuration must be updated before running your application in production.

2026-09-16 12:19:43 INFO  [authentication.configuration.InitializeUserDetailsBeanManagerConfigurer$InitializeUserDetailsManagerConfigurer] - Global AuthenticationManager configured with UserDetailsService bean with name inMemoryUserDetailsManager
2026-09-16 12:19:43 INFO  [coyote.http11.Http11NioProtocol] - Starting ProtocolHandler ["http-nio-8090"]
2026-09-16 12:19:43 INFO  [boot.tomcat.TomcatWebServer] - Tomcat started on port 8090 (http) with context path '/'
2026-09-16 12:19:43 INFO  [devtools.autoconfigure.ConditionEvaluationDeltaLoggingListener] - Condition evaluation unchanged
2026-09-16 12:19:45 INFO  [devtools.autoconfigure.LocalDevToolsAutoConfiguration$RestartingClassPathChangeChangedEventListener] - Restarting due to 9 class path changes (9 additions, 0 deletions, 0 modifications)
2026-09-16 12:19:45 INFO  [boot.tomcat.GracefulShutdown] - Commencing graceful shutdown. Waiting for active requests to complete
2026-09-16 12:19:45 INFO  [coyote.http11.Http11NioProtocol] - Pausing ProtocolHandler ["http-nio-8090"]
2026-09-16 12:19:45 INFO  [boot.tomcat.GracefulShutdown] - Graceful shutdown complete
2026-09-16 12:19:45 INFO  [coyote.http11.Http11NioProtocol] - Stopping ProtocolHandler ["http-nio-8090"]
2026-09-16 12:19:45 INFO  [orm.jpa.LocalContainerEntityManagerFactoryBean] - Closing JPA EntityManagerFactory for persistence unit 'default'
2026-09-16 12:19:45 INFO  [zaxxer.hikari.HikariDataSource] - HikariPool-8 - Shutdown initiated...
2026-09-16 12:19:45 INFO  [zaxxer.hikari.HikariDataSource] - HikariPool-8 - Shutdown completed.
2026-09-16 12:19:45 INFO  [repository.config.RepositoryConfigurationDelegate] - Bootstrapping Spring Data JPA repositories in DEFAULT mode.
2026-09-16 12:19:45 INFO  [repository.config.RepositoryConfigurationDelegate] - Finished Spring Data repository scanning in 6 ms. Found 1 JPA repository interface.
2026-09-16 12:19:45 INFO  [boot.tomcat.TomcatWebServer] - Tomcat initialized with port 8090 (http)
2026-09-16 12:19:45 INFO  [coyote.http11.Http11NioProtocol] - Initializing ProtocolHandler ["http-nio-8090"]
2026-09-16 12:19:45 INFO  [catalina.core.StandardService] - Starting service [Tomcat]
2026-09-16 12:19:45 INFO  [catalina.core.StandardEngine] - Starting Servlet engine: [Apache Tomcat/11.0.24]
2026-09-16 12:19:45 INFO  [context.servlet.WebApplicationContextInitializer] - Root WebApplicationContext: initialization completed in 274 ms
2026-09-16 12:19:45 INFO  [zaxxer.hikari.HikariDataSource] - HikariPool-9 - Starting...
2026-09-16 12:19:45 INFO  [hikari.pool.HikariPool] - HikariPool-9 - Added connection com.mysql.cj.jdbc.ConnectionImpl@5d807c8a
2026-09-16 12:19:45 INFO  [zaxxer.hikari.HikariDataSource] - HikariPool-9 - Start completed.
2026-09-16 12:19:45 INFO  [hibernate.orm.jpa] - HHH008540: Processing PersistenceUnitInfo [name: default]
2026-09-16 12:19:45 INFO  [jpa.persistenceunit.SpringPersistenceUnitInfo] - No LoadTimeWeaver setup: ignoring JPA class transformer
2026-09-16 12:19:45 WARN  [hibernate.orm.deprecation] - HHH90000025: MySQLDialect does not need to be specified explicitly using 'hibernate.dialect' (remove the property setting and it will be selected by default)
2026-09-16 12:19:45 INFO  [orm.connections.pooling] - HHH10001005: Database info:
	Database JDBC URL [jdbc:mysql://localhost:3306/DB_CALENDAR]
	Database driver: MySQL Connector/J
	Database dialect: MySQLDialect
	Database version: 8.0.46
	Default catalog/schema: DB_CALENDAR/undefined
	Autocommit mode: undefined/unknown
	Isolation level: REPEATABLE_READ [default REPEATABLE_READ]
	JDBC fetch size: none
	Pool: DataSourceConnectionProvider
	Minimum pool size: undefined/unknown
	Maximum pool size: undefined/unknown
2026-09-16 12:19:45 INFO  [hibernate.orm.core] - HHH000489: No JTA platform available (set 'hibernate.transaction.jta.platform' to enable JTA platform integration)
2026-09-16 12:19:45 INFO  [orm.jpa.LocalContainerEntityManagerFactoryBean] - Initialized JPA EntityManagerFactory for persistence unit 'default'
2026-09-16 12:19:46 WARN  [jpa.autoconfigure.JpaBaseConfiguration$JpaWebConfiguration] - spring.jpa.open-in-view is enabled by default. Therefore, database queries may be performed during view rendering. Explicitly configure spring.jpa.open-in-view to disable this warning
2026-09-16 12:19:46 WARN  [security.autoconfigure.UserDetailsServiceAutoConfiguration] - 

Using generated security password: 6c211be7-064c-4a82-8251-b04044d149b5

This generated password is for development use only. Your security configuration must be updated before running your application in production.

2026-09-16 12:19:46 INFO  [authentication.configuration.InitializeUserDetailsBeanManagerConfigurer$InitializeUserDetailsManagerConfigurer] - Global AuthenticationManager configured with UserDetailsService bean with name inMemoryUserDetailsManager
2026-09-16 12:19:46 INFO  [coyote.http11.Http11NioProtocol] - Starting ProtocolHandler ["http-nio-8090"]
2026-09-16 12:19:46 INFO  [boot.tomcat.TomcatWebServer] - Tomcat started on port 8090 (http) with context path '/'
2026-09-16 12:19:46 INFO  [devtools.autoconfigure.ConditionEvaluationDeltaLoggingListener] - Condition evaluation unchanged
2026-09-16 12:20:06 INFO  [boot.tomcat.GracefulShutdown] - Commencing graceful shutdown. Waiting for active requests to complete
2026-09-16 12:20:06 INFO  [boot.tomcat.GracefulShutdown] - Graceful shutdown complete
2026-09-16 12:20:06 INFO  [orm.jpa.LocalContainerEntityManagerFactoryBean] - Closing JPA EntityManagerFactory for persistence unit 'default'
2026-09-16 12:20:06 INFO  [zaxxer.hikari.HikariDataSource] - HikariPool-9 - Shutdown initiated...
2026-09-16 12:20:06 INFO  [zaxxer.hikari.HikariDataSource] - HikariPool-9 - Shutdown completed.
2026-09-16 12:29:36 INFO  [devtools.env.DevToolsPropertyDefaultsPostProcessor] - Devtools property defaults active! Set 'spring.devtools.add-properties' to 'false' to disable
2026-09-16 12:29:36 INFO  [devtools.env.DevToolsPropertyDefaultsPostProcessor] - For additional web related logging consider setting the 'logging.level.web' property to 'DEBUG'
2026-09-16 12:29:37 INFO  [repository.config.RepositoryConfigurationDelegate] - Bootstrapping Spring Data JPA repositories in DEFAULT mode.
2026-09-16 12:29:37 INFO  [repository.config.RepositoryConfigurationDelegate] - Finished Spring Data repository scanning in 39 ms. Found 1 JPA repository interface.
2026-09-16 12:29:37 INFO  [boot.tomcat.TomcatWebServer] - Tomcat initialized with port 8090 (http)
2026-09-16 12:29:37 INFO  [coyote.http11.Http11NioProtocol] - Initializing ProtocolHandler ["http-nio-8090"]
2026-09-16 12:29:37 INFO  [catalina.core.StandardService] - Starting service [Tomcat]
2026-09-16 12:29:37 INFO  [catalina.core.StandardEngine] - Starting Servlet engine: [Apache Tomcat/11.0.24]
2026-09-16 12:29:37 INFO  [context.servlet.WebApplicationContextInitializer] - Root WebApplicationContext: initialization completed in 1338 ms
2026-09-16 12:29:37 INFO  [zaxxer.hikari.HikariDataSource] - HikariPool-1 - Starting...
2026-09-16 12:29:38 INFO  [hikari.pool.HikariPool] - HikariPool-1 - Added connection com.mysql.cj.jdbc.ConnectionImpl@79a924e4
2026-09-16 12:29:38 INFO  [zaxxer.hikari.HikariDataSource] - HikariPool-1 - Start completed.
2026-09-16 12:29:38 INFO  [hibernate.orm.jpa] - HHH008540: Processing PersistenceUnitInfo [name: default]
2026-09-16 12:29:38 INFO  [hibernate.orm.core] - HHH000001: Hibernate ORM core version 7.4.5.Final
2026-09-16 12:29:38 INFO  [jpa.persistenceunit.SpringPersistenceUnitInfo] - No LoadTimeWeaver setup: ignoring JPA class transformer
2026-09-16 12:29:38 WARN  [hibernate.orm.deprecation] - HHH90000025: MySQLDialect does not need to be specified explicitly using 'hibernate.dialect' (remove the property setting and it will be selected by default)
2026-09-16 12:29:38 INFO  [orm.connections.pooling] - HHH10001005: Database info:
	Database JDBC URL [jdbc:mysql://localhost:3306/DB_CALENDAR]
	Database driver: MySQL Connector/J
	Database dialect: MySQLDialect
	Database version: 8.0.46
	Default catalog/schema: DB_CALENDAR/undefined
	Autocommit mode: undefined/unknown
	Isolation level: REPEATABLE_READ [default REPEATABLE_READ]
	JDBC fetch size: none
	Pool: DataSourceConnectionProvider
	Minimum pool size: undefined/unknown
	Maximum pool size: undefined/unknown
2026-09-16 12:29:39 INFO  [hibernate.orm.core] - HHH000489: No JTA platform available (set 'hibernate.transaction.jta.platform' to enable JTA platform integration)
2026-09-16 12:29:39 INFO  [orm.jpa.LocalContainerEntityManagerFactoryBean] - Initialized JPA EntityManagerFactory for persistence unit 'default'
2026-09-16 12:29:40 INFO  [repository.query.QueryEnhancerFactories] - Hibernate is in classpath; If applicable, HQL parser will be used.
2026-09-16 12:29:40 WARN  [jpa.autoconfigure.JpaBaseConfiguration$JpaWebConfiguration] - spring.jpa.open-in-view is enabled by default. Therefore, database queries may be performed during view rendering. Explicitly configure spring.jpa.open-in-view to disable this warning
2026-09-16 12:29:40 WARN  [security.autoconfigure.UserDetailsServiceAutoConfiguration] - 

Using generated security password: e7d6e3b0-9222-4781-a4ac-9cccf5611a34

This generated password is for development use only. Your security configuration must be updated before running your application in production.

2026-09-16 12:29:40 INFO  [authentication.configuration.InitializeUserDetailsBeanManagerConfigurer$InitializeUserDetailsManagerConfigurer] - Global AuthenticationManager configured with UserDetailsService bean with name inMemoryUserDetailsManager
2026-09-16 12:29:40 INFO  [coyote.http11.Http11NioProtocol] - Starting ProtocolHandler ["http-nio-8090"]
2026-09-16 12:29:40 INFO  [boot.tomcat.TomcatWebServer] - Tomcat started on port 8090 (http) with context path '/'
2026-09-16 12:29:44 INFO  [[Tomcat].[localhost].[/]] - Initializing Spring DispatcherServlet 'dispatcherServlet'
2026-09-16 12:29:44 INFO  [web.servlet.DispatcherServlet] - Initializing Servlet 'dispatcherServlet'
2026-09-16 12:29:44 INFO  [web.servlet.DispatcherServlet] - Completed initialization in 1 ms
2026-09-16 12:35:23 INFO  [devtools.autoconfigure.LocalDevToolsAutoConfiguration$RestartingClassPathChangeChangedEventListener] - Restarting due to 9 class path changes (0 additions, 9 deletions, 0 modifications)
2026-09-16 12:35:23 INFO  [boot.tomcat.GracefulShutdown] - Commencing graceful shutdown. Waiting for active requests to complete
2026-09-16 12:35:23 INFO  [coyote.http11.Http11NioProtocol] - Pausing ProtocolHandler ["http-nio-8090"]
2026-09-16 12:35:23 INFO  [boot.tomcat.GracefulShutdown] - Graceful shutdown complete
2026-09-16 12:35:23 INFO  [coyote.http11.Http11NioProtocol] - Stopping ProtocolHandler ["http-nio-8090"]
2026-09-16 12:35:23 INFO  [orm.jpa.LocalContainerEntityManagerFactoryBean] - Closing JPA EntityManagerFactory for persistence unit 'default'
2026-09-16 12:35:23 INFO  [zaxxer.hikari.HikariDataSource] - HikariPool-1 - Shutdown initiated...
2026-09-16 12:35:23 INFO  [zaxxer.hikari.HikariDataSource] - HikariPool-1 - Shutdown completed.
2026-09-16 12:35:23 INFO  [repository.config.RepositoryConfigurationDelegate] - Bootstrapping Spring Data JPA repositories in DEFAULT mode.
2026-09-16 12:35:23 INFO  [repository.config.RepositoryConfigurationDelegate] - Finished Spring Data repository scanning in 8 ms. Found 1 JPA repository interface.
2026-09-16 12:35:23 INFO  [boot.tomcat.TomcatWebServer] - Tomcat initialized with port 8090 (http)
2026-09-16 12:35:23 INFO  [coyote.http11.Http11NioProtocol] - Initializing ProtocolHandler ["http-nio-8090"]
2026-09-16 12:35:23 INFO  [catalina.core.StandardService] - Starting service [Tomcat]
2026-09-16 12:35:23 INFO  [catalina.core.StandardEngine] - Starting Servlet engine: [Apache Tomcat/11.0.24]
2026-09-16 12:35:23 INFO  [context.servlet.WebApplicationContextInitializer] - Root WebApplicationContext: initialization completed in 327 ms
2026-09-16 12:35:23 INFO  [zaxxer.hikari.HikariDataSource] - HikariPool-2 - Starting...
2026-09-16 12:35:23 INFO  [hikari.pool.HikariPool] - HikariPool-2 - Added connection com.mysql.cj.jdbc.ConnectionImpl@7908d758
2026-09-16 12:35:23 INFO  [zaxxer.hikari.HikariDataSource] - HikariPool-2 - Start completed.
2026-09-16 12:35:23 INFO  [hibernate.orm.jpa] - HHH008540: Processing PersistenceUnitInfo [name: default]
2026-09-16 12:35:23 INFO  [jpa.persistenceunit.SpringPersistenceUnitInfo] - No LoadTimeWeaver setup: ignoring JPA class transformer
2026-09-16 12:35:23 WARN  [hibernate.orm.deprecation] - HHH90000025: MySQLDialect does not need to be specified explicitly using 'hibernate.dialect' (remove the property setting and it will be selected by default)
2026-09-16 12:35:23 INFO  [orm.connections.pooling] - HHH10001005: Database info:
	Database JDBC URL [jdbc:mysql://localhost:3306/DB_CALENDAR]
	Database driver: MySQL Connector/J
	Database dialect: MySQLDialect
	Database version: 8.0.46
	Default catalog/schema: DB_CALENDAR/undefined
	Autocommit mode: undefined/unknown
	Isolation level: REPEATABLE_READ [default REPEATABLE_READ]
	JDBC fetch size: none
	Pool: DataSourceConnectionProvider
	Minimum pool size: undefined/unknown
	Maximum pool size: undefined/unknown
2026-09-16 12:35:24 INFO  [hibernate.orm.core] - HHH000489: No JTA platform available (set 'hibernate.transaction.jta.platform' to enable JTA platform integration)
2026-09-16 12:35:24 INFO  [orm.jpa.LocalContainerEntityManagerFactoryBean] - Initialized JPA EntityManagerFactory for persistence unit 'default'
2026-09-16 12:35:24 WARN  [jpa.autoconfigure.JpaBaseConfiguration$JpaWebConfiguration] - spring.jpa.open-in-view is enabled by default. Therefore, database queries may be performed during view rendering. Explicitly configure spring.jpa.open-in-view to disable this warning
2026-09-16 12:35:24 WARN  [security.autoconfigure.UserDetailsServiceAutoConfiguration] - 

Using generated security password: 7118d029-cb3b-4675-962b-016c511355f4

This generated password is for development use only. Your security configuration must be updated before running your application in production.

2026-09-16 12:35:24 INFO  [authentication.configuration.InitializeUserDetailsBeanManagerConfigurer$InitializeUserDetailsManagerConfigurer] - Global AuthenticationManager configured with UserDetailsService bean with name inMemoryUserDetailsManager
2026-09-16 12:35:24 INFO  [coyote.http11.Http11NioProtocol] - Starting ProtocolHandler ["http-nio-8090"]
2026-09-16 12:35:24 INFO  [boot.tomcat.TomcatWebServer] - Tomcat started on port 8090 (http) with context path '/'
2026-09-16 12:35:24 INFO  [devtools.autoconfigure.ConditionEvaluationDeltaLoggingListener] - Condition evaluation unchanged
2026-09-16 12:35:25 INFO  [devtools.autoconfigure.LocalDevToolsAutoConfiguration$RestartingClassPathChangeChangedEventListener] - Restarting due to 9 class path changes (9 additions, 0 deletions, 0 modifications)
2026-09-16 12:35:25 INFO  [boot.tomcat.GracefulShutdown] - Commencing graceful shutdown. Waiting for active requests to complete
2026-09-16 12:35:25 INFO  [coyote.http11.Http11NioProtocol] - Pausing ProtocolHandler ["http-nio-8090"]
2026-09-16 12:35:25 INFO  [boot.tomcat.GracefulShutdown] - Graceful shutdown complete
2026-09-16 12:35:25 INFO  [coyote.http11.Http11NioProtocol] - Stopping ProtocolHandler ["http-nio-8090"]
2026-09-16 12:35:25 INFO  [orm.jpa.LocalContainerEntityManagerFactoryBean] - Closing JPA EntityManagerFactory for persistence unit 'default'
2026-09-16 12:35:25 INFO  [zaxxer.hikari.HikariDataSource] - HikariPool-2 - Shutdown initiated...
2026-09-16 12:35:25 INFO  [zaxxer.hikari.HikariDataSource] - HikariPool-2 - Shutdown completed.
2026-09-16 12:35:26 INFO  [repository.config.RepositoryConfigurationDelegate] - Bootstrapping Spring Data JPA repositories in DEFAULT mode.
2026-09-16 12:35:26 INFO  [repository.config.RepositoryConfigurationDelegate] - Finished Spring Data repository scanning in 6 ms. Found 1 JPA repository interface.
2026-09-16 12:35:26 INFO  [boot.tomcat.TomcatWebServer] - Tomcat initialized with port 8090 (http)
2026-09-16 12:35:26 INFO  [coyote.http11.Http11NioProtocol] - Initializing ProtocolHandler ["http-nio-8090"]
2026-09-16 12:35:26 INFO  [catalina.core.StandardService] - Starting service [Tomcat]
2026-09-16 12:35:26 INFO  [catalina.core.StandardEngine] - Starting Servlet engine: [Apache Tomcat/11.0.24]
2026-09-16 12:35:26 INFO  [context.servlet.WebApplicationContextInitializer] - Root WebApplicationContext: initialization completed in 270 ms
2026-09-16 12:35:26 INFO  [zaxxer.hikari.HikariDataSource] - HikariPool-3 - Starting...
2026-09-16 12:35:26 INFO  [hikari.pool.HikariPool] - HikariPool-3 - Added connection com.mysql.cj.jdbc.ConnectionImpl@1b5e5e0d
2026-09-16 12:35:26 INFO  [zaxxer.hikari.HikariDataSource] - HikariPool-3 - Start completed.
2026-09-16 12:35:26 INFO  [hibernate.orm.jpa] - HHH008540: Processing PersistenceUnitInfo [name: default]
2026-09-16 12:35:26 INFO  [jpa.persistenceunit.SpringPersistenceUnitInfo] - No LoadTimeWeaver setup: ignoring JPA class transformer
2026-09-16 12:35:26 WARN  [hibernate.orm.deprecation] - HHH90000025: MySQLDialect does not need to be specified explicitly using 'hibernate.dialect' (remove the property setting and it will be selected by default)
2026-09-16 12:35:26 INFO  [orm.connections.pooling] - HHH10001005: Database info:
	Database JDBC URL [jdbc:mysql://localhost:3306/DB_CALENDAR]
	Database driver: MySQL Connector/J
	Database dialect: MySQLDialect
	Database version: 8.0.46
	Default catalog/schema: DB_CALENDAR/undefined
	Autocommit mode: undefined/unknown
	Isolation level: REPEATABLE_READ [default REPEATABLE_READ]
	JDBC fetch size: none
	Pool: DataSourceConnectionProvider
	Minimum pool size: undefined/unknown
	Maximum pool size: undefined/unknown
2026-09-16 12:35:26 INFO  [hibernate.orm.core] - HHH000489: No JTA platform available (set 'hibernate.transaction.jta.platform' to enable JTA platform integration)
2026-09-16 12:35:26 INFO  [orm.jpa.LocalContainerEntityManagerFactoryBean] - Initialized JPA EntityManagerFactory for persistence unit 'default'
2026-09-16 12:35:26 WARN  [jpa.autoconfigure.JpaBaseConfiguration$JpaWebConfiguration] - spring.jpa.open-in-view is enabled by default. Therefore, database queries may be performed during view rendering. Explicitly configure spring.jpa.open-in-view to disable this warning
2026-09-16 12:35:26 WARN  [security.autoconfigure.UserDetailsServiceAutoConfiguration] - 

Using generated security password: a59f758f-4fcb-4113-9e4d-303967decee3

This generated password is for development use only. Your security configuration must be updated before running your application in production.

2026-09-16 12:35:26 INFO  [authentication.configuration.InitializeUserDetailsBeanManagerConfigurer$InitializeUserDetailsManagerConfigurer] - Global AuthenticationManager configured with UserDetailsService bean with name inMemoryUserDetailsManager
2026-09-16 12:35:26 INFO  [coyote.http11.Http11NioProtocol] - Starting ProtocolHandler ["http-nio-8090"]
2026-09-16 12:35:26 INFO  [boot.tomcat.TomcatWebServer] - Tomcat started on port 8090 (http) with context path '/'
2026-09-16 12:35:26 INFO  [devtools.autoconfigure.ConditionEvaluationDeltaLoggingListener] - Condition evaluation unchanged
2026-09-16 12:41:16 INFO  [boot.tomcat.GracefulShutdown] - Commencing graceful shutdown. Waiting for active requests to complete
2026-09-16 12:41:17 INFO  [boot.tomcat.GracefulShutdown] - Graceful shutdown complete
2026-09-16 12:41:17 INFO  [orm.jpa.LocalContainerEntityManagerFactoryBean] - Closing JPA EntityManagerFactory for persistence unit 'default'
2026-09-16 12:41:17 INFO  [zaxxer.hikari.HikariDataSource] - HikariPool-3 - Shutdown initiated...
2026-09-16 12:41:17 INFO  [zaxxer.hikari.HikariDataSource] - HikariPool-3 - Shutdown completed.
2026-09-17 09:35:40 INFO  [devtools.env.DevToolsPropertyDefaultsPostProcessor] - Devtools property defaults active! Set 'spring.devtools.add-properties' to 'false' to disable
2026-09-17 09:35:40 INFO  [devtools.env.DevToolsPropertyDefaultsPostProcessor] - For additional web related logging consider setting the 'logging.level.web' property to 'DEBUG'
2026-09-17 09:35:41 INFO  [repository.config.RepositoryConfigurationDelegate] - Bootstrapping Spring Data JPA repositories in DEFAULT mode.
2026-09-17 09:35:41 INFO  [repository.config.RepositoryConfigurationDelegate] - Finished Spring Data repository scanning in 39 ms. Found 2 JPA repository interfaces.
2026-09-17 09:35:41 INFO  [boot.tomcat.TomcatWebServer] - Tomcat initialized with port 8090 (http)
2026-09-17 09:35:41 INFO  [coyote.http11.Http11NioProtocol] - Initializing ProtocolHandler ["http-nio-8090"]
2026-09-17 09:35:41 INFO  [catalina.core.StandardService] - Starting service [Tomcat]
2026-09-17 09:35:41 INFO  [catalina.core.StandardEngine] - Starting Servlet engine: [Apache Tomcat/11.0.24]
2026-09-17 09:35:41 INFO  [context.servlet.WebApplicationContextInitializer] - Root WebApplicationContext: initialization completed in 1537 ms
2026-09-17 09:35:42 INFO  [hibernate.orm.jpa] - HHH008540: Processing PersistenceUnitInfo [name: default]
2026-09-17 09:35:42 INFO  [hibernate.orm.core] - HHH000001: Hibernate ORM core version 7.4.5.Final
2026-09-17 09:35:42 INFO  [jpa.persistenceunit.SpringPersistenceUnitInfo] - No LoadTimeWeaver setup: ignoring JPA class transformer
2026-09-17 09:35:42 INFO  [zaxxer.hikari.HikariDataSource] - HikariPool-1 - Starting...
2026-09-17 09:35:43 INFO  [hikari.pool.HikariPool] - HikariPool-1 - Added connection com.mysql.cj.jdbc.ConnectionImpl@3abc70f3
2026-09-17 09:35:43 INFO  [zaxxer.hikari.HikariDataSource] - HikariPool-1 - Start completed.
2026-09-17 09:35:43 WARN  [hibernate.orm.deprecation] - HHH90000025: MySQLDialect does not need to be specified explicitly using 'hibernate.dialect' (remove the property setting and it will be selected by default)
2026-09-17 09:35:43 INFO  [orm.connections.pooling] - HHH10001005: Database info:
	Database JDBC URL [jdbc:mysql://localhost:3306/DB_CALENDAR]
	Database driver: MySQL Connector/J
	Database dialect: MySQLDialect
	Database version: 8.0.46
	Default catalog/schema: DB_CALENDAR/undefined
	Autocommit mode: undefined/unknown
	Isolation level: REPEATABLE_READ [default REPEATABLE_READ]
	JDBC fetch size: none
	Pool: DataSourceConnectionProvider
	Minimum pool size: undefined/unknown
	Maximum pool size: undefined/unknown
2026-09-17 09:35:44 INFO  [hibernate.orm.core] - HHH000489: No JTA platform available (set 'hibernate.transaction.jta.platform' to enable JTA platform integration)
2026-09-17 09:35:44 INFO  [orm.jpa.LocalContainerEntityManagerFactoryBean] - Initialized JPA EntityManagerFactory for persistence unit 'default'
2026-09-17 09:35:44 INFO  [repository.query.QueryEnhancerFactories] - Hibernate is in classpath; If applicable, HQL parser will be used.
2026-09-17 09:35:45 WARN  [jpa.autoconfigure.JpaBaseConfiguration$JpaWebConfiguration] - spring.jpa.open-in-view is enabled by default. Therefore, database queries may be performed during view rendering. Explicitly configure spring.jpa.open-in-view to disable this warning
2026-09-17 09:35:45 WARN  [security.autoconfigure.UserDetailsServiceAutoConfiguration] - 

Using generated security password: 78145206-58a4-4e43-8883-305040209e66

This generated password is for development use only. Your security configuration must be updated before running your application in production.

2026-09-17 09:35:45 INFO  [authentication.configuration.InitializeUserDetailsBeanManagerConfigurer$InitializeUserDetailsManagerConfigurer] - Global AuthenticationManager configured with UserDetailsService bean with name inMemoryUserDetailsManager
2026-09-17 09:35:45 INFO  [coyote.http11.Http11NioProtocol] - Starting ProtocolHandler ["http-nio-8090"]
2026-09-17 09:35:45 INFO  [boot.tomcat.TomcatWebServer] - Tomcat started on port 8090 (http) with context path '/'
2026-09-17 09:37:26 INFO  [[Tomcat].[localhost].[/]] - Initializing Spring DispatcherServlet 'dispatcherServlet'
2026-09-17 09:37:26 INFO  [web.servlet.DispatcherServlet] - Initializing Servlet 'dispatcherServlet'
2026-09-17 09:37:26 INFO  [web.servlet.DispatcherServlet] - Completed initialization in 1 ms
2026-09-17 09:37:42 ERROR [[localhost].[/].[dispatcherServlet]] - Servlet.service() for servlet [dispatcherServlet] in context with path [] threw exception [Request processing failed: org.springframework.dao.DataIntegrityViolationException: not-null property references a null or transient value for entity com.office.calendaradmin.member.jpa.MemberEntity.memPhone] with root cause
org.hibernate.PropertyValueException: not-null property references a null or transient value for entity com.office.calendaradmin.member.jpa.MemberEntity.memPhone
	at org.hibernate.engine.internal.Nullability.checkNullability(Nullability.java:120)
	at org.hibernate.action.internal.AbstractEntityInsertAction.nullifyTransientReferencesIfNotAlready(AbstractEntityInsertAction.java:120)
	at org.hibernate.action.internal.EntityIdentityInsertAction.execute(EntityIdentityInsertAction.java:69)
	at org.hibernate.engine.spi.ActionQueue.execute(ActionQueue.java:667)
	at org.hibernate.engine.spi.ActionQueue.addResolvedEntityInsertAction(ActionQueue.java:291)
	at org.hibernate.engine.spi.ActionQueue.addInsertAction(ActionQueue.java:270)
	at org.hibernate.engine.spi.ActionQueue.addAction(ActionQueue.java:322)
	at org.hibernate.event.internal.AbstractSaveEventListener.addInsertAction(AbstractSaveEventListener.java:384)
	at org.hibernate.event.internal.AbstractSaveEventListener.performSaveOrReplicate(AbstractSaveEventListener.java:298)
	at org.hibernate.event.internal.AbstractSaveEventListener.performSave(AbstractSaveEventListener.java:228)
	at org.hibernate.event.internal.AbstractSaveEventListener.saveWithGeneratedId(AbstractSaveEventListener.java:144)
	at org.hibernate.event.internal.DefaultPersistEventListener.entityIsTransient(DefaultPersistEventListener.java:144)
	at org.hibernate.event.internal.DefaultPersistEventListener.persist(DefaultPersistEventListener.java:91)
	at org.hibernate.event.internal.DefaultPersistEventListener.onPersist(DefaultPersistEventListener.java:75)
	at org.hibernate.event.internal.DefaultPersistEventListener.onPersist(DefaultPersistEventListener.java:51)
	at org.hibernate.event.service.internal.EventListenerGroupImpl.fireEventOnEachListener(EventListenerGroupImpl.java:138)
	at org.hibernate.internal.SessionImpl.firePersist(SessionImpl.java:709)
	at org.hibernate.internal.SessionImpl.persist(SessionImpl.java:692)
	at java.base/jdk.internal.reflect.NativeMethodAccessorImpl.invoke0(Native Method)
	at java.base/jdk.internal.reflect.NativeMethodAccessorImpl.invoke(NativeMethodAccessorImpl.java:77)
	at java.base/jdk.internal.reflect.DelegatingMethodAccessorImpl.invoke(DelegatingMethodAccessorImpl.java:43)
	at java.base/java.lang.reflect.Method.invoke(Method.java:568)
	at org.springframework.orm.jpa.ExtendedEntityManagerCreator$ExtendedEntityManagerInvocationHandler.invoke(ExtendedEntityManagerCreator.java:360)
	at jdk.proxy4/jdk.proxy4.$Proxy135.persist(Unknown Source)
	at java.base/jdk.internal.reflect.NativeMethodAccessorImpl.invoke0(Native Method)
	at java.base/jdk.internal.reflect.NativeMethodAccessorImpl.invoke(NativeMethodAccessorImpl.java:77)
	at java.base/jdk.internal.reflect.DelegatingMethodAccessorImpl.invoke(DelegatingMethodAccessorImpl.java:43)
	at java.base/java.lang.reflect.Method.invoke(Method.java:568)
	at org.springframework.orm.jpa.SharedEntityManagerCreator$SharedEntityHandlerInvocationHandler.invokeMethod(SharedEntityManagerCreator.java:239)
	at org.springframework.orm.jpa.SharedEntityManagerCreator$SharedEntityManagerInvocationHandler.invoke(SharedEntityManagerCreator.java:392)
	at jdk.proxy4/jdk.proxy4.$Proxy135.persist(Unknown Source)
	at org.springframework.data.jpa.repository.support.SimpleJpaRepository.save(SimpleJpaRepository.java:664)
	at java.base/jdk.internal.reflect.NativeMethodAccessorImpl.invoke0(Native Method)
	at java.base/jdk.internal.reflect.NativeMethodAccessorImpl.invoke(NativeMethodAccessorImpl.java:77)
	at java.base/jdk.internal.reflect.DelegatingMethodAccessorImpl.invoke(DelegatingMethodAccessorImpl.java:43)
	at java.base/java.lang.reflect.Method.invoke(Method.java:568)
	at org.springframework.aop.support.AopUtils.invokeJoinpointUsingReflection(AopUtils.java:359)
	at org.springframework.data.repository.core.support.RepositoryMethodInvoker$RepositoryFragmentMethodInvoker.lambda$new$0(RepositoryMethodInvoker.java:278)
	at org.springframework.data.repository.core.support.RepositoryMethodInvoker.doInvoke(RepositoryMethodInvoker.java:169)
	at org.springframework.data.repository.core.support.RepositoryMethodInvoker.invoke(RepositoryMethodInvoker.java:158)
	at org.springframework.data.repository.core.support.RepositoryComposition$RepositoryFragments.invoke(RepositoryComposition.java:545)
	at org.springframework.data.repository.core.support.RepositoryComposition.invoke(RepositoryComposition.java:290)
	at org.springframework.data.repository.core.support.RepositoryFactorySupport$ImplementationMethodExecutionInterceptor.invoke(RepositoryFactorySupport.java:690)
	at org.springframework.aop.framework.ReflectiveMethodInvocation.proceed(ReflectiveMethodInvocation.java:179)
	at org.springframework.data.repository.core.support.QueryExecutorMethodInterceptor.doInvoke(QueryExecutorMethodInterceptor.java:171)
	at org.springframework.data.repository.core.support.QueryExecutorMethodInterceptor.invoke(QueryExecutorMethodInterceptor.java:146)
	at org.springframework.aop.framework.ReflectiveMethodInvocation.proceed(ReflectiveMethodInvocation.java:179)
	at org.springframework.data.projection.DefaultMethodInvokingMethodInterceptor.invoke(DefaultMethodInvokingMethodInterceptor.java:69)
	at org.springframework.aop.framework.ReflectiveMethodInvocation.proceed(ReflectiveMethodInvocation.java:179)
	at org.springframework.transaction.interceptor.TransactionInterceptor$1.proceedWithInvocation(TransactionInterceptor.java:133)
	at org.springframework.transaction.interceptor.TransactionAspectSupport.invokeWithinTransaction(TransactionAspectSupport.java:371)
	at org.springframework.transaction.interceptor.TransactionInterceptor.invoke(TransactionInterceptor.java:130)
	at org.springframework.aop.framework.ReflectiveMethodInvocation.proceed(ReflectiveMethodInvocation.java:179)
	at org.springframework.dao.support.PersistenceExceptionTranslationInterceptor.invoke(PersistenceExceptionTranslationInterceptor.java:135)
	at org.springframework.aop.framework.ReflectiveMethodInvocation.proceed(ReflectiveMethodInvocation.java:179)
	at org.springframework.data.jpa.repository.support.CrudMethodMetadataPostProcessor$CrudMethodMetadataPopulatingMethodInterceptor.invoke(CrudMethodMetadataPostProcessor.java:166)
	at org.springframework.aop.framework.ReflectiveMethodInvocation.proceed(ReflectiveMethodInvocation.java:179)
	at org.springframework.aop.framework.JdkDynamicAopProxy.invoke(JdkDynamicAopProxy.java:222)
	at jdk.proxy4/jdk.proxy4.$Proxy145.save(Unknown Source)
	at com.office.calendaradmin.member.MemberService.signupConfirm(MemberService.java:78)
	at java.base/jdk.internal.reflect.NativeMethodAccessorImpl.invoke0(Native Method)
	at java.base/jdk.internal.reflect.NativeMethodAccessorImpl.invoke(NativeMethodAccessorImpl.java:77)
	at java.base/jdk.internal.reflect.DelegatingMethodAccessorImpl.invoke(DelegatingMethodAccessorImpl.java:43)
	at java.base/java.lang.reflect.Method.invoke(Method.java:568)
	at org.springframework.aop.support.AopUtils.invokeJoinpointUsingReflection(AopUtils.java:359)
	at org.springframework.aop.framework.CglibAopProxy$DynamicAdvisedInterceptor.intercept(CglibAopProxy.java:715)
	at com.office.calendaradmin.member.MemberService$$SpringCGLIB$$0.signupConfirm(<generated>)
	at com.office.calendaradmin.member.MemberController.signupConfirm(MemberController.java:40)
	at java.base/jdk.internal.reflect.NativeMethodAccessorImpl.invoke0(Native Method)
	at java.base/jdk.internal.reflect.NativeMethodAccessorImpl.invoke(NativeMethodAccessorImpl.java:77)
	at java.base/jdk.internal.reflect.DelegatingMethodAccessorImpl.invoke(DelegatingMethodAccessorImpl.java:43)
	at java.base/java.lang.reflect.Method.invoke(Method.java:568)
	at org.springframework.web.method.support.InvocableHandlerMethod.doInvoke(InvocableHandlerMethod.java:252)
	at org.springframework.web.method.support.InvocableHandlerMethod.invokeForRequest(InvocableHandlerMethod.java:184)
	at org.springframework.web.servlet.mvc.method.annotation.ServletInvocableHandlerMethod.invokeAndHandle(ServletInvocableHandlerMethod.java:117)
	at org.springframework.web.servlet.mvc.method.annotation.RequestMappingHandlerAdapter.invokeHandlerMethod(RequestMappingHandlerAdapter.java:934)
	at org.springframework.web.servlet.mvc.method.annotation.RequestMappingHandlerAdapter.handleInternal(RequestMappingHandlerAdapter.java:853)
	at org.springframework.web.servlet.mvc.method.AbstractHandlerMethodAdapter.handle(AbstractHandlerMethodAdapter.java:86)
	at org.springframework.web.servlet.DispatcherServlet.doDispatch(DispatcherServlet.java:963)
	at org.springframework.web.servlet.DispatcherServlet.doService(DispatcherServlet.java:866)
	at org.springframework.web.servlet.FrameworkServlet.processRequest(FrameworkServlet.java:1000)
	at org.springframework.web.servlet.FrameworkServlet.doPost(FrameworkServlet.java:903)
	at jakarta.servlet.http.HttpServlet.service(HttpServlet.java:649)
	at org.springframework.web.servlet.FrameworkServlet.service(FrameworkServlet.java:874)
	at jakarta.servlet.http.HttpServlet.service(HttpServlet.java:710)
	at org.apache.catalina.core.ApplicationFilterChain.doFilter(ApplicationFilterChain.java:132)
	at org.apache.tomcat.websocket.server.WsFilter.doFilter(WsFilter.java:59)
	at org.apache.catalina.core.ApplicationFilterChain.doFilter(ApplicationFilterChain.java:111)
	at org.springframework.web.filter.CompositeFilter$VirtualFilterChain.doFilter(CompositeFilter.java:108)
	at org.springframework.security.web.FilterChainProxy.lambda$doFilterInternal$2(FilterChainProxy.java:235)
	at org.springframework.security.web.FilterChainProxy$VirtualFilterChain.doFilter(FilterChainProxy.java:376)
	at org.springframework.security.web.access.ExceptionTranslationFilter.doFilter(ExceptionTranslationFilter.java:126)
	at org.springframework.security.web.access.ExceptionTranslationFilter.doFilter(ExceptionTranslationFilter.java:120)
	at org.springframework.security.web.FilterChainProxy$VirtualFilterChain.doFilter(FilterChainProxy.java:385)
	at org.springframework.security.web.authentication.AnonymousAuthenticationFilter.doFilter(AnonymousAuthenticationFilter.java:100)
	at org.springframework.security.web.FilterChainProxy$VirtualFilterChain.doFilter(FilterChainProxy.java:385)
	at org.springframework.security.web.servletapi.SecurityContextHolderAwareRequestFilter.doFilter(SecurityContextHolderAwareRequestFilter.java:181)
	at org.springframework.security.web.FilterChainProxy$VirtualFilterChain.doFilter(FilterChainProxy.java:385)
	at org.springframework.security.web.savedrequest.RequestCacheAwareFilter.doFilter(RequestCacheAwareFilter.java:63)
	at org.springframework.security.web.FilterChainProxy$VirtualFilterChain.doFilter(FilterChainProxy.java:385)
	at org.springframework.security.web.authentication.logout.LogoutFilter.doFilter(LogoutFilter.java:110)
	at org.springframework.security.web.authentication.logout.LogoutFilter.doFilter(LogoutFilter.java:96)
	at org.springframework.security.web.FilterChainProxy$VirtualFilterChain.doFilter(FilterChainProxy.java:385)
	at org.springframework.security.web.header.HeaderWriterFilter.doHeadersAfter(HeaderWriterFilter.java:90)
	at org.springframework.security.web.header.HeaderWriterFilter.doFilterInternal(HeaderWriterFilter.java:75)
	at org.springframework.web.filter.OncePerRequestFilter.doFilter(OncePerRequestFilter.java:116)
	at org.springframework.security.web.FilterChainProxy$VirtualFilterChain.doFilter(FilterChainProxy.java:385)
	at org.springframework.security.web.context.SecurityContextHolderFilter.doFilter(SecurityContextHolderFilter.java:82)
	at org.springframework.security.web.context.SecurityContextHolderFilter.doFilter(SecurityContextHolderFilter.java:69)
	at org.springframework.security.web.FilterChainProxy$VirtualFilterChain.doFilter(FilterChainProxy.java:385)
	at org.springframework.security.web.context.request.async.WebAsyncManagerIntegrationFilter.doFilterInternal(WebAsyncManagerIntegrationFilter.java:62)
	at org.springframework.web.filter.OncePerRequestFilter.doFilter(OncePerRequestFilter.java:116)
	at org.springframework.security.web.FilterChainProxy$VirtualFilterChain.doFilter(FilterChainProxy.java:385)
	at org.springframework.security.web.session.DisableEncodeUrlFilter.doFilterInternal(DisableEncodeUrlFilter.java:42)
	at org.springframework.web.filter.OncePerRequestFilter.doFilter(OncePerRequestFilter.java:116)
	at org.springframework.security.web.FilterChainProxy$VirtualFilterChain.doFilter(FilterChainProxy.java:385)
	at org.springframework.security.web.FilterChainProxy.doFilterInternal(FilterChainProxy.java:237)
	at org.springframework.security.web.FilterChainProxy.doFilter(FilterChainProxy.java:195)
	at org.springframework.web.filter.CompositeFilter$VirtualFilterChain.doFilter(CompositeFilter.java:113)
	at org.springframework.web.filter.ServletRequestPathFilter.doFilter(ServletRequestPathFilter.java:52)
	at org.springframework.web.filter.CompositeFilter$VirtualFilterChain.doFilter(CompositeFilter.java:113)
	at org.springframework.web.filter.CompositeFilter.doFilter(CompositeFilter.java:74)
	at org.springframework.security.config.annotation.web.configuration.WebSecurityConfiguration$CompositeFilterChainProxy.doFilter(WebSecurityConfiguration.java:317)
	at org.springframework.web.filter.DelegatingFilterProxy.invokeDelegate(DelegatingFilterProxy.java:355)
	at org.springframework.web.filter.DelegatingFilterProxy.doFilter(DelegatingFilterProxy.java:272)
	at org.apache.catalina.core.ApplicationFilterChain.doFilter(ApplicationFilterChain.java:111)
	at org.springframework.web.filter.RequestContextFilter.doFilterInternal(RequestContextFilter.java:100)
	at org.springframework.web.filter.OncePerRequestFilter.doFilter(OncePerRequestFilter.java:116)
	at org.apache.catalina.core.ApplicationFilterChain.doFilter(ApplicationFilterChain.java:111)
	at org.springframework.web.filter.FormContentFilter.doFilterInternal(FormContentFilter.java:93)
	at org.springframework.web.filter.OncePerRequestFilter.doFilter(OncePerRequestFilter.java:116)
	at org.apache.catalina.core.ApplicationFilterChain.doFilter(ApplicationFilterChain.java:111)
	at org.springframework.web.filter.CharacterEncodingFilter.doFilterInternal(CharacterEncodingFilter.java:199)
	at org.springframework.web.filter.OncePerRequestFilter.doFilter(OncePerRequestFilter.java:116)
	at org.apache.catalina.core.ApplicationFilterChain.doFilter(ApplicationFilterChain.java:111)
	at org.apache.catalina.core.StandardWrapperValve.invoke(StandardWrapperValve.java:165)
	at org.apache.catalina.core.StandardContextValve.invoke(StandardContextValve.java:77)
	at org.apache.catalina.authenticator.AuthenticatorBase.invoke(AuthenticatorBase.java:535)
	at org.apache.catalina.core.StandardHostValve.invoke(StandardHostValve.java:115)
	at org.apache.catalina.valves.ErrorReportValve.invoke(ErrorReportValve.java:86)
	at org.apache.catalina.core.StandardEngineValve.invoke(StandardEngineValve.java:71)
	at org.apache.catalina.connector.CoyoteAdapter.service(CoyoteAdapter.java:347)
	at org.apache.coyote.http11.Http11Processor.service(Http11Processor.java:406)
	at org.apache.coyote.AbstractProcessorLight.process(AbstractProcessorLight.java:71)
	at org.apache.coyote.AbstractProtocol$ConnectionHandler.process(AbstractProtocol.java:1307)
	at org.apache.tomcat.util.net.NioEndpoint$SocketProcessor.doRun(NioEndpoint.java:2036)
	at org.apache.tomcat.util.net.SocketProcessorBase.run(SocketProcessorBase.java:74)
	at org.apache.tomcat.util.threads.ThreadPoolExecutor.runWorker(ThreadPoolExecutor.java:949)
	at org.apache.tomcat.util.threads.ThreadPoolExecutor$Worker.run(ThreadPoolExecutor.java:483)
	at org.apache.tomcat.util.threads.TaskThread$WrappingRunnable.run(TaskThread.java:74)
	at java.base/java.lang.Thread.run(Thread.java:842)
2026-09-17 09:40:23 INFO  [boot.tomcat.GracefulShutdown] - Commencing graceful shutdown. Waiting for active requests to complete
2026-09-17 09:40:24 INFO  [boot.tomcat.GracefulShutdown] - Graceful shutdown complete
2026-09-17 09:40:24 INFO  [orm.jpa.LocalContainerEntityManagerFactoryBean] - Closing JPA EntityManagerFactory for persistence unit 'default'
2026-09-17 09:40:24 INFO  [zaxxer.hikari.HikariDataSource] - HikariPool-1 - Shutdown initiated...
2026-09-17 09:40:24 INFO  [zaxxer.hikari.HikariDataSource] - HikariPool-1 - Shutdown completed.
2026-09-17 09:40:28 INFO  [devtools.env.DevToolsPropertyDefaultsPostProcessor] - Devtools property defaults active! Set 'spring.devtools.add-properties' to 'false' to disable
2026-09-17 09:40:28 INFO  [devtools.env.DevToolsPropertyDefaultsPostProcessor] - For additional web related logging consider setting the 'logging.level.web' property to 'DEBUG'
2026-09-17 09:40:29 INFO  [repository.config.RepositoryConfigurationDelegate] - Bootstrapping Spring Data JPA repositories in DEFAULT mode.
2026-09-17 09:40:29 INFO  [repository.config.RepositoryConfigurationDelegate] - Finished Spring Data repository scanning in 52 ms. Found 2 JPA repository interfaces.
2026-09-17 09:40:30 INFO  [boot.tomcat.TomcatWebServer] - Tomcat initialized with port 8090 (http)
2026-09-17 09:40:30 INFO  [coyote.http11.Http11NioProtocol] - Initializing ProtocolHandler ["http-nio-8090"]
2026-09-17 09:40:30 INFO  [catalina.core.StandardService] - Starting service [Tomcat]
2026-09-17 09:40:30 INFO  [catalina.core.StandardEngine] - Starting Servlet engine: [Apache Tomcat/11.0.24]
2026-09-17 09:40:30 INFO  [context.servlet.WebApplicationContextInitializer] - Root WebApplicationContext: initialization completed in 1739 ms
2026-09-17 09:40:30 INFO  [hibernate.orm.jpa] - HHH008540: Processing PersistenceUnitInfo [name: default]
2026-09-17 09:40:30 INFO  [hibernate.orm.core] - HHH000001: Hibernate ORM core version 7.4.5.Final
2026-09-17 09:40:31 INFO  [jpa.persistenceunit.SpringPersistenceUnitInfo] - No LoadTimeWeaver setup: ignoring JPA class transformer
2026-09-17 09:40:31 INFO  [zaxxer.hikari.HikariDataSource] - HikariPool-1 - Starting...
2026-09-17 09:40:31 INFO  [hikari.pool.HikariPool] - HikariPool-1 - Added connection com.mysql.cj.jdbc.ConnectionImpl@68ff2080
2026-09-17 09:40:31 INFO  [zaxxer.hikari.HikariDataSource] - HikariPool-1 - Start completed.
2026-09-17 09:40:31 WARN  [hibernate.orm.deprecation] - HHH90000025: MySQLDialect does not need to be specified explicitly using 'hibernate.dialect' (remove the property setting and it will be selected by default)
2026-09-17 09:40:31 INFO  [orm.connections.pooling] - HHH10001005: Database info:
	Database JDBC URL [jdbc:mysql://localhost:3306/DB_CALENDAR]
	Database driver: MySQL Connector/J
	Database dialect: MySQLDialect
	Database version: 8.0.46
	Default catalog/schema: DB_CALENDAR/undefined
	Autocommit mode: undefined/unknown
	Isolation level: REPEATABLE_READ [default REPEATABLE_READ]
	JDBC fetch size: none
	Pool: DataSourceConnectionProvider
	Minimum pool size: undefined/unknown
	Maximum pool size: undefined/unknown
2026-09-17 09:40:32 INFO  [hibernate.orm.core] - HHH000489: No JTA platform available (set 'hibernate.transaction.jta.platform' to enable JTA platform integration)
2026-09-17 09:40:32 INFO  [orm.jpa.LocalContainerEntityManagerFactoryBean] - Initialized JPA EntityManagerFactory for persistence unit 'default'
2026-09-17 09:40:32 INFO  [repository.query.QueryEnhancerFactories] - Hibernate is in classpath; If applicable, HQL parser will be used.
2026-09-17 09:40:33 WARN  [jpa.autoconfigure.JpaBaseConfiguration$JpaWebConfiguration] - spring.jpa.open-in-view is enabled by default. Therefore, database queries may be performed during view rendering. Explicitly configure spring.jpa.open-in-view to disable this warning
2026-09-17 09:40:33 WARN  [security.autoconfigure.UserDetailsServiceAutoConfiguration] - 

Using generated security password: ee77de3c-fc8e-48ba-a64d-892fefa9e49b

This generated password is for development use only. Your security configuration must be updated before running your application in production.

2026-09-17 09:40:33 INFO  [authentication.configuration.InitializeUserDetailsBeanManagerConfigurer$InitializeUserDetailsManagerConfigurer] - Global AuthenticationManager configured with UserDetailsService bean with name inMemoryUserDetailsManager
2026-09-17 09:40:33 INFO  [coyote.http11.Http11NioProtocol] - Starting ProtocolHandler ["http-nio-8090"]
2026-09-17 09:40:33 INFO  [boot.tomcat.TomcatWebServer] - Tomcat started on port 8090 (http) with context path '/'
2026-09-17 09:40:34 INFO  [[Tomcat].[localhost].[/]] - Initializing Spring DispatcherServlet 'dispatcherServlet'
2026-09-17 09:40:34 INFO  [web.servlet.DispatcherServlet] - Initializing Servlet 'dispatcherServlet'
2026-09-17 09:40:34 INFO  [web.servlet.DispatcherServlet] - Completed initialization in 1 ms
2026-09-17 09:40:46 ERROR [[localhost].[/].[dispatcherServlet]] - Servlet.service() for servlet [dispatcherServlet] in context with path [] threw exception [Request processing failed: org.springframework.dao.DataIntegrityViolationException: not-null property references a null or transient value for entity com.office.calendaradmin.member.jpa.MemberEntity.memPhone] with root cause
org.hibernate.PropertyValueException: not-null property references a null or transient value for entity com.office.calendaradmin.member.jpa.MemberEntity.memPhone
	at org.hibernate.engine.internal.Nullability.checkNullability(Nullability.java:120)
	at org.hibernate.action.internal.AbstractEntityInsertAction.nullifyTransientReferencesIfNotAlready(AbstractEntityInsertAction.java:120)
	at org.hibernate.action.internal.EntityIdentityInsertAction.execute(EntityIdentityInsertAction.java:69)
	at org.hibernate.engine.spi.ActionQueue.execute(ActionQueue.java:667)
	at org.hibernate.engine.spi.ActionQueue.addResolvedEntityInsertAction(ActionQueue.java:291)
	at org.hibernate.engine.spi.ActionQueue.addInsertAction(ActionQueue.java:270)
	at org.hibernate.engine.spi.ActionQueue.addAction(ActionQueue.java:322)
	at org.hibernate.event.internal.AbstractSaveEventListener.addInsertAction(AbstractSaveEventListener.java:384)
	at org.hibernate.event.internal.AbstractSaveEventListener.performSaveOrReplicate(AbstractSaveEventListener.java:298)
	at org.hibernate.event.internal.AbstractSaveEventListener.performSave(AbstractSaveEventListener.java:228)
	at org.hibernate.event.internal.AbstractSaveEventListener.saveWithGeneratedId(AbstractSaveEventListener.java:144)
	at org.hibernate.event.internal.DefaultPersistEventListener.entityIsTransient(DefaultPersistEventListener.java:144)
	at org.hibernate.event.internal.DefaultPersistEventListener.persist(DefaultPersistEventListener.java:91)
	at org.hibernate.event.internal.DefaultPersistEventListener.onPersist(DefaultPersistEventListener.java:75)
	at org.hibernate.event.internal.DefaultPersistEventListener.onPersist(DefaultPersistEventListener.java:51)
	at org.hibernate.event.service.internal.EventListenerGroupImpl.fireEventOnEachListener(EventListenerGroupImpl.java:138)
	at org.hibernate.internal.SessionImpl.firePersist(SessionImpl.java:709)
	at org.hibernate.internal.SessionImpl.persist(SessionImpl.java:692)
	at java.base/jdk.internal.reflect.NativeMethodAccessorImpl.invoke0(Native Method)
	at java.base/jdk.internal.reflect.NativeMethodAccessorImpl.invoke(NativeMethodAccessorImpl.java:77)
	at java.base/jdk.internal.reflect.DelegatingMethodAccessorImpl.invoke(DelegatingMethodAccessorImpl.java:43)
	at java.base/java.lang.reflect.Method.invoke(Method.java:568)
	at org.springframework.orm.jpa.ExtendedEntityManagerCreator$ExtendedEntityManagerInvocationHandler.invoke(ExtendedEntityManagerCreator.java:360)
	at jdk.proxy4/jdk.proxy4.$Proxy135.persist(Unknown Source)
	at java.base/jdk.internal.reflect.NativeMethodAccessorImpl.invoke0(Native Method)
	at java.base/jdk.internal.reflect.NativeMethodAccessorImpl.invoke(NativeMethodAccessorImpl.java:77)
	at java.base/jdk.internal.reflect.DelegatingMethodAccessorImpl.invoke(DelegatingMethodAccessorImpl.java:43)
	at java.base/java.lang.reflect.Method.invoke(Method.java:568)
	at org.springframework.orm.jpa.SharedEntityManagerCreator$SharedEntityHandlerInvocationHandler.invokeMethod(SharedEntityManagerCreator.java:239)
	at org.springframework.orm.jpa.SharedEntityManagerCreator$SharedEntityManagerInvocationHandler.invoke(SharedEntityManagerCreator.java:392)
	at jdk.proxy4/jdk.proxy4.$Proxy135.persist(Unknown Source)
	at org.springframework.data.jpa.repository.support.SimpleJpaRepository.save(SimpleJpaRepository.java:664)
	at java.base/jdk.internal.reflect.NativeMethodAccessorImpl.invoke0(Native Method)
	at java.base/jdk.internal.reflect.NativeMethodAccessorImpl.invoke(NativeMethodAccessorImpl.java:77)
	at java.base/jdk.internal.reflect.DelegatingMethodAccessorImpl.invoke(DelegatingMethodAccessorImpl.java:43)
	at java.base/java.lang.reflect.Method.invoke(Method.java:568)
	at org.springframework.aop.support.AopUtils.invokeJoinpointUsingReflection(AopUtils.java:359)
	at org.springframework.data.repository.core.support.RepositoryMethodInvoker$RepositoryFragmentMethodInvoker.lambda$new$0(RepositoryMethodInvoker.java:278)
	at org.springframework.data.repository.core.support.RepositoryMethodInvoker.doInvoke(RepositoryMethodInvoker.java:169)
	at org.springframework.data.repository.core.support.RepositoryMethodInvoker.invoke(RepositoryMethodInvoker.java:158)
	at org.springframework.data.repository.core.support.RepositoryComposition$RepositoryFragments.invoke(RepositoryComposition.java:545)
	at org.springframework.data.repository.core.support.RepositoryComposition.invoke(RepositoryComposition.java:290)
	at org.springframework.data.repository.core.support.RepositoryFactorySupport$ImplementationMethodExecutionInterceptor.invoke(RepositoryFactorySupport.java:690)
	at org.springframework.aop.framework.ReflectiveMethodInvocation.proceed(ReflectiveMethodInvocation.java:179)
	at org.springframework.data.repository.core.support.QueryExecutorMethodInterceptor.doInvoke(QueryExecutorMethodInterceptor.java:171)
	at org.springframework.data.repository.core.support.QueryExecutorMethodInterceptor.invoke(QueryExecutorMethodInterceptor.java:146)
	at org.springframework.aop.framework.ReflectiveMethodInvocation.proceed(ReflectiveMethodInvocation.java:179)
	at org.springframework.data.projection.DefaultMethodInvokingMethodInterceptor.invoke(DefaultMethodInvokingMethodInterceptor.java:69)
	at org.springframework.aop.framework.ReflectiveMethodInvocation.proceed(ReflectiveMethodInvocation.java:179)
	at org.springframework.transaction.interceptor.TransactionInterceptor$1.proceedWithInvocation(TransactionInterceptor.java:133)
	at org.springframework.transaction.interceptor.TransactionAspectSupport.invokeWithinTransaction(TransactionAspectSupport.java:371)
	at org.springframework.transaction.interceptor.TransactionInterceptor.invoke(TransactionInterceptor.java:130)
	at org.springframework.aop.framework.ReflectiveMethodInvocation.proceed(ReflectiveMethodInvocation.java:179)
	at org.springframework.dao.support.PersistenceExceptionTranslationInterceptor.invoke(PersistenceExceptionTranslationInterceptor.java:135)
	at org.springframework.aop.framework.ReflectiveMethodInvocation.proceed(ReflectiveMethodInvocation.java:179)
	at org.springframework.data.jpa.repository.support.CrudMethodMetadataPostProcessor$CrudMethodMetadataPopulatingMethodInterceptor.invoke(CrudMethodMetadataPostProcessor.java:166)
	at org.springframework.aop.framework.ReflectiveMethodInvocation.proceed(ReflectiveMethodInvocation.java:179)
	at org.springframework.aop.framework.JdkDynamicAopProxy.invoke(JdkDynamicAopProxy.java:222)
	at jdk.proxy4/jdk.proxy4.$Proxy145.save(Unknown Source)
	at com.office.calendaradmin.member.MemberService.signupConfirm(MemberService.java:80)
	at java.base/jdk.internal.reflect.NativeMethodAccessorImpl.invoke0(Native Method)
	at java.base/jdk.internal.reflect.NativeMethodAccessorImpl.invoke(NativeMethodAccessorImpl.java:77)
	at java.base/jdk.internal.reflect.DelegatingMethodAccessorImpl.invoke(DelegatingMethodAccessorImpl.java:43)
	at java.base/java.lang.reflect.Method.invoke(Method.java:568)
	at org.springframework.aop.support.AopUtils.invokeJoinpointUsingReflection(AopUtils.java:359)
	at org.springframework.aop.framework.CglibAopProxy$DynamicAdvisedInterceptor.intercept(CglibAopProxy.java:715)
	at com.office.calendaradmin.member.MemberService$$SpringCGLIB$$0.signupConfirm(<generated>)
	at com.office.calendaradmin.member.MemberController.signupConfirm(MemberController.java:40)
	at java.base/jdk.internal.reflect.NativeMethodAccessorImpl.invoke0(Native Method)
	at java.base/jdk.internal.reflect.NativeMethodAccessorImpl.invoke(NativeMethodAccessorImpl.java:77)
	at java.base/jdk.internal.reflect.DelegatingMethodAccessorImpl.invoke(DelegatingMethodAccessorImpl.java:43)
	at java.base/java.lang.reflect.Method.invoke(Method.java:568)
	at org.springframework.web.method.support.InvocableHandlerMethod.doInvoke(InvocableHandlerMethod.java:252)
	at org.springframework.web.method.support.InvocableHandlerMethod.invokeForRequest(InvocableHandlerMethod.java:184)
	at org.springframework.web.servlet.mvc.method.annotation.ServletInvocableHandlerMethod.invokeAndHandle(ServletInvocableHandlerMethod.java:117)
	at org.springframework.web.servlet.mvc.method.annotation.RequestMappingHandlerAdapter.invokeHandlerMethod(RequestMappingHandlerAdapter.java:934)
	at org.springframework.web.servlet.mvc.method.annotation.RequestMappingHandlerAdapter.handleInternal(RequestMappingHandlerAdapter.java:853)
	at org.springframework.web.servlet.mvc.method.AbstractHandlerMethodAdapter.handle(AbstractHandlerMethodAdapter.java:86)
	at org.springframework.web.servlet.DispatcherServlet.doDispatch(DispatcherServlet.java:963)
	at org.springframework.web.servlet.DispatcherServlet.doService(DispatcherServlet.java:866)
	at org.springframework.web.servlet.FrameworkServlet.processRequest(FrameworkServlet.java:1000)
	at org.springframework.web.servlet.FrameworkServlet.doPost(FrameworkServlet.java:903)
	at jakarta.servlet.http.HttpServlet.service(HttpServlet.java:649)
	at org.springframework.web.servlet.FrameworkServlet.service(FrameworkServlet.java:874)
	at jakarta.servlet.http.HttpServlet.service(HttpServlet.java:710)
	at org.apache.catalina.core.ApplicationFilterChain.doFilter(ApplicationFilterChain.java:132)
	at org.apache.tomcat.websocket.server.WsFilter.doFilter(WsFilter.java:59)
	at org.apache.catalina.core.ApplicationFilterChain.doFilter(ApplicationFilterChain.java:111)
	at org.springframework.web.filter.CompositeFilter$VirtualFilterChain.doFilter(CompositeFilter.java:108)
	at org.springframework.security.web.FilterChainProxy.lambda$doFilterInternal$2(FilterChainProxy.java:235)
	at org.springframework.security.web.FilterChainProxy$VirtualFilterChain.doFilter(FilterChainProxy.java:376)
	at org.springframework.security.web.access.ExceptionTranslationFilter.doFilter(ExceptionTranslationFilter.java:126)
	at org.springframework.security.web.access.ExceptionTranslationFilter.doFilter(ExceptionTranslationFilter.java:120)
	at org.springframework.security.web.FilterChainProxy$VirtualFilterChain.doFilter(FilterChainProxy.java:385)
	at org.springframework.security.web.authentication.AnonymousAuthenticationFilter.doFilter(AnonymousAuthenticationFilter.java:100)
	at org.springframework.security.web.FilterChainProxy$VirtualFilterChain.doFilter(FilterChainProxy.java:385)
	at org.springframework.security.web.servletapi.SecurityContextHolderAwareRequestFilter.doFilter(SecurityContextHolderAwareRequestFilter.java:181)
	at org.springframework.security.web.FilterChainProxy$VirtualFilterChain.doFilter(FilterChainProxy.java:385)
	at org.springframework.security.web.savedrequest.RequestCacheAwareFilter.doFilter(RequestCacheAwareFilter.java:63)
	at org.springframework.security.web.FilterChainProxy$VirtualFilterChain.doFilter(FilterChainProxy.java:385)
	at org.springframework.security.web.authentication.logout.LogoutFilter.doFilter(LogoutFilter.java:110)
	at org.springframework.security.web.authentication.logout.LogoutFilter.doFilter(LogoutFilter.java:96)
	at org.springframework.security.web.FilterChainProxy$VirtualFilterChain.doFilter(FilterChainProxy.java:385)
	at org.springframework.security.web.header.HeaderWriterFilter.doHeadersAfter(HeaderWriterFilter.java:90)
	at org.springframework.security.web.header.HeaderWriterFilter.doFilterInternal(HeaderWriterFilter.java:75)
	at org.springframework.web.filter.OncePerRequestFilter.doFilter(OncePerRequestFilter.java:116)
	at org.springframework.security.web.FilterChainProxy$VirtualFilterChain.doFilter(FilterChainProxy.java:385)
	at org.springframework.security.web.context.SecurityContextHolderFilter.doFilter(SecurityContextHolderFilter.java:82)
	at org.springframework.security.web.context.SecurityContextHolderFilter.doFilter(SecurityContextHolderFilter.java:69)
	at org.springframework.security.web.FilterChainProxy$VirtualFilterChain.doFilter(FilterChainProxy.java:385)
	at org.springframework.security.web.context.request.async.WebAsyncManagerIntegrationFilter.doFilterInternal(WebAsyncManagerIntegrationFilter.java:62)
	at org.springframework.web.filter.OncePerRequestFilter.doFilter(OncePerRequestFilter.java:116)
	at org.springframework.security.web.FilterChainProxy$VirtualFilterChain.doFilter(FilterChainProxy.java:385)
	at org.springframework.security.web.session.DisableEncodeUrlFilter.doFilterInternal(DisableEncodeUrlFilter.java:42)
	at org.springframework.web.filter.OncePerRequestFilter.doFilter(OncePerRequestFilter.java:116)
	at org.springframework.security.web.FilterChainProxy$VirtualFilterChain.doFilter(FilterChainProxy.java:385)
	at org.springframework.security.web.FilterChainProxy.doFilterInternal(FilterChainProxy.java:237)
	at org.springframework.security.web.FilterChainProxy.doFilter(FilterChainProxy.java:195)
	at org.springframework.web.filter.CompositeFilter$VirtualFilterChain.doFilter(CompositeFilter.java:113)
	at org.springframework.web.filter.ServletRequestPathFilter.doFilter(ServletRequestPathFilter.java:52)
	at org.springframework.web.filter.CompositeFilter$VirtualFilterChain.doFilter(CompositeFilter.java:113)
	at org.springframework.web.filter.CompositeFilter.doFilter(CompositeFilter.java:74)
	at org.springframework.security.config.annotation.web.configuration.WebSecurityConfiguration$CompositeFilterChainProxy.doFilter(WebSecurityConfiguration.java:317)
	at org.springframework.web.filter.DelegatingFilterProxy.invokeDelegate(DelegatingFilterProxy.java:355)
	at org.springframework.web.filter.DelegatingFilterProxy.doFilter(DelegatingFilterProxy.java:272)
	at org.apache.catalina.core.ApplicationFilterChain.doFilter(ApplicationFilterChain.java:111)
	at org.springframework.web.filter.RequestContextFilter.doFilterInternal(RequestContextFilter.java:100)
	at org.springframework.web.filter.OncePerRequestFilter.doFilter(OncePerRequestFilter.java:116)
	at org.apache.catalina.core.ApplicationFilterChain.doFilter(ApplicationFilterChain.java:111)
	at org.springframework.web.filter.FormContentFilter.doFilterInternal(FormContentFilter.java:93)
	at org.springframework.web.filter.OncePerRequestFilter.doFilter(OncePerRequestFilter.java:116)
	at org.apache.catalina.core.ApplicationFilterChain.doFilter(ApplicationFilterChain.java:111)
	at org.springframework.web.filter.CharacterEncodingFilter.doFilterInternal(CharacterEncodingFilter.java:199)
	at org.springframework.web.filter.OncePerRequestFilter.doFilter(OncePerRequestFilter.java:116)
	at org.apache.catalina.core.ApplicationFilterChain.doFilter(ApplicationFilterChain.java:111)
	at org.apache.catalina.core.StandardWrapperValve.invoke(StandardWrapperValve.java:165)
	at org.apache.catalina.core.StandardContextValve.invoke(StandardContextValve.java:77)
	at org.apache.catalina.authenticator.AuthenticatorBase.invoke(AuthenticatorBase.java:535)
	at org.apache.catalina.core.StandardHostValve.invoke(StandardHostValve.java:115)
	at org.apache.catalina.valves.ErrorReportValve.invoke(ErrorReportValve.java:86)
	at org.apache.catalina.core.StandardEngineValve.invoke(StandardEngineValve.java:71)
	at org.apache.catalina.connector.CoyoteAdapter.service(CoyoteAdapter.java:347)
	at org.apache.coyote.http11.Http11Processor.service(Http11Processor.java:406)
	at org.apache.coyote.AbstractProcessorLight.process(AbstractProcessorLight.java:71)
	at org.apache.coyote.AbstractProtocol$ConnectionHandler.process(AbstractProtocol.java:1307)
	at org.apache.tomcat.util.net.NioEndpoint$SocketProcessor.doRun(NioEndpoint.java:2036)
	at org.apache.tomcat.util.net.SocketProcessorBase.run(SocketProcessorBase.java:74)
	at org.apache.tomcat.util.threads.ThreadPoolExecutor.runWorker(ThreadPoolExecutor.java:949)
	at org.apache.tomcat.util.threads.ThreadPoolExecutor$Worker.run(ThreadPoolExecutor.java:483)
	at org.apache.tomcat.util.threads.TaskThread$WrappingRunnable.run(TaskThread.java:74)
	at java.base/java.lang.Thread.run(Thread.java:842)
2026-09-17 09:41:43 INFO  [boot.tomcat.GracefulShutdown] - Commencing graceful shutdown. Waiting for active requests to complete
2026-09-17 09:41:44 INFO  [boot.tomcat.GracefulShutdown] - Graceful shutdown complete
2026-09-17 09:41:44 INFO  [orm.jpa.LocalContainerEntityManagerFactoryBean] - Closing JPA EntityManagerFactory for persistence unit 'default'
2026-09-17 09:41:44 INFO  [zaxxer.hikari.HikariDataSource] - HikariPool-1 - Shutdown initiated...
2026-09-17 09:41:44 INFO  [zaxxer.hikari.HikariDataSource] - HikariPool-1 - Shutdown completed.
2026-09-17 09:41:48 INFO  [devtools.env.DevToolsPropertyDefaultsPostProcessor] - Devtools property defaults active! Set 'spring.devtools.add-properties' to 'false' to disable
2026-09-17 09:41:48 INFO  [devtools.env.DevToolsPropertyDefaultsPostProcessor] - For additional web related logging consider setting the 'logging.level.web' property to 'DEBUG'
2026-09-17 09:41:48 INFO  [repository.config.RepositoryConfigurationDelegate] - Bootstrapping Spring Data JPA repositories in DEFAULT mode.
2026-09-17 09:41:49 INFO  [repository.config.RepositoryConfigurationDelegate] - Finished Spring Data repository scanning in 35 ms. Found 2 JPA repository interfaces.
2026-09-17 09:41:49 INFO  [boot.tomcat.TomcatWebServer] - Tomcat initialized with port 8090 (http)
2026-09-17 09:41:49 INFO  [coyote.http11.Http11NioProtocol] - Initializing ProtocolHandler ["http-nio-8090"]
2026-09-17 09:41:49 INFO  [catalina.core.StandardService] - Starting service [Tomcat]
2026-09-17 09:41:49 INFO  [catalina.core.StandardEngine] - Starting Servlet engine: [Apache Tomcat/11.0.24]
2026-09-17 09:41:49 INFO  [context.servlet.WebApplicationContextInitializer] - Root WebApplicationContext: initialization completed in 1524 ms
2026-09-17 09:41:50 INFO  [hibernate.orm.jpa] - HHH008540: Processing PersistenceUnitInfo [name: default]
2026-09-17 09:41:50 INFO  [hibernate.orm.core] - HHH000001: Hibernate ORM core version 7.4.5.Final
2026-09-17 09:41:50 INFO  [jpa.persistenceunit.SpringPersistenceUnitInfo] - No LoadTimeWeaver setup: ignoring JPA class transformer
2026-09-17 09:41:50 INFO  [zaxxer.hikari.HikariDataSource] - HikariPool-1 - Starting...
2026-09-17 09:41:50 INFO  [hikari.pool.HikariPool] - HikariPool-1 - Added connection com.mysql.cj.jdbc.ConnectionImpl@3231935a
2026-09-17 09:41:50 INFO  [zaxxer.hikari.HikariDataSource] - HikariPool-1 - Start completed.
2026-09-17 09:41:50 WARN  [hibernate.orm.deprecation] - HHH90000025: MySQLDialect does not need to be specified explicitly using 'hibernate.dialect' (remove the property setting and it will be selected by default)
2026-09-17 09:41:50 INFO  [orm.connections.pooling] - HHH10001005: Database info:
	Database JDBC URL [jdbc:mysql://localhost:3306/DB_CALENDAR]
	Database driver: MySQL Connector/J
	Database dialect: MySQLDialect
	Database version: 8.0.46
	Default catalog/schema: DB_CALENDAR/undefined
	Autocommit mode: undefined/unknown
	Isolation level: REPEATABLE_READ [default REPEATABLE_READ]
	JDBC fetch size: none
	Pool: DataSourceConnectionProvider
	Minimum pool size: undefined/unknown
	Maximum pool size: undefined/unknown
2026-09-17 09:41:51 INFO  [hibernate.orm.core] - HHH000489: No JTA platform available (set 'hibernate.transaction.jta.platform' to enable JTA platform integration)
2026-09-17 09:41:51 INFO  [orm.jpa.LocalContainerEntityManagerFactoryBean] - Initialized JPA EntityManagerFactory for persistence unit 'default'
2026-09-17 09:41:52 INFO  [repository.query.QueryEnhancerFactories] - Hibernate is in classpath; If applicable, HQL parser will be used.
2026-09-17 09:41:52 WARN  [jpa.autoconfigure.JpaBaseConfiguration$JpaWebConfiguration] - spring.jpa.open-in-view is enabled by default. Therefore, database queries may be performed during view rendering. Explicitly configure spring.jpa.open-in-view to disable this warning
2026-09-17 09:41:52 WARN  [security.autoconfigure.UserDetailsServiceAutoConfiguration] - 

Using generated security password: c3f0465e-7d32-45f8-b072-c62dddff0d22

This generated password is for development use only. Your security configuration must be updated before running your application in production.

2026-09-17 09:41:52 INFO  [authentication.configuration.InitializeUserDetailsBeanManagerConfigurer$InitializeUserDetailsManagerConfigurer] - Global AuthenticationManager configured with UserDetailsService bean with name inMemoryUserDetailsManager
2026-09-17 09:41:52 INFO  [coyote.http11.Http11NioProtocol] - Starting ProtocolHandler ["http-nio-8090"]
2026-09-17 09:41:52 INFO  [boot.tomcat.TomcatWebServer] - Tomcat started on port 8090 (http) with context path '/'
2026-09-17 09:41:53 INFO  [[Tomcat].[localhost].[/]] - Initializing Spring DispatcherServlet 'dispatcherServlet'
2026-09-17 09:41:53 INFO  [web.servlet.DispatcherServlet] - Initializing Servlet 'dispatcherServlet'
2026-09-17 09:41:53 INFO  [web.servlet.DispatcherServlet] - Completed initialization in 1 ms
2026-09-17 09:42:01 ERROR [[localhost].[/].[dispatcherServlet]] - Servlet.service() for servlet [dispatcherServlet] in context with path [] threw exception [Request processing failed: org.springframework.dao.DataIntegrityViolationException: not-null property references a null or transient value for entity com.office.calendaradmin.member.jpa.MemberEntity.memPhone] with root cause
org.hibernate.PropertyValueException: not-null property references a null or transient value for entity com.office.calendaradmin.member.jpa.MemberEntity.memPhone
	at org.hibernate.engine.internal.Nullability.checkNullability(Nullability.java:120)
	at org.hibernate.action.internal.AbstractEntityInsertAction.nullifyTransientReferencesIfNotAlready(AbstractEntityInsertAction.java:120)
	at org.hibernate.action.internal.EntityIdentityInsertAction.execute(EntityIdentityInsertAction.java:69)
	at org.hibernate.engine.spi.ActionQueue.execute(ActionQueue.java:667)
	at org.hibernate.engine.spi.ActionQueue.addResolvedEntityInsertAction(ActionQueue.java:291)
	at org.hibernate.engine.spi.ActionQueue.addInsertAction(ActionQueue.java:270)
	at org.hibernate.engine.spi.ActionQueue.addAction(ActionQueue.java:322)
	at org.hibernate.event.internal.AbstractSaveEventListener.addInsertAction(AbstractSaveEventListener.java:384)
	at org.hibernate.event.internal.AbstractSaveEventListener.performSaveOrReplicate(AbstractSaveEventListener.java:298)
	at org.hibernate.event.internal.AbstractSaveEventListener.performSave(AbstractSaveEventListener.java:228)
	at org.hibernate.event.internal.AbstractSaveEventListener.saveWithGeneratedId(AbstractSaveEventListener.java:144)
	at org.hibernate.event.internal.DefaultPersistEventListener.entityIsTransient(DefaultPersistEventListener.java:144)
	at org.hibernate.event.internal.DefaultPersistEventListener.persist(DefaultPersistEventListener.java:91)
	at org.hibernate.event.internal.DefaultPersistEventListener.onPersist(DefaultPersistEventListener.java:75)
	at org.hibernate.event.internal.DefaultPersistEventListener.onPersist(DefaultPersistEventListener.java:51)
	at org.hibernate.event.service.internal.EventListenerGroupImpl.fireEventOnEachListener(EventListenerGroupImpl.java:138)
	at org.hibernate.internal.SessionImpl.firePersist(SessionImpl.java:709)
	at org.hibernate.internal.SessionImpl.persist(SessionImpl.java:692)
	at java.base/jdk.internal.reflect.NativeMethodAccessorImpl.invoke0(Native Method)
	at java.base/jdk.internal.reflect.NativeMethodAccessorImpl.invoke(NativeMethodAccessorImpl.java:77)
	at java.base/jdk.internal.reflect.DelegatingMethodAccessorImpl.invoke(DelegatingMethodAccessorImpl.java:43)
	at java.base/java.lang.reflect.Method.invoke(Method.java:568)
	at org.springframework.orm.jpa.ExtendedEntityManagerCreator$ExtendedEntityManagerInvocationHandler.invoke(ExtendedEntityManagerCreator.java:360)
	at jdk.proxy4/jdk.proxy4.$Proxy135.persist(Unknown Source)
	at java.base/jdk.internal.reflect.NativeMethodAccessorImpl.invoke0(Native Method)
	at java.base/jdk.internal.reflect.NativeMethodAccessorImpl.invoke(NativeMethodAccessorImpl.java:77)
	at java.base/jdk.internal.reflect.DelegatingMethodAccessorImpl.invoke(DelegatingMethodAccessorImpl.java:43)
	at java.base/java.lang.reflect.Method.invoke(Method.java:568)
	at org.springframework.orm.jpa.SharedEntityManagerCreator$SharedEntityHandlerInvocationHandler.invokeMethod(SharedEntityManagerCreator.java:239)
	at org.springframework.orm.jpa.SharedEntityManagerCreator$SharedEntityManagerInvocationHandler.invoke(SharedEntityManagerCreator.java:392)
	at jdk.proxy4/jdk.proxy4.$Proxy135.persist(Unknown Source)
	at org.springframework.data.jpa.repository.support.SimpleJpaRepository.save(SimpleJpaRepository.java:664)
	at java.base/jdk.internal.reflect.NativeMethodAccessorImpl.invoke0(Native Method)
	at java.base/jdk.internal.reflect.NativeMethodAccessorImpl.invoke(NativeMethodAccessorImpl.java:77)
	at java.base/jdk.internal.reflect.DelegatingMethodAccessorImpl.invoke(DelegatingMethodAccessorImpl.java:43)
	at java.base/java.lang.reflect.Method.invoke(Method.java:568)
	at org.springframework.aop.support.AopUtils.invokeJoinpointUsingReflection(AopUtils.java:359)
	at org.springframework.data.repository.core.support.RepositoryMethodInvoker$RepositoryFragmentMethodInvoker.lambda$new$0(RepositoryMethodInvoker.java:278)
	at org.springframework.data.repository.core.support.RepositoryMethodInvoker.doInvoke(RepositoryMethodInvoker.java:169)
	at org.springframework.data.repository.core.support.RepositoryMethodInvoker.invoke(RepositoryMethodInvoker.java:158)
	at org.springframework.data.repository.core.support.RepositoryComposition$RepositoryFragments.invoke(RepositoryComposition.java:545)
	at org.springframework.data.repository.core.support.RepositoryComposition.invoke(RepositoryComposition.java:290)
	at org.springframework.data.repository.core.support.RepositoryFactorySupport$ImplementationMethodExecutionInterceptor.invoke(RepositoryFactorySupport.java:690)
	at org.springframework.aop.framework.ReflectiveMethodInvocation.proceed(ReflectiveMethodInvocation.java:179)
	at org.springframework.data.repository.core.support.QueryExecutorMethodInterceptor.doInvoke(QueryExecutorMethodInterceptor.java:171)
	at org.springframework.data.repository.core.support.QueryExecutorMethodInterceptor.invoke(QueryExecutorMethodInterceptor.java:146)
	at org.springframework.aop.framework.ReflectiveMethodInvocation.proceed(ReflectiveMethodInvocation.java:179)
	at org.springframework.data.projection.DefaultMethodInvokingMethodInterceptor.invoke(DefaultMethodInvokingMethodInterceptor.java:69)
	at org.springframework.aop.framework.ReflectiveMethodInvocation.proceed(ReflectiveMethodInvocation.java:179)
	at org.springframework.transaction.interceptor.TransactionInterceptor$1.proceedWithInvocation(TransactionInterceptor.java:133)
	at org.springframework.transaction.interceptor.TransactionAspectSupport.invokeWithinTransaction(TransactionAspectSupport.java:371)
	at org.springframework.transaction.interceptor.TransactionInterceptor.invoke(TransactionInterceptor.java:130)
	at org.springframework.aop.framework.ReflectiveMethodInvocation.proceed(ReflectiveMethodInvocation.java:179)
	at org.springframework.dao.support.PersistenceExceptionTranslationInterceptor.invoke(PersistenceExceptionTranslationInterceptor.java:135)
	at org.springframework.aop.framework.ReflectiveMethodInvocation.proceed(ReflectiveMethodInvocation.java:179)
	at org.springframework.data.jpa.repository.support.CrudMethodMetadataPostProcessor$CrudMethodMetadataPopulatingMethodInterceptor.invoke(CrudMethodMetadataPostProcessor.java:166)
	at org.springframework.aop.framework.ReflectiveMethodInvocation.proceed(ReflectiveMethodInvocation.java:179)
	at org.springframework.aop.framework.JdkDynamicAopProxy.invoke(JdkDynamicAopProxy.java:222)
	at jdk.proxy4/jdk.proxy4.$Proxy145.save(Unknown Source)
	at com.office.calendaradmin.member.MemberService.signupConfirm(MemberService.java:80)
	at java.base/jdk.internal.reflect.NativeMethodAccessorImpl.invoke0(Native Method)
	at java.base/jdk.internal.reflect.NativeMethodAccessorImpl.invoke(NativeMethodAccessorImpl.java:77)
	at java.base/jdk.internal.reflect.DelegatingMethodAccessorImpl.invoke(DelegatingMethodAccessorImpl.java:43)
	at java.base/java.lang.reflect.Method.invoke(Method.java:568)
	at org.springframework.aop.support.AopUtils.invokeJoinpointUsingReflection(AopUtils.java:359)
	at org.springframework.aop.framework.CglibAopProxy$DynamicAdvisedInterceptor.intercept(CglibAopProxy.java:715)
	at com.office.calendaradmin.member.MemberService$$SpringCGLIB$$0.signupConfirm(<generated>)
	at com.office.calendaradmin.member.MemberController.signupConfirm(MemberController.java:40)
	at java.base/jdk.internal.reflect.NativeMethodAccessorImpl.invoke0(Native Method)
	at java.base/jdk.internal.reflect.NativeMethodAccessorImpl.invoke(NativeMethodAccessorImpl.java:77)
	at java.base/jdk.internal.reflect.DelegatingMethodAccessorImpl.invoke(DelegatingMethodAccessorImpl.java:43)
	at java.base/java.lang.reflect.Method.invoke(Method.java:568)
	at org.springframework.web.method.support.InvocableHandlerMethod.doInvoke(InvocableHandlerMethod.java:252)
	at org.springframework.web.method.support.InvocableHandlerMethod.invokeForRequest(InvocableHandlerMethod.java:184)
	at org.springframework.web.servlet.mvc.method.annotation.ServletInvocableHandlerMethod.invokeAndHandle(ServletInvocableHandlerMethod.java:117)
	at org.springframework.web.servlet.mvc.method.annotation.RequestMappingHandlerAdapter.invokeHandlerMethod(RequestMappingHandlerAdapter.java:934)
	at org.springframework.web.servlet.mvc.method.annotation.RequestMappingHandlerAdapter.handleInternal(RequestMappingHandlerAdapter.java:853)
	at org.springframework.web.servlet.mvc.method.AbstractHandlerMethodAdapter.handle(AbstractHandlerMethodAdapter.java:86)
	at org.springframework.web.servlet.DispatcherServlet.doDispatch(DispatcherServlet.java:963)
	at org.springframework.web.servlet.DispatcherServlet.doService(DispatcherServlet.java:866)
	at org.springframework.web.servlet.FrameworkServlet.processRequest(FrameworkServlet.java:1000)
	at org.springframework.web.servlet.FrameworkServlet.doPost(FrameworkServlet.java:903)
	at jakarta.servlet.http.HttpServlet.service(HttpServlet.java:649)
	at org.springframework.web.servlet.FrameworkServlet.service(FrameworkServlet.java:874)
	at jakarta.servlet.http.HttpServlet.service(HttpServlet.java:710)
	at org.apache.catalina.core.ApplicationFilterChain.doFilter(ApplicationFilterChain.java:132)
	at org.apache.tomcat.websocket.server.WsFilter.doFilter(WsFilter.java:59)
	at org.apache.catalina.core.ApplicationFilterChain.doFilter(ApplicationFilterChain.java:111)
	at org.springframework.web.filter.CompositeFilter$VirtualFilterChain.doFilter(CompositeFilter.java:108)
	at org.springframework.security.web.FilterChainProxy.lambda$doFilterInternal$2(FilterChainProxy.java:235)
	at org.springframework.security.web.FilterChainProxy$VirtualFilterChain.doFilter(FilterChainProxy.java:376)
	at org.springframework.security.web.access.ExceptionTranslationFilter.doFilter(ExceptionTranslationFilter.java:126)
	at org.springframework.security.web.access.ExceptionTranslationFilter.doFilter(ExceptionTranslationFilter.java:120)
	at org.springframework.security.web.FilterChainProxy$VirtualFilterChain.doFilter(FilterChainProxy.java:385)
	at org.springframework.security.web.authentication.AnonymousAuthenticationFilter.doFilter(AnonymousAuthenticationFilter.java:100)
	at org.springframework.security.web.FilterChainProxy$VirtualFilterChain.doFilter(FilterChainProxy.java:385)
	at org.springframework.security.web.servletapi.SecurityContextHolderAwareRequestFilter.doFilter(SecurityContextHolderAwareRequestFilter.java:181)
	at org.springframework.security.web.FilterChainProxy$VirtualFilterChain.doFilter(FilterChainProxy.java:385)
	at org.springframework.security.web.savedrequest.RequestCacheAwareFilter.doFilter(RequestCacheAwareFilter.java:63)
	at org.springframework.security.web.FilterChainProxy$VirtualFilterChain.doFilter(FilterChainProxy.java:385)
	at org.springframework.security.web.authentication.logout.LogoutFilter.doFilter(LogoutFilter.java:110)
	at org.springframework.security.web.authentication.logout.LogoutFilter.doFilter(LogoutFilter.java:96)
	at org.springframework.security.web.FilterChainProxy$VirtualFilterChain.doFilter(FilterChainProxy.java:385)
	at org.springframework.security.web.header.HeaderWriterFilter.doHeadersAfter(HeaderWriterFilter.java:90)
	at org.springframework.security.web.header.HeaderWriterFilter.doFilterInternal(HeaderWriterFilter.java:75)
	at org.springframework.web.filter.OncePerRequestFilter.doFilter(OncePerRequestFilter.java:116)
	at org.springframework.security.web.FilterChainProxy$VirtualFilterChain.doFilter(FilterChainProxy.java:385)
	at org.springframework.security.web.context.SecurityContextHolderFilter.doFilter(SecurityContextHolderFilter.java:82)
	at org.springframework.security.web.context.SecurityContextHolderFilter.doFilter(SecurityContextHolderFilter.java:69)
	at org.springframework.security.web.FilterChainProxy$VirtualFilterChain.doFilter(FilterChainProxy.java:385)
	at org.springframework.security.web.context.request.async.WebAsyncManagerIntegrationFilter.doFilterInternal(WebAsyncManagerIntegrationFilter.java:62)
	at org.springframework.web.filter.OncePerRequestFilter.doFilter(OncePerRequestFilter.java:116)
	at org.springframework.security.web.FilterChainProxy$VirtualFilterChain.doFilter(FilterChainProxy.java:385)
	at org.springframework.security.web.session.DisableEncodeUrlFilter.doFilterInternal(DisableEncodeUrlFilter.java:42)
	at org.springframework.web.filter.OncePerRequestFilter.doFilter(OncePerRequestFilter.java:116)
	at org.springframework.security.web.FilterChainProxy$VirtualFilterChain.doFilter(FilterChainProxy.java:385)
	at org.springframework.security.web.FilterChainProxy.doFilterInternal(FilterChainProxy.java:237)
	at org.springframework.security.web.FilterChainProxy.doFilter(FilterChainProxy.java:195)
	at org.springframework.web.filter.CompositeFilter$VirtualFilterChain.doFilter(CompositeFilter.java:113)
	at org.springframework.web.filter.ServletRequestPathFilter.doFilter(ServletRequestPathFilter.java:52)
	at org.springframework.web.filter.CompositeFilter$VirtualFilterChain.doFilter(CompositeFilter.java:113)
	at org.springframework.web.filter.CompositeFilter.doFilter(CompositeFilter.java:74)
	at org.springframework.security.config.annotation.web.configuration.WebSecurityConfiguration$CompositeFilterChainProxy.doFilter(WebSecurityConfiguration.java:317)
	at org.springframework.web.filter.DelegatingFilterProxy.invokeDelegate(DelegatingFilterProxy.java:355)
	at org.springframework.web.filter.DelegatingFilterProxy.doFilter(DelegatingFilterProxy.java:272)
	at org.apache.catalina.core.ApplicationFilterChain.doFilter(ApplicationFilterChain.java:111)
	at org.springframework.web.filter.RequestContextFilter.doFilterInternal(RequestContextFilter.java:100)
	at org.springframework.web.filter.OncePerRequestFilter.doFilter(OncePerRequestFilter.java:116)
	at org.apache.catalina.core.ApplicationFilterChain.doFilter(ApplicationFilterChain.java:111)
	at org.springframework.web.filter.FormContentFilter.doFilterInternal(FormContentFilter.java:93)
	at org.springframework.web.filter.OncePerRequestFilter.doFilter(OncePerRequestFilter.java:116)
	at org.apache.catalina.core.ApplicationFilterChain.doFilter(ApplicationFilterChain.java:111)
	at org.springframework.web.filter.CharacterEncodingFilter.doFilterInternal(CharacterEncodingFilter.java:199)
	at org.springframework.web.filter.OncePerRequestFilter.doFilter(OncePerRequestFilter.java:116)
	at org.apache.catalina.core.ApplicationFilterChain.doFilter(ApplicationFilterChain.java:111)
	at org.apache.catalina.core.StandardWrapperValve.invoke(StandardWrapperValve.java:165)
	at org.apache.catalina.core.StandardContextValve.invoke(StandardContextValve.java:77)
	at org.apache.catalina.authenticator.AuthenticatorBase.invoke(AuthenticatorBase.java:535)
	at org.apache.catalina.core.StandardHostValve.invoke(StandardHostValve.java:115)
	at org.apache.catalina.valves.ErrorReportValve.invoke(ErrorReportValve.java:86)
	at org.apache.catalina.core.StandardEngineValve.invoke(StandardEngineValve.java:71)
	at org.apache.catalina.connector.CoyoteAdapter.service(CoyoteAdapter.java:347)
	at org.apache.coyote.http11.Http11Processor.service(Http11Processor.java:406)
	at org.apache.coyote.AbstractProcessorLight.process(AbstractProcessorLight.java:71)
	at org.apache.coyote.AbstractProtocol$ConnectionHandler.process(AbstractProtocol.java:1307)
	at org.apache.tomcat.util.net.NioEndpoint$SocketProcessor.doRun(NioEndpoint.java:2036)
	at org.apache.tomcat.util.net.SocketProcessorBase.run(SocketProcessorBase.java:74)
	at org.apache.tomcat.util.threads.ThreadPoolExecutor.runWorker(ThreadPoolExecutor.java:949)
	at org.apache.tomcat.util.threads.ThreadPoolExecutor$Worker.run(ThreadPoolExecutor.java:483)
	at org.apache.tomcat.util.threads.TaskThread$WrappingRunnable.run(TaskThread.java:74)
	at java.base/java.lang.Thread.run(Thread.java:842)
2026-09-17 09:42:25 INFO  [boot.tomcat.GracefulShutdown] - Commencing graceful shutdown. Waiting for active requests to complete
2026-09-17 09:42:25 INFO  [boot.tomcat.GracefulShutdown] - Graceful shutdown complete
2026-09-17 09:42:25 INFO  [orm.jpa.LocalContainerEntityManagerFactoryBean] - Closing JPA EntityManagerFactory for persistence unit 'default'
2026-09-17 09:42:25 INFO  [zaxxer.hikari.HikariDataSource] - HikariPool-1 - Shutdown initiated...
2026-09-17 09:42:25 INFO  [zaxxer.hikari.HikariDataSource] - HikariPool-1 - Shutdown completed.
2026-09-17 09:42:29 INFO  [devtools.env.DevToolsPropertyDefaultsPostProcessor] - Devtools property defaults active! Set 'spring.devtools.add-properties' to 'false' to disable
2026-09-17 09:42:29 INFO  [devtools.env.DevToolsPropertyDefaultsPostProcessor] - For additional web related logging consider setting the 'logging.level.web' property to 'DEBUG'
2026-09-17 09:42:30 INFO  [repository.config.RepositoryConfigurationDelegate] - Bootstrapping Spring Data JPA repositories in DEFAULT mode.
2026-09-17 09:42:30 INFO  [repository.config.RepositoryConfigurationDelegate] - Finished Spring Data repository scanning in 37 ms. Found 2 JPA repository interfaces.
2026-09-17 09:42:31 INFO  [boot.tomcat.TomcatWebServer] - Tomcat initialized with port 8090 (http)
2026-09-17 09:42:31 INFO  [coyote.http11.Http11NioProtocol] - Initializing ProtocolHandler ["http-nio-8090"]
2026-09-17 09:42:31 INFO  [catalina.core.StandardService] - Starting service [Tomcat]
2026-09-17 09:42:31 INFO  [catalina.core.StandardEngine] - Starting Servlet engine: [Apache Tomcat/11.0.24]
2026-09-17 09:42:31 INFO  [context.servlet.WebApplicationContextInitializer] - Root WebApplicationContext: initialization completed in 1508 ms
2026-09-17 09:42:31 INFO  [hibernate.orm.jpa] - HHH008540: Processing PersistenceUnitInfo [name: default]
2026-09-17 09:42:31 INFO  [hibernate.orm.core] - HHH000001: Hibernate ORM core version 7.4.5.Final
2026-09-17 09:42:31 INFO  [jpa.persistenceunit.SpringPersistenceUnitInfo] - No LoadTimeWeaver setup: ignoring JPA class transformer
2026-09-17 09:42:31 INFO  [zaxxer.hikari.HikariDataSource] - HikariPool-1 - Starting...
2026-09-17 09:42:32 INFO  [hikari.pool.HikariPool] - HikariPool-1 - Added connection com.mysql.cj.jdbc.ConnectionImpl@63ea2e05
2026-09-17 09:42:32 INFO  [zaxxer.hikari.HikariDataSource] - HikariPool-1 - Start completed.
2026-09-17 09:42:32 WARN  [hibernate.orm.deprecation] - HHH90000025: MySQLDialect does not need to be specified explicitly using 'hibernate.dialect' (remove the property setting and it will be selected by default)
2026-09-17 09:42:32 INFO  [orm.connections.pooling] - HHH10001005: Database info:
	Database JDBC URL [jdbc:mysql://localhost:3306/DB_CALENDAR]
	Database driver: MySQL Connector/J
	Database dialect: MySQLDialect
	Database version: 8.0.46
	Default catalog/schema: DB_CALENDAR/undefined
	Autocommit mode: undefined/unknown
	Isolation level: REPEATABLE_READ [default REPEATABLE_READ]
	JDBC fetch size: none
	Pool: DataSourceConnectionProvider
	Minimum pool size: undefined/unknown
	Maximum pool size: undefined/unknown
2026-09-17 09:42:33 INFO  [hibernate.orm.core] - HHH000489: No JTA platform available (set 'hibernate.transaction.jta.platform' to enable JTA platform integration)
2026-09-17 09:42:33 INFO  [orm.jpa.LocalContainerEntityManagerFactoryBean] - Initialized JPA EntityManagerFactory for persistence unit 'default'
2026-09-17 09:42:33 INFO  [repository.query.QueryEnhancerFactories] - Hibernate is in classpath; If applicable, HQL parser will be used.
2026-09-17 09:42:33 WARN  [jpa.autoconfigure.JpaBaseConfiguration$JpaWebConfiguration] - spring.jpa.open-in-view is enabled by default. Therefore, database queries may be performed during view rendering. Explicitly configure spring.jpa.open-in-view to disable this warning
2026-09-17 09:42:33 WARN  [security.autoconfigure.UserDetailsServiceAutoConfiguration] - 

Using generated security password: f5c478e5-c6a6-4393-8b18-5fd3a8424a4c

This generated password is for development use only. Your security configuration must be updated before running your application in production.

2026-09-17 09:42:33 INFO  [authentication.configuration.InitializeUserDetailsBeanManagerConfigurer$InitializeUserDetailsManagerConfigurer] - Global AuthenticationManager configured with UserDetailsService bean with name inMemoryUserDetailsManager
2026-09-17 09:42:34 INFO  [coyote.http11.Http11NioProtocol] - Starting ProtocolHandler ["http-nio-8090"]
2026-09-17 09:42:34 INFO  [boot.tomcat.TomcatWebServer] - Tomcat started on port 8090 (http) with context path '/'
2026-09-17 09:42:34 INFO  [[Tomcat].[localhost].[/]] - Initializing Spring DispatcherServlet 'dispatcherServlet'
2026-09-17 09:42:34 INFO  [web.servlet.DispatcherServlet] - Initializing Servlet 'dispatcherServlet'
2026-09-17 09:42:34 INFO  [web.servlet.DispatcherServlet] - Completed initialization in 1 ms
2026-09-17 09:42:42 ERROR [[localhost].[/].[dispatcherServlet]] - Servlet.service() for servlet [dispatcherServlet] in context with path [] threw exception [Request processing failed: org.springframework.dao.DataIntegrityViolationException: not-null property references a null or transient value for entity com.office.calendaradmin.member.jpa.MemberEntity.memPhone] with root cause
org.hibernate.PropertyValueException: not-null property references a null or transient value for entity com.office.calendaradmin.member.jpa.MemberEntity.memPhone
	at org.hibernate.engine.internal.Nullability.checkNullability(Nullability.java:120)
	at org.hibernate.action.internal.AbstractEntityInsertAction.nullifyTransientReferencesIfNotAlready(AbstractEntityInsertAction.java:120)
	at org.hibernate.action.internal.EntityIdentityInsertAction.execute(EntityIdentityInsertAction.java:69)
	at org.hibernate.engine.spi.ActionQueue.execute(ActionQueue.java:667)
	at org.hibernate.engine.spi.ActionQueue.addResolvedEntityInsertAction(ActionQueue.java:291)
	at org.hibernate.engine.spi.ActionQueue.addInsertAction(ActionQueue.java:270)
	at org.hibernate.engine.spi.ActionQueue.addAction(ActionQueue.java:322)
	at org.hibernate.event.internal.AbstractSaveEventListener.addInsertAction(AbstractSaveEventListener.java:384)
	at org.hibernate.event.internal.AbstractSaveEventListener.performSaveOrReplicate(AbstractSaveEventListener.java:298)
	at org.hibernate.event.internal.AbstractSaveEventListener.performSave(AbstractSaveEventListener.java:228)
	at org.hibernate.event.internal.AbstractSaveEventListener.saveWithGeneratedId(AbstractSaveEventListener.java:144)
	at org.hibernate.event.internal.DefaultPersistEventListener.entityIsTransient(DefaultPersistEventListener.java:144)
	at org.hibernate.event.internal.DefaultPersistEventListener.persist(DefaultPersistEventListener.java:91)
	at org.hibernate.event.internal.DefaultPersistEventListener.onPersist(DefaultPersistEventListener.java:75)
	at org.hibernate.event.internal.DefaultPersistEventListener.onPersist(DefaultPersistEventListener.java:51)
	at org.hibernate.event.service.internal.EventListenerGroupImpl.fireEventOnEachListener(EventListenerGroupImpl.java:138)
	at org.hibernate.internal.SessionImpl.firePersist(SessionImpl.java:709)
	at org.hibernate.internal.SessionImpl.persist(SessionImpl.java:692)
	at java.base/jdk.internal.reflect.NativeMethodAccessorImpl.invoke0(Native Method)
	at java.base/jdk.internal.reflect.NativeMethodAccessorImpl.invoke(NativeMethodAccessorImpl.java:77)
	at java.base/jdk.internal.reflect.DelegatingMethodAccessorImpl.invoke(DelegatingMethodAccessorImpl.java:43)
	at java.base/java.lang.reflect.Method.invoke(Method.java:568)
	at org.springframework.orm.jpa.ExtendedEntityManagerCreator$ExtendedEntityManagerInvocationHandler.invoke(ExtendedEntityManagerCreator.java:360)
	at jdk.proxy4/jdk.proxy4.$Proxy135.persist(Unknown Source)
	at java.base/jdk.internal.reflect.NativeMethodAccessorImpl.invoke0(Native Method)
	at java.base/jdk.internal.reflect.NativeMethodAccessorImpl.invoke(NativeMethodAccessorImpl.java:77)
	at java.base/jdk.internal.reflect.DelegatingMethodAccessorImpl.invoke(DelegatingMethodAccessorImpl.java:43)
	at java.base/java.lang.reflect.Method.invoke(Method.java:568)
	at org.springframework.orm.jpa.SharedEntityManagerCreator$SharedEntityHandlerInvocationHandler.invokeMethod(SharedEntityManagerCreator.java:239)
	at org.springframework.orm.jpa.SharedEntityManagerCreator$SharedEntityManagerInvocationHandler.invoke(SharedEntityManagerCreator.java:392)
	at jdk.proxy4/jdk.proxy4.$Proxy135.persist(Unknown Source)
	at org.springframework.data.jpa.repository.support.SimpleJpaRepository.save(SimpleJpaRepository.java:664)
	at java.base/jdk.internal.reflect.NativeMethodAccessorImpl.invoke0(Native Method)
	at java.base/jdk.internal.reflect.NativeMethodAccessorImpl.invoke(NativeMethodAccessorImpl.java:77)
	at java.base/jdk.internal.reflect.DelegatingMethodAccessorImpl.invoke(DelegatingMethodAccessorImpl.java:43)
	at java.base/java.lang.reflect.Method.invoke(Method.java:568)
	at org.springframework.aop.support.AopUtils.invokeJoinpointUsingReflection(AopUtils.java:359)
	at org.springframework.data.repository.core.support.RepositoryMethodInvoker$RepositoryFragmentMethodInvoker.lambda$new$0(RepositoryMethodInvoker.java:278)
	at org.springframework.data.repository.core.support.RepositoryMethodInvoker.doInvoke(RepositoryMethodInvoker.java:169)
	at org.springframework.data.repository.core.support.RepositoryMethodInvoker.invoke(RepositoryMethodInvoker.java:158)
	at org.springframework.data.repository.core.support.RepositoryComposition$RepositoryFragments.invoke(RepositoryComposition.java:545)
	at org.springframework.data.repository.core.support.RepositoryComposition.invoke(RepositoryComposition.java:290)
	at org.springframework.data.repository.core.support.RepositoryFactorySupport$ImplementationMethodExecutionInterceptor.invoke(RepositoryFactorySupport.java:690)
	at org.springframework.aop.framework.ReflectiveMethodInvocation.proceed(ReflectiveMethodInvocation.java:179)
	at org.springframework.data.repository.core.support.QueryExecutorMethodInterceptor.doInvoke(QueryExecutorMethodInterceptor.java:171)
	at org.springframework.data.repository.core.support.QueryExecutorMethodInterceptor.invoke(QueryExecutorMethodInterceptor.java:146)
	at org.springframework.aop.framework.ReflectiveMethodInvocation.proceed(ReflectiveMethodInvocation.java:179)
	at org.springframework.data.projection.DefaultMethodInvokingMethodInterceptor.invoke(DefaultMethodInvokingMethodInterceptor.java:69)
	at org.springframework.aop.framework.ReflectiveMethodInvocation.proceed(ReflectiveMethodInvocation.java:179)
	at org.springframework.transaction.interceptor.TransactionInterceptor$1.proceedWithInvocation(TransactionInterceptor.java:133)
	at org.springframework.transaction.interceptor.TransactionAspectSupport.invokeWithinTransaction(TransactionAspectSupport.java:371)
	at org.springframework.transaction.interceptor.TransactionInterceptor.invoke(TransactionInterceptor.java:130)
	at org.springframework.aop.framework.ReflectiveMethodInvocation.proceed(ReflectiveMethodInvocation.java:179)
	at org.springframework.dao.support.PersistenceExceptionTranslationInterceptor.invoke(PersistenceExceptionTranslationInterceptor.java:135)
	at org.springframework.aop.framework.ReflectiveMethodInvocation.proceed(ReflectiveMethodInvocation.java:179)
	at org.springframework.data.jpa.repository.support.CrudMethodMetadataPostProcessor$CrudMethodMetadataPopulatingMethodInterceptor.invoke(CrudMethodMetadataPostProcessor.java:166)
	at org.springframework.aop.framework.ReflectiveMethodInvocation.proceed(ReflectiveMethodInvocation.java:179)
	at org.springframework.aop.framework.JdkDynamicAopProxy.invoke(JdkDynamicAopProxy.java:222)
	at jdk.proxy4/jdk.proxy4.$Proxy145.save(Unknown Source)
	at com.office.calendaradmin.member.MemberService.signupConfirm(MemberService.java:80)
	at java.base/jdk.internal.reflect.NativeMethodAccessorImpl.invoke0(Native Method)
	at java.base/jdk.internal.reflect.NativeMethodAccessorImpl.invoke(NativeMethodAccessorImpl.java:77)
	at java.base/jdk.internal.reflect.DelegatingMethodAccessorImpl.invoke(DelegatingMethodAccessorImpl.java:43)
	at java.base/java.lang.reflect.Method.invoke(Method.java:568)
	at org.springframework.aop.support.AopUtils.invokeJoinpointUsingReflection(AopUtils.java:359)
	at org.springframework.aop.framework.CglibAopProxy$DynamicAdvisedInterceptor.intercept(CglibAopProxy.java:715)
	at com.office.calendaradmin.member.MemberService$$SpringCGLIB$$0.signupConfirm(<generated>)
	at com.office.calendaradmin.member.MemberController.signupConfirm(MemberController.java:40)
	at java.base/jdk.internal.reflect.NativeMethodAccessorImpl.invoke0(Native Method)
	at java.base/jdk.internal.reflect.NativeMethodAccessorImpl.invoke(NativeMethodAccessorImpl.java:77)
	at java.base/jdk.internal.reflect.DelegatingMethodAccessorImpl.invoke(DelegatingMethodAccessorImpl.java:43)
	at java.base/java.lang.reflect.Method.invoke(Method.java:568)
	at org.springframework.web.method.support.InvocableHandlerMethod.doInvoke(InvocableHandlerMethod.java:252)
	at org.springframework.web.method.support.InvocableHandlerMethod.invokeForRequest(InvocableHandlerMethod.java:184)
	at org.springframework.web.servlet.mvc.method.annotation.ServletInvocableHandlerMethod.invokeAndHandle(ServletInvocableHandlerMethod.java:117)
	at org.springframework.web.servlet.mvc.method.annotation.RequestMappingHandlerAdapter.invokeHandlerMethod(RequestMappingHandlerAdapter.java:934)
	at org.springframework.web.servlet.mvc.method.annotation.RequestMappingHandlerAdapter.handleInternal(RequestMappingHandlerAdapter.java:853)
	at org.springframework.web.servlet.mvc.method.AbstractHandlerMethodAdapter.handle(AbstractHandlerMethodAdapter.java:86)
	at org.springframework.web.servlet.DispatcherServlet.doDispatch(DispatcherServlet.java:963)
	at org.springframework.web.servlet.DispatcherServlet.doService(DispatcherServlet.java:866)
	at org.springframework.web.servlet.FrameworkServlet.processRequest(FrameworkServlet.java:1000)
	at org.springframework.web.servlet.FrameworkServlet.doPost(FrameworkServlet.java:903)
	at jakarta.servlet.http.HttpServlet.service(HttpServlet.java:649)
	at org.springframework.web.servlet.FrameworkServlet.service(FrameworkServlet.java:874)
	at jakarta.servlet.http.HttpServlet.service(HttpServlet.java:710)
	at org.apache.catalina.core.ApplicationFilterChain.doFilter(ApplicationFilterChain.java:132)
	at org.apache.tomcat.websocket.server.WsFilter.doFilter(WsFilter.java:59)
	at org.apache.catalina.core.ApplicationFilterChain.doFilter(ApplicationFilterChain.java:111)
	at org.springframework.web.filter.CompositeFilter$VirtualFilterChain.doFilter(CompositeFilter.java:108)
	at org.springframework.security.web.FilterChainProxy.lambda$doFilterInternal$2(FilterChainProxy.java:235)
	at org.springframework.security.web.FilterChainProxy$VirtualFilterChain.doFilter(FilterChainProxy.java:376)
	at org.springframework.security.web.access.ExceptionTranslationFilter.doFilter(ExceptionTranslationFilter.java:126)
	at org.springframework.security.web.access.ExceptionTranslationFilter.doFilter(ExceptionTranslationFilter.java:120)
	at org.springframework.security.web.FilterChainProxy$VirtualFilterChain.doFilter(FilterChainProxy.java:385)
	at org.springframework.security.web.authentication.AnonymousAuthenticationFilter.doFilter(AnonymousAuthenticationFilter.java:100)
	at org.springframework.security.web.FilterChainProxy$VirtualFilterChain.doFilter(FilterChainProxy.java:385)
	at org.springframework.security.web.servletapi.SecurityContextHolderAwareRequestFilter.doFilter(SecurityContextHolderAwareRequestFilter.java:181)
	at org.springframework.security.web.FilterChainProxy$VirtualFilterChain.doFilter(FilterChainProxy.java:385)
	at org.springframework.security.web.savedrequest.RequestCacheAwareFilter.doFilter(RequestCacheAwareFilter.java:63)
	at org.springframework.security.web.FilterChainProxy$VirtualFilterChain.doFilter(FilterChainProxy.java:385)
	at org.springframework.security.web.authentication.logout.LogoutFilter.doFilter(LogoutFilter.java:110)
	at org.springframework.security.web.authentication.logout.LogoutFilter.doFilter(LogoutFilter.java:96)
	at org.springframework.security.web.FilterChainProxy$VirtualFilterChain.doFilter(FilterChainProxy.java:385)
	at org.springframework.security.web.header.HeaderWriterFilter.doHeadersAfter(HeaderWriterFilter.java:90)
	at org.springframework.security.web.header.HeaderWriterFilter.doFilterInternal(HeaderWriterFilter.java:75)
	at org.springframework.web.filter.OncePerRequestFilter.doFilter(OncePerRequestFilter.java:116)
	at org.springframework.security.web.FilterChainProxy$VirtualFilterChain.doFilter(FilterChainProxy.java:385)
	at org.springframework.security.web.context.SecurityContextHolderFilter.doFilter(SecurityContextHolderFilter.java:82)
	at org.springframework.security.web.context.SecurityContextHolderFilter.doFilter(SecurityContextHolderFilter.java:69)
	at org.springframework.security.web.FilterChainProxy$VirtualFilterChain.doFilter(FilterChainProxy.java:385)
	at org.springframework.security.web.context.request.async.WebAsyncManagerIntegrationFilter.doFilterInternal(WebAsyncManagerIntegrationFilter.java:62)
	at org.springframework.web.filter.OncePerRequestFilter.doFilter(OncePerRequestFilter.java:116)
	at org.springframework.security.web.FilterChainProxy$VirtualFilterChain.doFilter(FilterChainProxy.java:385)
	at org.springframework.security.web.session.DisableEncodeUrlFilter.doFilterInternal(DisableEncodeUrlFilter.java:42)
	at org.springframework.web.filter.OncePerRequestFilter.doFilter(OncePerRequestFilter.java:116)
	at org.springframework.security.web.FilterChainProxy$VirtualFilterChain.doFilter(FilterChainProxy.java:385)
	at org.springframework.security.web.FilterChainProxy.doFilterInternal(FilterChainProxy.java:237)
	at org.springframework.security.web.FilterChainProxy.doFilter(FilterChainProxy.java:195)
	at org.springframework.web.filter.CompositeFilter$VirtualFilterChain.doFilter(CompositeFilter.java:113)
	at org.springframework.web.filter.ServletRequestPathFilter.doFilter(ServletRequestPathFilter.java:52)
	at org.springframework.web.filter.CompositeFilter$VirtualFilterChain.doFilter(CompositeFilter.java:113)
	at org.springframework.web.filter.CompositeFilter.doFilter(CompositeFilter.java:74)
	at org.springframework.security.config.annotation.web.configuration.WebSecurityConfiguration$CompositeFilterChainProxy.doFilter(WebSecurityConfiguration.java:317)
	at org.springframework.web.filter.DelegatingFilterProxy.invokeDelegate(DelegatingFilterProxy.java:355)
	at org.springframework.web.filter.DelegatingFilterProxy.doFilter(DelegatingFilterProxy.java:272)
	at org.apache.catalina.core.ApplicationFilterChain.doFilter(ApplicationFilterChain.java:111)
	at org.springframework.web.filter.RequestContextFilter.doFilterInternal(RequestContextFilter.java:100)
	at org.springframework.web.filter.OncePerRequestFilter.doFilter(OncePerRequestFilter.java:116)
	at org.apache.catalina.core.ApplicationFilterChain.doFilter(ApplicationFilterChain.java:111)
	at org.springframework.web.filter.FormContentFilter.doFilterInternal(FormContentFilter.java:93)
	at org.springframework.web.filter.OncePerRequestFilter.doFilter(OncePerRequestFilter.java:116)
	at org.apache.catalina.core.ApplicationFilterChain.doFilter(ApplicationFilterChain.java:111)
	at org.springframework.web.filter.CharacterEncodingFilter.doFilterInternal(CharacterEncodingFilter.java:199)
	at org.springframework.web.filter.OncePerRequestFilter.doFilter(OncePerRequestFilter.java:116)
	at org.apache.catalina.core.ApplicationFilterChain.doFilter(ApplicationFilterChain.java:111)
	at org.apache.catalina.core.StandardWrapperValve.invoke(StandardWrapperValve.java:165)
	at org.apache.catalina.core.StandardContextValve.invoke(StandardContextValve.java:77)
	at org.apache.catalina.authenticator.AuthenticatorBase.invoke(AuthenticatorBase.java:535)
	at org.apache.catalina.core.StandardHostValve.invoke(StandardHostValve.java:115)
	at org.apache.catalina.valves.ErrorReportValve.invoke(ErrorReportValve.java:86)
	at org.apache.catalina.core.StandardEngineValve.invoke(StandardEngineValve.java:71)
	at org.apache.catalina.connector.CoyoteAdapter.service(CoyoteAdapter.java:347)
	at org.apache.coyote.http11.Http11Processor.service(Http11Processor.java:406)
	at org.apache.coyote.AbstractProcessorLight.process(AbstractProcessorLight.java:71)
	at org.apache.coyote.AbstractProtocol$ConnectionHandler.process(AbstractProtocol.java:1307)
	at org.apache.tomcat.util.net.NioEndpoint$SocketProcessor.doRun(NioEndpoint.java:2036)
	at org.apache.tomcat.util.net.SocketProcessorBase.run(SocketProcessorBase.java:74)
	at org.apache.tomcat.util.threads.ThreadPoolExecutor.runWorker(ThreadPoolExecutor.java:949)
	at org.apache.tomcat.util.threads.ThreadPoolExecutor$Worker.run(ThreadPoolExecutor.java:483)
	at org.apache.tomcat.util.threads.TaskThread$WrappingRunnable.run(TaskThread.java:74)
	at java.base/java.lang.Thread.run(Thread.java:842)
2026-09-17 09:43:43 INFO  [boot.tomcat.GracefulShutdown] - Commencing graceful shutdown. Waiting for active requests to complete
2026-09-17 09:43:44 INFO  [boot.tomcat.GracefulShutdown] - Graceful shutdown complete
2026-09-17 09:43:44 INFO  [orm.jpa.LocalContainerEntityManagerFactoryBean] - Closing JPA EntityManagerFactory for persistence unit 'default'
2026-09-17 09:43:44 INFO  [zaxxer.hikari.HikariDataSource] - HikariPool-1 - Shutdown initiated...
2026-09-17 09:43:44 INFO  [zaxxer.hikari.HikariDataSource] - HikariPool-1 - Shutdown completed.
2026-09-17 09:43:48 INFO  [devtools.env.DevToolsPropertyDefaultsPostProcessor] - Devtools property defaults active! Set 'spring.devtools.add-properties' to 'false' to disable
2026-09-17 09:43:48 INFO  [devtools.env.DevToolsPropertyDefaultsPostProcessor] - For additional web related logging consider setting the 'logging.level.web' property to 'DEBUG'
2026-09-17 09:43:49 INFO  [repository.config.RepositoryConfigurationDelegate] - Bootstrapping Spring Data JPA repositories in DEFAULT mode.
2026-09-17 09:43:49 INFO  [repository.config.RepositoryConfigurationDelegate] - Finished Spring Data repository scanning in 35 ms. Found 2 JPA repository interfaces.
2026-09-17 09:43:50 INFO  [boot.tomcat.TomcatWebServer] - Tomcat initialized with port 8090 (http)
2026-09-17 09:43:50 INFO  [coyote.http11.Http11NioProtocol] - Initializing ProtocolHandler ["http-nio-8090"]
2026-09-17 09:43:50 INFO  [catalina.core.StandardService] - Starting service [Tomcat]
2026-09-17 09:43:50 INFO  [catalina.core.StandardEngine] - Starting Servlet engine: [Apache Tomcat/11.0.24]
2026-09-17 09:43:50 INFO  [context.servlet.WebApplicationContextInitializer] - Root WebApplicationContext: initialization completed in 1496 ms
2026-09-17 09:43:50 INFO  [hibernate.orm.jpa] - HHH008540: Processing PersistenceUnitInfo [name: default]
2026-09-17 09:43:50 INFO  [hibernate.orm.core] - HHH000001: Hibernate ORM core version 7.4.5.Final
2026-09-17 09:43:51 INFO  [jpa.persistenceunit.SpringPersistenceUnitInfo] - No LoadTimeWeaver setup: ignoring JPA class transformer
2026-09-17 09:43:51 INFO  [zaxxer.hikari.HikariDataSource] - HikariPool-1 - Starting...
2026-09-17 09:43:51 INFO  [hikari.pool.HikariPool] - HikariPool-1 - Added connection com.mysql.cj.jdbc.ConnectionImpl@5fc50a38
2026-09-17 09:43:51 INFO  [zaxxer.hikari.HikariDataSource] - HikariPool-1 - Start completed.
2026-09-17 09:43:51 WARN  [hibernate.orm.deprecation] - HHH90000025: MySQLDialect does not need to be specified explicitly using 'hibernate.dialect' (remove the property setting and it will be selected by default)
2026-09-17 09:43:51 INFO  [orm.connections.pooling] - HHH10001005: Database info:
	Database JDBC URL [jdbc:mysql://localhost:3306/DB_CALENDAR]
	Database driver: MySQL Connector/J
	Database dialect: MySQLDialect
	Database version: 8.0.46
	Default catalog/schema: DB_CALENDAR/undefined
	Autocommit mode: undefined/unknown
	Isolation level: REPEATABLE_READ [default REPEATABLE_READ]
	JDBC fetch size: none
	Pool: DataSourceConnectionProvider
	Minimum pool size: undefined/unknown
	Maximum pool size: undefined/unknown
2026-09-17 09:43:52 INFO  [hibernate.orm.core] - HHH000489: No JTA platform available (set 'hibernate.transaction.jta.platform' to enable JTA platform integration)
2026-09-17 09:43:52 INFO  [orm.jpa.LocalContainerEntityManagerFactoryBean] - Initialized JPA EntityManagerFactory for persistence unit 'default'
2026-09-17 09:43:53 INFO  [repository.query.QueryEnhancerFactories] - Hibernate is in classpath; If applicable, HQL parser will be used.
2026-09-17 09:43:53 WARN  [jpa.autoconfigure.JpaBaseConfiguration$JpaWebConfiguration] - spring.jpa.open-in-view is enabled by default. Therefore, database queries may be performed during view rendering. Explicitly configure spring.jpa.open-in-view to disable this warning
2026-09-17 09:43:53 WARN  [security.autoconfigure.UserDetailsServiceAutoConfiguration] - 

Using generated security password: 280a60c1-bf72-45be-80cb-98d80e5b615a

This generated password is for development use only. Your security configuration must be updated before running your application in production.

2026-09-17 09:43:53 INFO  [authentication.configuration.InitializeUserDetailsBeanManagerConfigurer$InitializeUserDetailsManagerConfigurer] - Global AuthenticationManager configured with UserDetailsService bean with name inMemoryUserDetailsManager
2026-09-17 09:43:53 INFO  [coyote.http11.Http11NioProtocol] - Starting ProtocolHandler ["http-nio-8090"]
2026-09-17 09:43:53 INFO  [boot.tomcat.TomcatWebServer] - Tomcat started on port 8090 (http) with context path '/'
2026-09-17 09:43:59 INFO  [devtools.autoconfigure.LocalDevToolsAutoConfiguration$RestartingClassPathChangeChangedEventListener] - Restarting due to 2 class path changes (0 additions, 2 deletions, 0 modifications)
2026-09-17 09:43:59 INFO  [boot.tomcat.GracefulShutdown] - Commencing graceful shutdown. Waiting for active requests to complete
2026-09-17 09:43:59 INFO  [coyote.http11.Http11NioProtocol] - Pausing ProtocolHandler ["http-nio-8090"]
2026-09-17 09:43:59 INFO  [boot.tomcat.GracefulShutdown] - Graceful shutdown complete
2026-09-17 09:43:59 INFO  [coyote.http11.Http11NioProtocol] - Stopping ProtocolHandler ["http-nio-8090"]
2026-09-17 09:43:59 INFO  [orm.jpa.LocalContainerEntityManagerFactoryBean] - Closing JPA EntityManagerFactory for persistence unit 'default'
2026-09-17 09:43:59 INFO  [zaxxer.hikari.HikariDataSource] - HikariPool-1 - Shutdown initiated...
2026-09-17 09:43:59 INFO  [zaxxer.hikari.HikariDataSource] - HikariPool-1 - Shutdown completed.
2026-09-17 09:43:59 INFO  [repository.config.RepositoryConfigurationDelegate] - Bootstrapping Spring Data JPA repositories in DEFAULT mode.
2026-09-17 09:43:59 INFO  [repository.config.RepositoryConfigurationDelegate] - Finished Spring Data repository scanning in 9 ms. Found 2 JPA repository interfaces.
2026-09-17 09:44:00 INFO  [boot.tomcat.TomcatWebServer] - Tomcat initialized with port 8090 (http)
2026-09-17 09:44:00 INFO  [coyote.http11.Http11NioProtocol] - Initializing ProtocolHandler ["http-nio-8090"]
2026-09-17 09:44:00 INFO  [catalina.core.StandardService] - Starting service [Tomcat]
2026-09-17 09:44:00 INFO  [catalina.core.StandardEngine] - Starting Servlet engine: [Apache Tomcat/11.0.24]
2026-09-17 09:44:00 INFO  [context.servlet.WebApplicationContextInitializer] - Root WebApplicationContext: initialization completed in 338 ms
2026-09-17 09:44:00 INFO  [hibernate.orm.jpa] - HHH008540: Processing PersistenceUnitInfo [name: default]
2026-09-17 09:44:00 INFO  [jpa.persistenceunit.SpringPersistenceUnitInfo] - No LoadTimeWeaver setup: ignoring JPA class transformer
2026-09-17 09:44:00 INFO  [zaxxer.hikari.HikariDataSource] - HikariPool-2 - Starting...
2026-09-17 09:44:00 INFO  [hikari.pool.HikariPool] - HikariPool-2 - Added connection com.mysql.cj.jdbc.ConnectionImpl@3c6f0f69
2026-09-17 09:44:00 INFO  [zaxxer.hikari.HikariDataSource] - HikariPool-2 - Start completed.
2026-09-17 09:44:00 WARN  [hibernate.orm.deprecation] - HHH90000025: MySQLDialect does not need to be specified explicitly using 'hibernate.dialect' (remove the property setting and it will be selected by default)
2026-09-17 09:44:00 INFO  [orm.connections.pooling] - HHH10001005: Database info:
	Database JDBC URL [jdbc:mysql://localhost:3306/DB_CALENDAR]
	Database driver: MySQL Connector/J
	Database dialect: MySQLDialect
	Database version: 8.0.46
	Default catalog/schema: DB_CALENDAR/undefined
	Autocommit mode: undefined/unknown
	Isolation level: REPEATABLE_READ [default REPEATABLE_READ]
	JDBC fetch size: none
	Pool: DataSourceConnectionProvider
	Minimum pool size: undefined/unknown
	Maximum pool size: undefined/unknown
2026-09-17 09:44:00 INFO  [hibernate.orm.core] - HHH000489: No JTA platform available (set 'hibernate.transaction.jta.platform' to enable JTA platform integration)
2026-09-17 09:44:00 INFO  [orm.jpa.LocalContainerEntityManagerFactoryBean] - Initialized JPA EntityManagerFactory for persistence unit 'default'
2026-09-17 09:44:00 WARN  [jpa.autoconfigure.JpaBaseConfiguration$JpaWebConfiguration] - spring.jpa.open-in-view is enabled by default. Therefore, database queries may be performed during view rendering. Explicitly configure spring.jpa.open-in-view to disable this warning
2026-09-17 09:44:00 WARN  [security.autoconfigure.UserDetailsServiceAutoConfiguration] - 

Using generated security password: 772e5898-2ef8-4291-8b9b-09a26684030b

This generated password is for development use only. Your security configuration must be updated before running your application in production.

2026-09-17 09:44:00 INFO  [authentication.configuration.InitializeUserDetailsBeanManagerConfigurer$InitializeUserDetailsManagerConfigurer] - Global AuthenticationManager configured with UserDetailsService bean with name inMemoryUserDetailsManager
2026-09-17 09:44:00 INFO  [coyote.http11.Http11NioProtocol] - Starting ProtocolHandler ["http-nio-8090"]
2026-09-17 09:44:00 INFO  [boot.tomcat.TomcatWebServer] - Tomcat started on port 8090 (http) with context path '/'
2026-09-17 09:44:00 INFO  [devtools.autoconfigure.ConditionEvaluationDeltaLoggingListener] - Condition evaluation unchanged
2026-09-17 09:44:00 INFO  [[Tomcat].[localhost].[/]] - Initializing Spring DispatcherServlet 'dispatcherServlet'
2026-09-17 09:44:00 INFO  [web.servlet.DispatcherServlet] - Initializing Servlet 'dispatcherServlet'
2026-09-17 09:44:00 INFO  [web.servlet.DispatcherServlet] - Completed initialization in 1 ms
2026-09-17 09:44:02 INFO  [devtools.autoconfigure.LocalDevToolsAutoConfiguration$RestartingClassPathChangeChangedEventListener] - Restarting due to 2 class path changes (2 additions, 0 deletions, 0 modifications)
2026-09-17 09:44:02 INFO  [boot.tomcat.GracefulShutdown] - Commencing graceful shutdown. Waiting for active requests to complete
2026-09-17 09:44:02 INFO  [coyote.http11.Http11NioProtocol] - Pausing ProtocolHandler ["http-nio-8090"]
2026-09-17 09:44:02 INFO  [boot.tomcat.GracefulShutdown] - Graceful shutdown complete
2026-09-17 09:44:02 INFO  [coyote.http11.Http11NioProtocol] - Stopping ProtocolHandler ["http-nio-8090"]
2026-09-17 09:44:02 INFO  [orm.jpa.LocalContainerEntityManagerFactoryBean] - Closing JPA EntityManagerFactory for persistence unit 'default'
2026-09-17 09:44:02 INFO  [zaxxer.hikari.HikariDataSource] - HikariPool-2 - Shutdown initiated...
2026-09-17 09:44:02 INFO  [zaxxer.hikari.HikariDataSource] - HikariPool-2 - Shutdown completed.
2026-09-17 09:44:02 INFO  [repository.config.RepositoryConfigurationDelegate] - Bootstrapping Spring Data JPA repositories in DEFAULT mode.
2026-09-17 09:44:02 INFO  [repository.config.RepositoryConfigurationDelegate] - Finished Spring Data repository scanning in 9 ms. Found 2 JPA repository interfaces.
2026-09-17 09:44:02 INFO  [boot.tomcat.TomcatWebServer] - Tomcat initialized with port 8090 (http)
2026-09-17 09:44:02 INFO  [coyote.http11.Http11NioProtocol] - Initializing ProtocolHandler ["http-nio-8090"]
2026-09-17 09:44:02 INFO  [catalina.core.StandardService] - Starting service [Tomcat]
2026-09-17 09:44:02 INFO  [catalina.core.StandardEngine] - Starting Servlet engine: [Apache Tomcat/11.0.24]
2026-09-17 09:44:02 INFO  [context.servlet.WebApplicationContextInitializer] - Root WebApplicationContext: initialization completed in 464 ms
2026-09-17 09:44:02 INFO  [hibernate.orm.jpa] - HHH008540: Processing PersistenceUnitInfo [name: default]
2026-09-17 09:44:02 INFO  [jpa.persistenceunit.SpringPersistenceUnitInfo] - No LoadTimeWeaver setup: ignoring JPA class transformer
2026-09-17 09:44:02 INFO  [zaxxer.hikari.HikariDataSource] - HikariPool-3 - Starting...
2026-09-17 09:44:02 INFO  [hikari.pool.HikariPool] - HikariPool-3 - Added connection com.mysql.cj.jdbc.ConnectionImpl@2d8ab09d
2026-09-17 09:44:02 INFO  [zaxxer.hikari.HikariDataSource] - HikariPool-3 - Start completed.
2026-09-17 09:44:02 WARN  [hibernate.orm.deprecation] - HHH90000025: MySQLDialect does not need to be specified explicitly using 'hibernate.dialect' (remove the property setting and it will be selected by default)
2026-09-17 09:44:02 INFO  [orm.connections.pooling] - HHH10001005: Database info:
	Database JDBC URL [jdbc:mysql://localhost:3306/DB_CALENDAR]
	Database driver: MySQL Connector/J
	Database dialect: MySQLDialect
	Database version: 8.0.46
	Default catalog/schema: DB_CALENDAR/undefined
	Autocommit mode: undefined/unknown
	Isolation level: REPEATABLE_READ [default REPEATABLE_READ]
	JDBC fetch size: none
	Pool: DataSourceConnectionProvider
	Minimum pool size: undefined/unknown
	Maximum pool size: undefined/unknown
2026-09-17 09:44:03 INFO  [hibernate.orm.core] - HHH000489: No JTA platform available (set 'hibernate.transaction.jta.platform' to enable JTA platform integration)
2026-09-17 09:44:03 INFO  [orm.jpa.LocalContainerEntityManagerFactoryBean] - Initialized JPA EntityManagerFactory for persistence unit 'default'
2026-09-17 09:44:03 WARN  [jpa.autoconfigure.JpaBaseConfiguration$JpaWebConfiguration] - spring.jpa.open-in-view is enabled by default. Therefore, database queries may be performed during view rendering. Explicitly configure spring.jpa.open-in-view to disable this warning
2026-09-17 09:44:03 WARN  [security.autoconfigure.UserDetailsServiceAutoConfiguration] - 

Using generated security password: d1905e63-745e-49b2-a196-a114fe68770b

This generated password is for development use only. Your security configuration must be updated before running your application in production.

2026-09-17 09:44:03 INFO  [authentication.configuration.InitializeUserDetailsBeanManagerConfigurer$InitializeUserDetailsManagerConfigurer] - Global AuthenticationManager configured with UserDetailsService bean with name inMemoryUserDetailsManager
2026-09-17 09:44:03 INFO  [coyote.http11.Http11NioProtocol] - Starting ProtocolHandler ["http-nio-8090"]
2026-09-17 09:44:03 INFO  [boot.tomcat.TomcatWebServer] - Tomcat started on port 8090 (http) with context path '/'
2026-09-17 09:44:03 INFO  [devtools.autoconfigure.ConditionEvaluationDeltaLoggingListener] - Condition evaluation unchanged
2026-09-17 09:44:08 INFO  [[Tomcat].[localhost].[/]] - Initializing Spring DispatcherServlet 'dispatcherServlet'
2026-09-17 09:44:08 INFO  [web.servlet.DispatcherServlet] - Initializing Servlet 'dispatcherServlet'
2026-09-17 09:44:08 INFO  [web.servlet.DispatcherServlet] - Completed initialization in 1 ms
2026-09-17 10:02:22 INFO  [boot.tomcat.GracefulShutdown] - Commencing graceful shutdown. Waiting for active requests to complete
2026-09-17 10:02:23 INFO  [boot.tomcat.GracefulShutdown] - Graceful shutdown complete
2026-09-17 10:02:23 INFO  [orm.jpa.LocalContainerEntityManagerFactoryBean] - Closing JPA EntityManagerFactory for persistence unit 'default'
2026-09-17 10:02:23 INFO  [zaxxer.hikari.HikariDataSource] - HikariPool-3 - Shutdown initiated...
2026-09-17 10:02:23 INFO  [zaxxer.hikari.HikariDataSource] - HikariPool-3 - Shutdown completed.
2026-09-17 11:42:45 INFO  [devtools.env.DevToolsPropertyDefaultsPostProcessor] - Devtools property defaults active! Set 'spring.devtools.add-properties' to 'false' to disable
2026-09-17 11:42:45 INFO  [devtools.env.DevToolsPropertyDefaultsPostProcessor] - For additional web related logging consider setting the 'logging.level.web' property to 'DEBUG'
2026-09-17 11:42:46 INFO  [repository.config.RepositoryConfigurationDelegate] - Bootstrapping Spring Data JPA repositories in DEFAULT mode.
2026-09-17 11:42:46 INFO  [repository.config.RepositoryConfigurationDelegate] - Finished Spring Data repository scanning in 35 ms. Found 2 JPA repository interfaces.
2026-09-17 11:42:47 INFO  [boot.tomcat.TomcatWebServer] - Tomcat initialized with port 8090 (http)
2026-09-17 11:42:47 INFO  [coyote.http11.Http11NioProtocol] - Initializing ProtocolHandler ["http-nio-8090"]
2026-09-17 11:42:47 INFO  [catalina.core.StandardService] - Starting service [Tomcat]
2026-09-17 11:42:47 INFO  [catalina.core.StandardEngine] - Starting Servlet engine: [Apache Tomcat/11.0.24]
2026-09-17 11:42:47 INFO  [context.servlet.WebApplicationContextInitializer] - Root WebApplicationContext: initialization completed in 1327 ms
2026-09-17 11:42:47 INFO  [hibernate.orm.jpa] - HHH008540: Processing PersistenceUnitInfo [name: default]
2026-09-17 11:42:47 INFO  [hibernate.orm.core] - HHH000001: Hibernate ORM core version 7.4.5.Final
2026-09-17 11:42:47 INFO  [jpa.persistenceunit.SpringPersistenceUnitInfo] - No LoadTimeWeaver setup: ignoring JPA class transformer
2026-09-17 11:42:47 INFO  [zaxxer.hikari.HikariDataSource] - HikariPool-1 - Starting...
2026-09-17 11:42:48 INFO  [hikari.pool.HikariPool] - HikariPool-1 - Added connection com.mysql.cj.jdbc.ConnectionImpl@5d72655c
2026-09-17 11:42:48 INFO  [zaxxer.hikari.HikariDataSource] - HikariPool-1 - Start completed.
2026-09-17 11:42:48 WARN  [hibernate.orm.deprecation] - HHH90000025: MySQLDialect does not need to be specified explicitly using 'hibernate.dialect' (remove the property setting and it will be selected by default)
2026-09-17 11:42:48 INFO  [orm.connections.pooling] - HHH10001005: Database info:
	Database JDBC URL [jdbc:mysql://localhost:3306/DB_CALENDAR]
	Database driver: MySQL Connector/J
	Database dialect: MySQLDialect
	Database version: 8.0.46
	Default catalog/schema: DB_CALENDAR/undefined
	Autocommit mode: undefined/unknown
	Isolation level: REPEATABLE_READ [default REPEATABLE_READ]
	JDBC fetch size: none
	Pool: DataSourceConnectionProvider
	Minimum pool size: undefined/unknown
	Maximum pool size: undefined/unknown
2026-09-17 11:42:49 INFO  [hibernate.orm.core] - HHH000489: No JTA platform available (set 'hibernate.transaction.jta.platform' to enable JTA platform integration)
2026-09-17 11:42:49 INFO  [orm.jpa.LocalContainerEntityManagerFactoryBean] - Initialized JPA EntityManagerFactory for persistence unit 'default'
2026-09-17 11:42:49 INFO  [repository.query.QueryEnhancerFactories] - Hibernate is in classpath; If applicable, HQL parser will be used.
2026-09-17 11:42:49 WARN  [jpa.autoconfigure.JpaBaseConfiguration$JpaWebConfiguration] - spring.jpa.open-in-view is enabled by default. Therefore, database queries may be performed during view rendering. Explicitly configure spring.jpa.open-in-view to disable this warning
2026-09-17 11:42:49 INFO  [authentication.configuration.InitializeUserDetailsBeanManagerConfigurer$InitializeUserDetailsManagerConfigurer] - Global AuthenticationManager configured with UserDetailsService bean with name memberDetailsService
2026-09-17 11:42:50 INFO  [coyote.http11.Http11NioProtocol] - Starting ProtocolHandler ["http-nio-8090"]
2026-09-17 11:42:50 INFO  [boot.tomcat.TomcatWebServer] - Tomcat started on port 8090 (http) with context path '/'
2026-09-17 11:43:00 INFO  [[Tomcat].[localhost].[/]] - Initializing Spring DispatcherServlet 'dispatcherServlet'
2026-09-17 11:43:00 INFO  [web.servlet.DispatcherServlet] - Initializing Servlet 'dispatcherServlet'
2026-09-17 11:43:00 INFO  [web.servlet.DispatcherServlet] - Completed initialization in 1 ms
2026-09-17 11:43:58 INFO  [boot.tomcat.GracefulShutdown] - Commencing graceful shutdown. Waiting for active requests to complete
2026-09-17 11:43:59 INFO  [boot.tomcat.GracefulShutdown] - Graceful shutdown complete
2026-09-17 11:43:59 INFO  [orm.jpa.LocalContainerEntityManagerFactoryBean] - Closing JPA EntityManagerFactory for persistence unit 'default'
2026-09-17 11:43:59 INFO  [zaxxer.hikari.HikariDataSource] - HikariPool-1 - Shutdown initiated...
2026-09-17 11:43:59 INFO  [zaxxer.hikari.HikariDataSource] - HikariPool-1 - Shutdown completed.
2026-09-17 11:44:34 INFO  [devtools.env.DevToolsPropertyDefaultsPostProcessor] - Devtools property defaults active! Set 'spring.devtools.add-properties' to 'false' to disable
2026-09-17 11:44:34 INFO  [devtools.env.DevToolsPropertyDefaultsPostProcessor] - For additional web related logging consider setting the 'logging.level.web' property to 'DEBUG'
2026-09-17 11:44:35 INFO  [repository.config.RepositoryConfigurationDelegate] - Bootstrapping Spring Data JPA repositories in DEFAULT mode.
2026-09-17 11:44:35 INFO  [repository.config.RepositoryConfigurationDelegate] - Finished Spring Data repository scanning in 36 ms. Found 2 JPA repository interfaces.
2026-09-17 11:44:36 INFO  [boot.tomcat.TomcatWebServer] - Tomcat initialized with port 8090 (http)
2026-09-17 11:44:36 INFO  [coyote.http11.Http11NioProtocol] - Initializing ProtocolHandler ["http-nio-8090"]
2026-09-17 11:44:36 INFO  [catalina.core.StandardService] - Starting service [Tomcat]
2026-09-17 11:44:36 INFO  [catalina.core.StandardEngine] - Starting Servlet engine: [Apache Tomcat/11.0.24]
2026-09-17 11:44:36 INFO  [context.servlet.WebApplicationContextInitializer] - Root WebApplicationContext: initialization completed in 1450 ms
2026-09-17 11:44:36 INFO  [hibernate.orm.jpa] - HHH008540: Processing PersistenceUnitInfo [name: default]
2026-09-17 11:44:36 INFO  [hibernate.orm.core] - HHH000001: Hibernate ORM core version 7.4.5.Final
2026-09-17 11:44:37 INFO  [jpa.persistenceunit.SpringPersistenceUnitInfo] - No LoadTimeWeaver setup: ignoring JPA class transformer
2026-09-17 11:44:37 INFO  [zaxxer.hikari.HikariDataSource] - HikariPool-1 - Starting...
2026-09-17 11:44:37 INFO  [hikari.pool.HikariPool] - HikariPool-1 - Added connection com.mysql.cj.jdbc.ConnectionImpl@fd61357
2026-09-17 11:44:37 INFO  [zaxxer.hikari.HikariDataSource] - HikariPool-1 - Start completed.
2026-09-17 11:44:37 WARN  [hibernate.orm.deprecation] - HHH90000025: MySQLDialect does not need to be specified explicitly using 'hibernate.dialect' (remove the property setting and it will be selected by default)
2026-09-17 11:44:37 INFO  [orm.connections.pooling] - HHH10001005: Database info:
	Database JDBC URL [jdbc:mysql://localhost:3306/DB_CALENDAR]
	Database driver: MySQL Connector/J
	Database dialect: MySQLDialect
	Database version: 8.0.46
	Default catalog/schema: DB_CALENDAR/undefined
	Autocommit mode: undefined/unknown
	Isolation level: REPEATABLE_READ [default REPEATABLE_READ]
	JDBC fetch size: none
	Pool: DataSourceConnectionProvider
	Minimum pool size: undefined/unknown
	Maximum pool size: undefined/unknown
2026-09-17 11:44:38 INFO  [hibernate.orm.core] - HHH000489: No JTA platform available (set 'hibernate.transaction.jta.platform' to enable JTA platform integration)
2026-09-17 11:44:38 INFO  [orm.jpa.LocalContainerEntityManagerFactoryBean] - Initialized JPA EntityManagerFactory for persistence unit 'default'
2026-09-17 11:44:38 INFO  [repository.query.QueryEnhancerFactories] - Hibernate is in classpath; If applicable, HQL parser will be used.
2026-09-17 11:44:38 WARN  [jpa.autoconfigure.JpaBaseConfiguration$JpaWebConfiguration] - spring.jpa.open-in-view is enabled by default. Therefore, database queries may be performed during view rendering. Explicitly configure spring.jpa.open-in-view to disable this warning
2026-09-17 11:44:39 INFO  [authentication.configuration.InitializeUserDetailsBeanManagerConfigurer$InitializeUserDetailsManagerConfigurer] - Global AuthenticationManager configured with UserDetailsService bean with name memberDetailsService
2026-09-17 11:44:39 INFO  [coyote.http11.Http11NioProtocol] - Starting ProtocolHandler ["http-nio-8090"]
2026-09-17 11:44:39 INFO  [boot.tomcat.TomcatWebServer] - Tomcat started on port 8090 (http) with context path '/'
2026-09-17 11:44:46 INFO  [[Tomcat].[localhost].[/]] - Initializing Spring DispatcherServlet 'dispatcherServlet'
2026-09-17 11:44:46 INFO  [web.servlet.DispatcherServlet] - Initializing Servlet 'dispatcherServlet'
2026-09-17 11:44:46 INFO  [web.servlet.DispatcherServlet] - Completed initialization in 2 ms
2026-09-17 11:47:00 INFO  [boot.tomcat.GracefulShutdown] - Commencing graceful shutdown. Waiting for active requests to complete
2026-09-17 11:47:00 INFO  [boot.tomcat.GracefulShutdown] - Graceful shutdown complete
2026-09-17 11:47:00 INFO  [orm.jpa.LocalContainerEntityManagerFactoryBean] - Closing JPA EntityManagerFactory for persistence unit 'default'
2026-09-17 11:47:00 INFO  [zaxxer.hikari.HikariDataSource] - HikariPool-1 - Shutdown initiated...
2026-09-17 11:47:00 INFO  [zaxxer.hikari.HikariDataSource] - HikariPool-1 - Shutdown completed.
2026-09-17 11:51:41 INFO  [devtools.env.DevToolsPropertyDefaultsPostProcessor] - Devtools property defaults active! Set 'spring.devtools.add-properties' to 'false' to disable
2026-09-17 11:51:41 INFO  [devtools.env.DevToolsPropertyDefaultsPostProcessor] - For additional web related logging consider setting the 'logging.level.web' property to 'DEBUG'
2026-09-17 11:51:41 INFO  [repository.config.RepositoryConfigurationDelegate] - Bootstrapping Spring Data JPA repositories in DEFAULT mode.
2026-09-17 11:51:41 INFO  [repository.config.RepositoryConfigurationDelegate] - Finished Spring Data repository scanning in 36 ms. Found 2 JPA repository interfaces.
2026-09-17 11:51:42 INFO  [boot.tomcat.TomcatWebServer] - Tomcat initialized with port 8090 (http)
2026-09-17 11:51:42 INFO  [coyote.http11.Http11NioProtocol] - Initializing ProtocolHandler ["http-nio-8090"]
2026-09-17 11:51:42 INFO  [catalina.core.StandardService] - Starting service [Tomcat]
2026-09-17 11:51:42 INFO  [catalina.core.StandardEngine] - Starting Servlet engine: [Apache Tomcat/11.0.24]
2026-09-17 11:51:42 INFO  [context.servlet.WebApplicationContextInitializer] - Root WebApplicationContext: initialization completed in 1305 ms
2026-09-17 11:51:42 INFO  [hibernate.orm.jpa] - HHH008540: Processing PersistenceUnitInfo [name: default]
2026-09-17 11:51:42 INFO  [hibernate.orm.core] - HHH000001: Hibernate ORM core version 7.4.5.Final
2026-09-17 11:51:43 INFO  [jpa.persistenceunit.SpringPersistenceUnitInfo] - No LoadTimeWeaver setup: ignoring JPA class transformer
2026-09-17 11:51:43 INFO  [zaxxer.hikari.HikariDataSource] - HikariPool-1 - Starting...
2026-09-17 11:51:43 INFO  [hikari.pool.HikariPool] - HikariPool-1 - Added connection com.mysql.cj.jdbc.ConnectionImpl@72c1a71e
2026-09-17 11:51:43 INFO  [zaxxer.hikari.HikariDataSource] - HikariPool-1 - Start completed.
2026-09-17 11:51:43 WARN  [hibernate.orm.deprecation] - HHH90000025: MySQLDialect does not need to be specified explicitly using 'hibernate.dialect' (remove the property setting and it will be selected by default)
2026-09-17 11:51:43 INFO  [orm.connections.pooling] - HHH10001005: Database info:
	Database JDBC URL [jdbc:mysql://localhost:3306/DB_CALENDAR]
	Database driver: MySQL Connector/J
	Database dialect: MySQLDialect
	Database version: 8.0.46
	Default catalog/schema: DB_CALENDAR/undefined
	Autocommit mode: undefined/unknown
	Isolation level: REPEATABLE_READ [default REPEATABLE_READ]
	JDBC fetch size: none
	Pool: DataSourceConnectionProvider
	Minimum pool size: undefined/unknown
	Maximum pool size: undefined/unknown
2026-09-17 11:51:44 INFO  [hibernate.orm.core] - HHH000489: No JTA platform available (set 'hibernate.transaction.jta.platform' to enable JTA platform integration)
2026-09-17 11:51:44 INFO  [orm.jpa.LocalContainerEntityManagerFactoryBean] - Initialized JPA EntityManagerFactory for persistence unit 'default'
2026-09-17 11:51:44 INFO  [repository.query.QueryEnhancerFactories] - Hibernate is in classpath; If applicable, HQL parser will be used.
2026-09-17 11:51:44 WARN  [jpa.autoconfigure.JpaBaseConfiguration$JpaWebConfiguration] - spring.jpa.open-in-view is enabled by default. Therefore, database queries may be performed during view rendering. Explicitly configure spring.jpa.open-in-view to disable this warning
2026-09-17 11:51:44 INFO  [authentication.configuration.InitializeUserDetailsBeanManagerConfigurer$InitializeUserDetailsManagerConfigurer] - Global AuthenticationManager configured with UserDetailsService bean with name memberDetailsService
2026-09-17 11:51:45 INFO  [coyote.http11.Http11NioProtocol] - Starting ProtocolHandler ["http-nio-8090"]
2026-09-17 11:51:45 INFO  [boot.tomcat.TomcatWebServer] - Tomcat started on port 8090 (http) with context path '/'
2026-09-17 11:51:52 INFO  [[Tomcat].[localhost].[/]] - Initializing Spring DispatcherServlet 'dispatcherServlet'
2026-09-17 11:51:52 INFO  [web.servlet.DispatcherServlet] - Initializing Servlet 'dispatcherServlet'
2026-09-17 11:51:52 INFO  [web.servlet.DispatcherServlet] - Completed initialization in 1 ms
2026-09-17 12:02:17 INFO  [devtools.autoconfigure.LocalDevToolsAutoConfiguration$RestartingClassPathChangeChangedEventListener] - Restarting due to 1 class path change (1 addition, 0 deletions, 0 modifications)
2026-09-17 12:02:17 INFO  [boot.tomcat.GracefulShutdown] - Commencing graceful shutdown. Waiting for active requests to complete
2026-09-17 12:02:17 INFO  [coyote.http11.Http11NioProtocol] - Pausing ProtocolHandler ["http-nio-8090"]
2026-09-17 12:02:18 INFO  [boot.tomcat.GracefulShutdown] - Graceful shutdown complete
2026-09-17 12:02:18 INFO  [coyote.http11.Http11NioProtocol] - Stopping ProtocolHandler ["http-nio-8090"]
2026-09-17 12:02:18 INFO  [orm.jpa.LocalContainerEntityManagerFactoryBean] - Closing JPA EntityManagerFactory for persistence unit 'default'
2026-09-17 12:02:18 INFO  [zaxxer.hikari.HikariDataSource] - HikariPool-1 - Shutdown initiated...
2026-09-17 12:02:18 INFO  [zaxxer.hikari.HikariDataSource] - HikariPool-1 - Shutdown completed.
2026-09-17 12:02:18 INFO  [repository.config.RepositoryConfigurationDelegate] - Bootstrapping Spring Data JPA repositories in DEFAULT mode.
2026-09-17 12:02:18 INFO  [repository.config.RepositoryConfigurationDelegate] - Finished Spring Data repository scanning in 9 ms. Found 2 JPA repository interfaces.
2026-09-17 12:02:18 INFO  [boot.tomcat.TomcatWebServer] - Tomcat initialized with port 8090 (http)
2026-09-17 12:02:18 INFO  [coyote.http11.Http11NioProtocol] - Initializing ProtocolHandler ["http-nio-8090"]
2026-09-17 12:02:18 INFO  [catalina.core.StandardService] - Starting service [Tomcat]
2026-09-17 12:02:18 INFO  [catalina.core.StandardEngine] - Starting Servlet engine: [Apache Tomcat/11.0.24]
2026-09-17 12:02:18 INFO  [context.servlet.WebApplicationContextInitializer] - Root WebApplicationContext: initialization completed in 371 ms
2026-09-17 12:02:18 INFO  [hibernate.orm.jpa] - HHH008540: Processing PersistenceUnitInfo [name: default]
2026-09-17 12:02:18 INFO  [jpa.persistenceunit.SpringPersistenceUnitInfo] - No LoadTimeWeaver setup: ignoring JPA class transformer
2026-09-17 12:02:18 INFO  [zaxxer.hikari.HikariDataSource] - HikariPool-2 - Starting...
2026-09-17 12:02:18 INFO  [hikari.pool.HikariPool] - HikariPool-2 - Added connection com.mysql.cj.jdbc.ConnectionImpl@6f50ea3b
2026-09-17 12:02:18 INFO  [zaxxer.hikari.HikariDataSource] - HikariPool-2 - Start completed.
2026-09-17 12:02:18 WARN  [hibernate.orm.deprecation] - HHH90000025: MySQLDialect does not need to be specified explicitly using 'hibernate.dialect' (remove the property setting and it will be selected by default)
2026-09-17 12:02:18 INFO  [orm.connections.pooling] - HHH10001005: Database info:
	Database JDBC URL [jdbc:mysql://localhost:3306/DB_CALENDAR]
	Database driver: MySQL Connector/J
	Database dialect: MySQLDialect
	Database version: 8.0.46
	Default catalog/schema: DB_CALENDAR/undefined
	Autocommit mode: undefined/unknown
	Isolation level: REPEATABLE_READ [default REPEATABLE_READ]
	JDBC fetch size: none
	Pool: DataSourceConnectionProvider
	Minimum pool size: undefined/unknown
	Maximum pool size: undefined/unknown
2026-09-17 12:02:18 INFO  [hibernate.orm.core] - HHH000489: No JTA platform available (set 'hibernate.transaction.jta.platform' to enable JTA platform integration)
2026-09-17 12:02:18 INFO  [orm.jpa.LocalContainerEntityManagerFactoryBean] - Initialized JPA EntityManagerFactory for persistence unit 'default'
2026-09-17 12:02:19 WARN  [jpa.autoconfigure.JpaBaseConfiguration$JpaWebConfiguration] - spring.jpa.open-in-view is enabled by default. Therefore, database queries may be performed during view rendering. Explicitly configure spring.jpa.open-in-view to disable this warning
2026-09-17 12:02:19 INFO  [authentication.configuration.InitializeUserDetailsBeanManagerConfigurer$InitializeUserDetailsManagerConfigurer] - Global AuthenticationManager configured with UserDetailsService bean with name memberDetailsService
2026-09-17 12:02:19 INFO  [coyote.http11.Http11NioProtocol] - Starting ProtocolHandler ["http-nio-8090"]
2026-09-17 12:02:19 INFO  [boot.tomcat.TomcatWebServer] - Tomcat started on port 8090 (http) with context path '/'
2026-09-17 12:02:19 INFO  [devtools.autoconfigure.ConditionEvaluationDeltaLoggingListener] - Condition evaluation unchanged
2026-09-17 12:03:52 INFO  [devtools.autoconfigure.LocalDevToolsAutoConfiguration$RestartingClassPathChangeChangedEventListener] - Restarting due to 6 class path changes (1 addition, 0 deletions, 5 modifications)
2026-09-17 12:03:52 INFO  [boot.tomcat.GracefulShutdown] - Commencing graceful shutdown. Waiting for active requests to complete
2026-09-17 12:03:52 INFO  [coyote.http11.Http11NioProtocol] - Pausing ProtocolHandler ["http-nio-8090"]
2026-09-17 12:03:52 INFO  [boot.tomcat.GracefulShutdown] - Graceful shutdown complete
2026-09-17 12:03:52 INFO  [coyote.http11.Http11NioProtocol] - Stopping ProtocolHandler ["http-nio-8090"]
2026-09-17 12:03:52 INFO  [orm.jpa.LocalContainerEntityManagerFactoryBean] - Closing JPA EntityManagerFactory for persistence unit 'default'
2026-09-17 12:03:52 INFO  [zaxxer.hikari.HikariDataSource] - HikariPool-2 - Shutdown initiated...
2026-09-17 12:03:52 INFO  [zaxxer.hikari.HikariDataSource] - HikariPool-2 - Shutdown completed.
2026-09-17 12:03:53 INFO  [repository.config.RepositoryConfigurationDelegate] - Bootstrapping Spring Data JPA repositories in DEFAULT mode.
2026-09-17 12:03:53 INFO  [repository.config.RepositoryConfigurationDelegate] - Finished Spring Data repository scanning in 8 ms. Found 2 JPA repository interfaces.
2026-09-17 12:03:53 INFO  [boot.tomcat.TomcatWebServer] - Tomcat initialized with port 8090 (http)
2026-09-17 12:03:53 INFO  [coyote.http11.Http11NioProtocol] - Initializing ProtocolHandler ["http-nio-8090"]
2026-09-17 12:03:53 INFO  [catalina.core.StandardService] - Starting service [Tomcat]
2026-09-17 12:03:53 INFO  [catalina.core.StandardEngine] - Starting Servlet engine: [Apache Tomcat/11.0.24]
2026-09-17 12:03:53 INFO  [context.servlet.WebApplicationContextInitializer] - Root WebApplicationContext: initialization completed in 287 ms
2026-09-17 12:03:53 INFO  [hibernate.orm.jpa] - HHH008540: Processing PersistenceUnitInfo [name: default]
2026-09-17 12:03:53 INFO  [jpa.persistenceunit.SpringPersistenceUnitInfo] - No LoadTimeWeaver setup: ignoring JPA class transformer
2026-09-17 12:03:53 INFO  [zaxxer.hikari.HikariDataSource] - HikariPool-3 - Starting...
2026-09-17 12:03:53 INFO  [hikari.pool.HikariPool] - HikariPool-3 - Added connection com.mysql.cj.jdbc.ConnectionImpl@466e0ad4
2026-09-17 12:03:53 INFO  [zaxxer.hikari.HikariDataSource] - HikariPool-3 - Start completed.
2026-09-17 12:03:53 WARN  [hibernate.orm.deprecation] - HHH90000025: MySQLDialect does not need to be specified explicitly using 'hibernate.dialect' (remove the property setting and it will be selected by default)
2026-09-17 12:03:53 INFO  [orm.connections.pooling] - HHH10001005: Database info:
	Database JDBC URL [jdbc:mysql://localhost:3306/DB_CALENDAR]
	Database driver: MySQL Connector/J
	Database dialect: MySQLDialect
	Database version: 8.0.46
	Default catalog/schema: DB_CALENDAR/undefined
	Autocommit mode: undefined/unknown
	Isolation level: REPEATABLE_READ [default REPEATABLE_READ]
	JDBC fetch size: none
	Pool: DataSourceConnectionProvider
	Minimum pool size: undefined/unknown
	Maximum pool size: undefined/unknown
2026-09-17 12:03:53 INFO  [hibernate.orm.core] - HHH000489: No JTA platform available (set 'hibernate.transaction.jta.platform' to enable JTA platform integration)
2026-09-17 12:03:53 INFO  [orm.jpa.LocalContainerEntityManagerFactoryBean] - Initialized JPA EntityManagerFactory for persistence unit 'default'
2026-09-17 12:03:53 WARN  [jpa.autoconfigure.JpaBaseConfiguration$JpaWebConfiguration] - spring.jpa.open-in-view is enabled by default. Therefore, database queries may be performed during view rendering. Explicitly configure spring.jpa.open-in-view to disable this warning
2026-09-17 12:03:53 INFO  [authentication.configuration.InitializeUserDetailsBeanManagerConfigurer$InitializeUserDetailsManagerConfigurer] - Global AuthenticationManager configured with UserDetailsService bean with name memberDetailsService
2026-09-17 12:03:53 INFO  [coyote.http11.Http11NioProtocol] - Starting ProtocolHandler ["http-nio-8090"]
2026-09-17 12:03:53 INFO  [boot.tomcat.TomcatWebServer] - Tomcat started on port 8090 (http) with context path '/'
2026-09-17 12:03:53 INFO  [devtools.autoconfigure.ConditionEvaluationDeltaLoggingListener] - Condition evaluation unchanged
2026-09-17 12:05:59 INFO  [devtools.autoconfigure.LocalDevToolsAutoConfiguration$RestartingClassPathChangeChangedEventListener] - Restarting due to 6 class path changes (0 additions, 6 deletions, 0 modifications)
2026-09-17 12:05:59 INFO  [boot.tomcat.GracefulShutdown] - Commencing graceful shutdown. Waiting for active requests to complete
2026-09-17 12:05:59 INFO  [coyote.http11.Http11NioProtocol] - Pausing ProtocolHandler ["http-nio-8090"]
2026-09-17 12:05:59 INFO  [boot.tomcat.GracefulShutdown] - Graceful shutdown complete
2026-09-17 12:05:59 INFO  [coyote.http11.Http11NioProtocol] - Stopping ProtocolHandler ["http-nio-8090"]
2026-09-17 12:05:59 INFO  [orm.jpa.LocalContainerEntityManagerFactoryBean] - Closing JPA EntityManagerFactory for persistence unit 'default'
2026-09-17 12:05:59 INFO  [zaxxer.hikari.HikariDataSource] - HikariPool-3 - Shutdown initiated...
2026-09-17 12:05:59 INFO  [zaxxer.hikari.HikariDataSource] - HikariPool-3 - Shutdown completed.
2026-09-17 12:06:00 INFO  [repository.config.RepositoryConfigurationDelegate] - Bootstrapping Spring Data JPA repositories in DEFAULT mode.
2026-09-17 12:06:00 INFO  [repository.config.RepositoryConfigurationDelegate] - Finished Spring Data repository scanning in 8 ms. Found 2 JPA repository interfaces.
2026-09-17 12:06:00 INFO  [boot.tomcat.TomcatWebServer] - Tomcat initialized with port 8090 (http)
2026-09-17 12:06:00 INFO  [coyote.http11.Http11NioProtocol] - Initializing ProtocolHandler ["http-nio-8090"]
2026-09-17 12:06:00 INFO  [catalina.core.StandardService] - Starting service [Tomcat]
2026-09-17 12:06:00 INFO  [catalina.core.StandardEngine] - Starting Servlet engine: [Apache Tomcat/11.0.24]
2026-09-17 12:06:00 INFO  [context.servlet.WebApplicationContextInitializer] - Root WebApplicationContext: initialization completed in 312 ms
2026-09-17 12:06:00 INFO  [hibernate.orm.jpa] - HHH008540: Processing PersistenceUnitInfo [name: default]
2026-09-17 12:06:00 INFO  [jpa.persistenceunit.SpringPersistenceUnitInfo] - No LoadTimeWeaver setup: ignoring JPA class transformer
2026-09-17 12:06:00 INFO  [zaxxer.hikari.HikariDataSource] - HikariPool-4 - Starting...
2026-09-17 12:06:00 INFO  [hikari.pool.HikariPool] - HikariPool-4 - Added connection com.mysql.cj.jdbc.ConnectionImpl@b3fbdbb
2026-09-17 12:06:00 INFO  [zaxxer.hikari.HikariDataSource] - HikariPool-4 - Start completed.
2026-09-17 12:06:00 WARN  [hibernate.orm.deprecation] - HHH90000025: MySQLDialect does not need to be specified explicitly using 'hibernate.dialect' (remove the property setting and it will be selected by default)
2026-09-17 12:06:00 INFO  [orm.connections.pooling] - HHH10001005: Database info:
	Database JDBC URL [jdbc:mysql://localhost:3306/DB_CALENDAR]
	Database driver: MySQL Connector/J
	Database dialect: MySQLDialect
	Database version: 8.0.46
	Default catalog/schema: DB_CALENDAR/undefined
	Autocommit mode: undefined/unknown
	Isolation level: REPEATABLE_READ [default REPEATABLE_READ]
	JDBC fetch size: none
	Pool: DataSourceConnectionProvider
	Minimum pool size: undefined/unknown
	Maximum pool size: undefined/unknown
2026-09-17 12:06:00 INFO  [hibernate.orm.core] - HHH000489: No JTA platform available (set 'hibernate.transaction.jta.platform' to enable JTA platform integration)
2026-09-17 12:06:00 INFO  [orm.jpa.LocalContainerEntityManagerFactoryBean] - Initialized JPA EntityManagerFactory for persistence unit 'default'
2026-09-17 12:06:00 WARN  [jpa.autoconfigure.JpaBaseConfiguration$JpaWebConfiguration] - spring.jpa.open-in-view is enabled by default. Therefore, database queries may be performed during view rendering. Explicitly configure spring.jpa.open-in-view to disable this warning
2026-09-17 12:06:00 INFO  [authentication.configuration.InitializeUserDetailsBeanManagerConfigurer$InitializeUserDetailsManagerConfigurer] - Global AuthenticationManager configured with UserDetailsService bean with name memberDetailsService
2026-09-17 12:06:00 INFO  [coyote.http11.Http11NioProtocol] - Starting ProtocolHandler ["http-nio-8090"]
2026-09-17 12:06:00 INFO  [boot.tomcat.TomcatWebServer] - Tomcat started on port 8090 (http) with context path '/'
2026-09-17 12:06:00 INFO  [devtools.autoconfigure.ConditionEvaluationDeltaLoggingListener] - Condition evaluation unchanged
2026-09-17 12:06:01 INFO  [devtools.autoconfigure.LocalDevToolsAutoConfiguration$RestartingClassPathChangeChangedEventListener] - Restarting due to 6 class path changes (6 additions, 0 deletions, 0 modifications)
2026-09-17 12:06:01 INFO  [boot.tomcat.GracefulShutdown] - Commencing graceful shutdown. Waiting for active requests to complete
2026-09-17 12:06:01 INFO  [coyote.http11.Http11NioProtocol] - Pausing ProtocolHandler ["http-nio-8090"]
2026-09-17 12:06:02 INFO  [boot.tomcat.GracefulShutdown] - Graceful shutdown complete
2026-09-17 12:06:02 INFO  [coyote.http11.Http11NioProtocol] - Stopping ProtocolHandler ["http-nio-8090"]
2026-09-17 12:06:02 INFO  [orm.jpa.LocalContainerEntityManagerFactoryBean] - Closing JPA EntityManagerFactory for persistence unit 'default'
2026-09-17 12:06:02 INFO  [zaxxer.hikari.HikariDataSource] - HikariPool-4 - Shutdown initiated...
2026-09-17 12:06:02 INFO  [zaxxer.hikari.HikariDataSource] - HikariPool-4 - Shutdown completed.
2026-09-17 12:06:02 INFO  [repository.config.RepositoryConfigurationDelegate] - Bootstrapping Spring Data JPA repositories in DEFAULT mode.
2026-09-17 12:06:02 INFO  [repository.config.RepositoryConfigurationDelegate] - Finished Spring Data repository scanning in 8 ms. Found 2 JPA repository interfaces.
2026-09-17 12:06:02 INFO  [boot.tomcat.TomcatWebServer] - Tomcat initialized with port 8090 (http)
2026-09-17 12:06:02 INFO  [coyote.http11.Http11NioProtocol] - Initializing ProtocolHandler ["http-nio-8090"]
2026-09-17 12:06:02 INFO  [catalina.core.StandardService] - Starting service [Tomcat]
2026-09-17 12:06:02 INFO  [catalina.core.StandardEngine] - Starting Servlet engine: [Apache Tomcat/11.0.24]
2026-09-17 12:06:02 INFO  [context.servlet.WebApplicationContextInitializer] - Root WebApplicationContext: initialization completed in 482 ms
2026-09-17 12:06:02 INFO  [hibernate.orm.jpa] - HHH008540: Processing PersistenceUnitInfo [name: default]
2026-09-17 12:06:02 INFO  [jpa.persistenceunit.SpringPersistenceUnitInfo] - No LoadTimeWeaver setup: ignoring JPA class transformer
2026-09-17 12:06:02 INFO  [zaxxer.hikari.HikariDataSource] - HikariPool-5 - Starting...
2026-09-17 12:06:02 INFO  [hikari.pool.HikariPool] - HikariPool-5 - Added connection com.mysql.cj.jdbc.ConnectionImpl@36905e0d
2026-09-17 12:06:02 INFO  [zaxxer.hikari.HikariDataSource] - HikariPool-5 - Start completed.
2026-09-17 12:06:02 WARN  [hibernate.orm.deprecation] - HHH90000025: MySQLDialect does not need to be specified explicitly using 'hibernate.dialect' (remove the property setting and it will be selected by default)
2026-09-17 12:06:02 INFO  [orm.connections.pooling] - HHH10001005: Database info:
	Database JDBC URL [jdbc:mysql://localhost:3306/DB_CALENDAR]
	Database driver: MySQL Connector/J
	Database dialect: MySQLDialect
	Database version: 8.0.46
	Default catalog/schema: DB_CALENDAR/undefined
	Autocommit mode: undefined/unknown
	Isolation level: REPEATABLE_READ [default REPEATABLE_READ]
	JDBC fetch size: none
	Pool: DataSourceConnectionProvider
	Minimum pool size: undefined/unknown
	Maximum pool size: undefined/unknown
2026-09-17 12:06:02 INFO  [hibernate.orm.core] - HHH000489: No JTA platform available (set 'hibernate.transaction.jta.platform' to enable JTA platform integration)
2026-09-17 12:06:02 INFO  [orm.jpa.LocalContainerEntityManagerFactoryBean] - Initialized JPA EntityManagerFactory for persistence unit 'default'
2026-09-17 12:06:03 WARN  [jpa.autoconfigure.JpaBaseConfiguration$JpaWebConfiguration] - spring.jpa.open-in-view is enabled by default. Therefore, database queries may be performed during view rendering. Explicitly configure spring.jpa.open-in-view to disable this warning
2026-09-17 12:06:03 INFO  [authentication.configuration.InitializeUserDetailsBeanManagerConfigurer$InitializeUserDetailsManagerConfigurer] - Global AuthenticationManager configured with UserDetailsService bean with name memberDetailsService
2026-09-17 12:06:03 INFO  [coyote.http11.Http11NioProtocol] - Starting ProtocolHandler ["http-nio-8090"]
2026-09-17 12:06:03 INFO  [boot.tomcat.TomcatWebServer] - Tomcat started on port 8090 (http) with context path '/'
2026-09-17 12:06:03 INFO  [devtools.autoconfigure.ConditionEvaluationDeltaLoggingListener] - Condition evaluation unchanged
2026-09-17 12:13:05 INFO  [devtools.autoconfigure.LocalDevToolsAutoConfiguration$RestartingClassPathChangeChangedEventListener] - Restarting due to 16 class path changes (0 additions, 16 deletions, 0 modifications)
2026-09-17 12:13:05 INFO  [boot.tomcat.GracefulShutdown] - Commencing graceful shutdown. Waiting for active requests to complete
2026-09-17 12:13:05 INFO  [coyote.http11.Http11NioProtocol] - Pausing ProtocolHandler ["http-nio-8090"]
2026-09-17 12:13:05 INFO  [boot.tomcat.GracefulShutdown] - Graceful shutdown complete
2026-09-17 12:13:05 INFO  [coyote.http11.Http11NioProtocol] - Stopping ProtocolHandler ["http-nio-8090"]
2026-09-17 12:13:05 INFO  [orm.jpa.LocalContainerEntityManagerFactoryBean] - Closing JPA EntityManagerFactory for persistence unit 'default'
2026-09-17 12:13:05 INFO  [zaxxer.hikari.HikariDataSource] - HikariPool-5 - Shutdown initiated...
2026-09-17 12:13:05 INFO  [zaxxer.hikari.HikariDataSource] - HikariPool-5 - Shutdown completed.
2026-09-17 12:13:05 INFO  [repository.config.RepositoryConfigurationDelegate] - Bootstrapping Spring Data JPA repositories in DEFAULT mode.
2026-09-17 12:13:05 INFO  [repository.config.RepositoryConfigurationDelegate] - Finished Spring Data repository scanning in 9 ms. Found 2 JPA repository interfaces.
2026-09-17 12:13:06 INFO  [boot.tomcat.TomcatWebServer] - Tomcat initialized with port 8090 (http)
2026-09-17 12:13:06 INFO  [coyote.http11.Http11NioProtocol] - Initializing ProtocolHandler ["http-nio-8090"]
2026-09-17 12:13:06 INFO  [catalina.core.StandardService] - Starting service [Tomcat]
2026-09-17 12:13:06 INFO  [catalina.core.StandardEngine] - Starting Servlet engine: [Apache Tomcat/11.0.24]
2026-09-17 12:13:06 INFO  [context.servlet.WebApplicationContextInitializer] - Root WebApplicationContext: initialization completed in 439 ms
2026-09-17 12:13:06 INFO  [hibernate.orm.jpa] - HHH008540: Processing PersistenceUnitInfo [name: default]
2026-09-17 12:13:06 INFO  [jpa.persistenceunit.SpringPersistenceUnitInfo] - No LoadTimeWeaver setup: ignoring JPA class transformer
2026-09-17 12:13:06 INFO  [zaxxer.hikari.HikariDataSource] - HikariPool-6 - Starting...
2026-09-17 12:13:06 INFO  [hikari.pool.HikariPool] - HikariPool-6 - Added connection com.mysql.cj.jdbc.ConnectionImpl@6c3198b1
2026-09-17 12:13:06 INFO  [zaxxer.hikari.HikariDataSource] - HikariPool-6 - Start completed.
2026-09-17 12:13:06 WARN  [hibernate.orm.deprecation] - HHH90000025: MySQLDialect does not need to be specified explicitly using 'hibernate.dialect' (remove the property setting and it will be selected by default)
2026-09-17 12:13:06 INFO  [orm.connections.pooling] - HHH10001005: Database info:
	Database JDBC URL [jdbc:mysql://localhost:3306/DB_CALENDAR]
	Database driver: MySQL Connector/J
	Database dialect: MySQLDialect
	Database version: 8.0.46
	Default catalog/schema: DB_CALENDAR/undefined
	Autocommit mode: undefined/unknown
	Isolation level: REPEATABLE_READ [default REPEATABLE_READ]
	JDBC fetch size: none
	Pool: DataSourceConnectionProvider
	Minimum pool size: undefined/unknown
	Maximum pool size: undefined/unknown
2026-09-17 12:13:06 INFO  [hibernate.orm.core] - HHH000489: No JTA platform available (set 'hibernate.transaction.jta.platform' to enable JTA platform integration)
2026-09-17 12:13:06 INFO  [orm.jpa.LocalContainerEntityManagerFactoryBean] - Initialized JPA EntityManagerFactory for persistence unit 'default'
2026-09-17 12:13:06 WARN  [jpa.autoconfigure.JpaBaseConfiguration$JpaWebConfiguration] - spring.jpa.open-in-view is enabled by default. Therefore, database queries may be performed during view rendering. Explicitly configure spring.jpa.open-in-view to disable this warning
2026-09-17 12:13:06 INFO  [authentication.configuration.InitializeUserDetailsBeanManagerConfigurer$InitializeUserDetailsManagerConfigurer] - Global AuthenticationManager configured with UserDetailsService bean with name memberDetailsService
2026-09-17 12:13:06 INFO  [coyote.http11.Http11NioProtocol] - Starting ProtocolHandler ["http-nio-8090"]
2026-09-17 12:13:06 INFO  [boot.tomcat.TomcatWebServer] - Tomcat started on port 8090 (http) with context path '/'
2026-09-17 12:13:06 INFO  [devtools.autoconfigure.ConditionEvaluationDeltaLoggingListener] - Condition evaluation unchanged
2026-09-17 12:13:07 INFO  [devtools.autoconfigure.LocalDevToolsAutoConfiguration$RestartingClassPathChangeChangedEventListener] - Restarting due to 16 class path changes (16 additions, 0 deletions, 0 modifications)
2026-09-17 12:13:07 INFO  [boot.tomcat.GracefulShutdown] - Commencing graceful shutdown. Waiting for active requests to complete
2026-09-17 12:13:07 INFO  [coyote.http11.Http11NioProtocol] - Pausing ProtocolHandler ["http-nio-8090"]
2026-09-17 12:13:08 INFO  [boot.tomcat.GracefulShutdown] - Graceful shutdown complete
2026-09-17 12:13:08 INFO  [coyote.http11.Http11NioProtocol] - Stopping ProtocolHandler ["http-nio-8090"]
2026-09-17 12:13:08 INFO  [orm.jpa.LocalContainerEntityManagerFactoryBean] - Closing JPA EntityManagerFactory for persistence unit 'default'
2026-09-17 12:13:08 INFO  [zaxxer.hikari.HikariDataSource] - HikariPool-6 - Shutdown initiated...
2026-09-17 12:13:08 INFO  [zaxxer.hikari.HikariDataSource] - HikariPool-6 - Shutdown completed.
2026-09-17 12:13:08 INFO  [repository.config.RepositoryConfigurationDelegate] - Bootstrapping Spring Data JPA repositories in DEFAULT mode.
2026-09-17 12:13:08 INFO  [repository.config.RepositoryConfigurationDelegate] - Finished Spring Data repository scanning in 10 ms. Found 2 JPA repository interfaces.
2026-09-17 12:13:08 INFO  [boot.tomcat.TomcatWebServer] - Tomcat initialized with port 8090 (http)
2026-09-17 12:13:08 INFO  [coyote.http11.Http11NioProtocol] - Initializing ProtocolHandler ["http-nio-8090"]
2026-09-17 12:13:08 INFO  [catalina.core.StandardService] - Starting service [Tomcat]
2026-09-17 12:13:08 INFO  [catalina.core.StandardEngine] - Starting Servlet engine: [Apache Tomcat/11.0.24]
2026-09-17 12:13:08 INFO  [context.servlet.WebApplicationContextInitializer] - Root WebApplicationContext: initialization completed in 490 ms
2026-09-17 12:13:08 INFO  [hibernate.orm.jpa] - HHH008540: Processing PersistenceUnitInfo [name: default]
2026-09-17 12:13:08 INFO  [jpa.persistenceunit.SpringPersistenceUnitInfo] - No LoadTimeWeaver setup: ignoring JPA class transformer
2026-09-17 12:13:08 INFO  [zaxxer.hikari.HikariDataSource] - HikariPool-7 - Starting...
2026-09-17 12:13:08 INFO  [hikari.pool.HikariPool] - HikariPool-7 - Added connection com.mysql.cj.jdbc.ConnectionImpl@663abe07
2026-09-17 12:13:08 INFO  [zaxxer.hikari.HikariDataSource] - HikariPool-7 - Start completed.
2026-09-17 12:13:08 WARN  [hibernate.orm.deprecation] - HHH90000025: MySQLDialect does not need to be specified explicitly using 'hibernate.dialect' (remove the property setting and it will be selected by default)
2026-09-17 12:13:08 INFO  [orm.connections.pooling] - HHH10001005: Database info:
	Database JDBC URL [jdbc:mysql://localhost:3306/DB_CALENDAR]
	Database driver: MySQL Connector/J
	Database dialect: MySQLDialect
	Database version: 8.0.46
	Default catalog/schema: DB_CALENDAR/undefined
	Autocommit mode: undefined/unknown
	Isolation level: REPEATABLE_READ [default REPEATABLE_READ]
	JDBC fetch size: none
	Pool: DataSourceConnectionProvider
	Minimum pool size: undefined/unknown
	Maximum pool size: undefined/unknown
2026-09-17 12:13:08 INFO  [hibernate.orm.core] - HHH000489: No JTA platform available (set 'hibernate.transaction.jta.platform' to enable JTA platform integration)
2026-09-17 12:13:09 INFO  [orm.jpa.LocalContainerEntityManagerFactoryBean] - Initialized JPA EntityManagerFactory for persistence unit 'default'
2026-09-17 12:13:09 WARN  [jpa.autoconfigure.JpaBaseConfiguration$JpaWebConfiguration] - spring.jpa.open-in-view is enabled by default. Therefore, database queries may be performed during view rendering. Explicitly configure spring.jpa.open-in-view to disable this warning
2026-09-17 12:13:09 INFO  [authentication.configuration.InitializeUserDetailsBeanManagerConfigurer$InitializeUserDetailsManagerConfigurer] - Global AuthenticationManager configured with UserDetailsService bean with name memberDetailsService
2026-09-17 12:13:09 INFO  [coyote.http11.Http11NioProtocol] - Starting ProtocolHandler ["http-nio-8090"]
2026-09-17 12:13:09 INFO  [boot.tomcat.TomcatWebServer] - Tomcat started on port 8090 (http) with context path '/'
2026-09-17 12:13:09 INFO  [devtools.autoconfigure.ConditionEvaluationDeltaLoggingListener] - Condition evaluation unchanged
2026-09-17 12:16:49 INFO  [devtools.autoconfigure.LocalDevToolsAutoConfiguration$RestartingClassPathChangeChangedEventListener] - Restarting due to 16 class path changes (0 additions, 16 deletions, 0 modifications)
2026-09-17 12:16:49 INFO  [boot.tomcat.GracefulShutdown] - Commencing graceful shutdown. Waiting for active requests to complete
2026-09-17 12:16:49 INFO  [coyote.http11.Http11NioProtocol] - Pausing ProtocolHandler ["http-nio-8090"]
2026-09-17 12:16:50 INFO  [boot.tomcat.GracefulShutdown] - Graceful shutdown complete
2026-09-17 12:16:50 INFO  [coyote.http11.Http11NioProtocol] - Stopping ProtocolHandler ["http-nio-8090"]
2026-09-17 12:16:50 INFO  [orm.jpa.LocalContainerEntityManagerFactoryBean] - Closing JPA EntityManagerFactory for persistence unit 'default'
2026-09-17 12:16:50 INFO  [zaxxer.hikari.HikariDataSource] - HikariPool-7 - Shutdown initiated...
2026-09-17 12:16:50 INFO  [zaxxer.hikari.HikariDataSource] - HikariPool-7 - Shutdown completed.
2026-09-17 12:16:50 INFO  [repository.config.RepositoryConfigurationDelegate] - Bootstrapping Spring Data JPA repositories in DEFAULT mode.
2026-09-17 12:16:50 INFO  [repository.config.RepositoryConfigurationDelegate] - Finished Spring Data repository scanning in 9 ms. Found 2 JPA repository interfaces.
2026-09-17 12:16:50 INFO  [boot.tomcat.TomcatWebServer] - Tomcat initialized with port 8090 (http)
2026-09-17 12:16:50 INFO  [coyote.http11.Http11NioProtocol] - Initializing ProtocolHandler ["http-nio-8090"]
2026-09-17 12:16:50 INFO  [catalina.core.StandardService] - Starting service [Tomcat]
2026-09-17 12:16:50 INFO  [catalina.core.StandardEngine] - Starting Servlet engine: [Apache Tomcat/11.0.24]
2026-09-17 12:16:50 INFO  [context.servlet.WebApplicationContextInitializer] - Root WebApplicationContext: initialization completed in 325 ms
2026-09-17 12:16:50 INFO  [hibernate.orm.jpa] - HHH008540: Processing PersistenceUnitInfo [name: default]
2026-09-17 12:16:50 INFO  [jpa.persistenceunit.SpringPersistenceUnitInfo] - No LoadTimeWeaver setup: ignoring JPA class transformer
2026-09-17 12:16:50 INFO  [zaxxer.hikari.HikariDataSource] - HikariPool-8 - Starting...
2026-09-17 12:16:50 INFO  [hikari.pool.HikariPool] - HikariPool-8 - Added connection com.mysql.cj.jdbc.ConnectionImpl@485e0778
2026-09-17 12:16:50 INFO  [zaxxer.hikari.HikariDataSource] - HikariPool-8 - Start completed.
2026-09-17 12:16:50 WARN  [hibernate.orm.deprecation] - HHH90000025: MySQLDialect does not need to be specified explicitly using 'hibernate.dialect' (remove the property setting and it will be selected by default)
2026-09-17 12:16:50 INFO  [orm.connections.pooling] - HHH10001005: Database info:
	Database JDBC URL [jdbc:mysql://localhost:3306/DB_CALENDAR]
	Database driver: MySQL Connector/J
	Database dialect: MySQLDialect
	Database version: 8.0.46
	Default catalog/schema: DB_CALENDAR/undefined
	Autocommit mode: undefined/unknown
	Isolation level: REPEATABLE_READ [default REPEATABLE_READ]
	JDBC fetch size: none
	Pool: DataSourceConnectionProvider
	Minimum pool size: undefined/unknown
	Maximum pool size: undefined/unknown
2026-09-17 12:16:50 INFO  [hibernate.orm.core] - HHH000489: No JTA platform available (set 'hibernate.transaction.jta.platform' to enable JTA platform integration)
2026-09-17 12:16:50 INFO  [orm.jpa.LocalContainerEntityManagerFactoryBean] - Initialized JPA EntityManagerFactory for persistence unit 'default'
2026-09-17 12:16:50 WARN  [jpa.autoconfigure.JpaBaseConfiguration$JpaWebConfiguration] - spring.jpa.open-in-view is enabled by default. Therefore, database queries may be performed during view rendering. Explicitly configure spring.jpa.open-in-view to disable this warning
2026-09-17 12:16:50 INFO  [authentication.configuration.InitializeUserDetailsBeanManagerConfigurer$InitializeUserDetailsManagerConfigurer] - Global AuthenticationManager configured with UserDetailsService bean with name memberDetailsService
2026-09-17 12:16:51 INFO  [coyote.http11.Http11NioProtocol] - Starting ProtocolHandler ["http-nio-8090"]
2026-09-17 12:16:51 INFO  [boot.tomcat.TomcatWebServer] - Tomcat started on port 8090 (http) with context path '/'
2026-09-17 12:16:51 INFO  [devtools.autoconfigure.ConditionEvaluationDeltaLoggingListener] - Condition evaluation unchanged
2026-09-17 12:16:52 INFO  [devtools.autoconfigure.LocalDevToolsAutoConfiguration$RestartingClassPathChangeChangedEventListener] - Restarting due to 16 class path changes (16 additions, 0 deletions, 0 modifications)
2026-09-17 12:16:52 INFO  [boot.tomcat.GracefulShutdown] - Commencing graceful shutdown. Waiting for active requests to complete
2026-09-17 12:16:52 INFO  [coyote.http11.Http11NioProtocol] - Pausing ProtocolHandler ["http-nio-8090"]
2026-09-17 12:16:52 INFO  [boot.tomcat.GracefulShutdown] - Graceful shutdown complete
2026-09-17 12:16:52 INFO  [coyote.http11.Http11NioProtocol] - Stopping ProtocolHandler ["http-nio-8090"]
2026-09-17 12:16:52 INFO  [orm.jpa.LocalContainerEntityManagerFactoryBean] - Closing JPA EntityManagerFactory for persistence unit 'default'
2026-09-17 12:16:52 INFO  [zaxxer.hikari.HikariDataSource] - HikariPool-8 - Shutdown initiated...
2026-09-17 12:16:52 INFO  [zaxxer.hikari.HikariDataSource] - HikariPool-8 - Shutdown completed.
2026-09-17 12:16:53 INFO  [repository.config.RepositoryConfigurationDelegate] - Bootstrapping Spring Data JPA repositories in DEFAULT mode.
2026-09-17 12:16:53 INFO  [repository.config.RepositoryConfigurationDelegate] - Finished Spring Data repository scanning in 9 ms. Found 2 JPA repository interfaces.
2026-09-17 12:16:53 INFO  [boot.tomcat.TomcatWebServer] - Tomcat initialized with port 8090 (http)
2026-09-17 12:16:53 INFO  [coyote.http11.Http11NioProtocol] - Initializing ProtocolHandler ["http-nio-8090"]
2026-09-17 12:16:53 INFO  [catalina.core.StandardService] - Starting service [Tomcat]
2026-09-17 12:16:53 INFO  [catalina.core.StandardEngine] - Starting Servlet engine: [Apache Tomcat/11.0.24]
2026-09-17 12:16:53 INFO  [context.servlet.WebApplicationContextInitializer] - Root WebApplicationContext: initialization completed in 511 ms
2026-09-17 12:16:53 INFO  [hibernate.orm.jpa] - HHH008540: Processing PersistenceUnitInfo [name: default]
2026-09-17 12:16:53 INFO  [jpa.persistenceunit.SpringPersistenceUnitInfo] - No LoadTimeWeaver setup: ignoring JPA class transformer
2026-09-17 12:16:53 INFO  [zaxxer.hikari.HikariDataSource] - HikariPool-9 - Starting...
2026-09-17 12:16:53 INFO  [hikari.pool.HikariPool] - HikariPool-9 - Added connection com.mysql.cj.jdbc.ConnectionImpl@1401979f
2026-09-17 12:16:53 INFO  [zaxxer.hikari.HikariDataSource] - HikariPool-9 - Start completed.
2026-09-17 12:16:53 WARN  [hibernate.orm.deprecation] - HHH90000025: MySQLDialect does not need to be specified explicitly using 'hibernate.dialect' (remove the property setting and it will be selected by default)
2026-09-17 12:16:53 INFO  [orm.connections.pooling] - HHH10001005: Database info:
	Database JDBC URL [jdbc:mysql://localhost:3306/DB_CALENDAR]
	Database driver: MySQL Connector/J
	Database dialect: MySQLDialect
	Database version: 8.0.46
	Default catalog/schema: DB_CALENDAR/undefined
	Autocommit mode: undefined/unknown
	Isolation level: REPEATABLE_READ [default REPEATABLE_READ]
	JDBC fetch size: none
	Pool: DataSourceConnectionProvider
	Minimum pool size: undefined/unknown
	Maximum pool size: undefined/unknown
2026-09-17 12:16:53 INFO  [hibernate.orm.core] - HHH000489: No JTA platform available (set 'hibernate.transaction.jta.platform' to enable JTA platform integration)
2026-09-17 12:16:53 INFO  [orm.jpa.LocalContainerEntityManagerFactoryBean] - Initialized JPA EntityManagerFactory for persistence unit 'default'
2026-09-17 12:16:53 WARN  [jpa.autoconfigure.JpaBaseConfiguration$JpaWebConfiguration] - spring.jpa.open-in-view is enabled by default. Therefore, database queries may be performed during view rendering. Explicitly configure spring.jpa.open-in-view to disable this warning
2026-09-17 12:16:53 INFO  [authentication.configuration.InitializeUserDetailsBeanManagerConfigurer$InitializeUserDetailsManagerConfigurer] - Global AuthenticationManager configured with UserDetailsService bean with name memberDetailsService
2026-09-17 12:16:53 INFO  [coyote.http11.Http11NioProtocol] - Starting ProtocolHandler ["http-nio-8090"]
2026-09-17 12:16:53 INFO  [boot.tomcat.TomcatWebServer] - Tomcat started on port 8090 (http) with context path '/'
2026-09-17 12:16:53 INFO  [devtools.autoconfigure.ConditionEvaluationDeltaLoggingListener] - Condition evaluation unchanged
2026-09-17 12:18:53 INFO  [devtools.autoconfigure.LocalDevToolsAutoConfiguration$RestartingClassPathChangeChangedEventListener] - Restarting due to 16 class path changes (0 additions, 16 deletions, 0 modifications)
2026-09-17 12:18:53 INFO  [boot.tomcat.GracefulShutdown] - Commencing graceful shutdown. Waiting for active requests to complete
2026-09-17 12:18:53 INFO  [coyote.http11.Http11NioProtocol] - Pausing ProtocolHandler ["http-nio-8090"]
2026-09-17 12:18:53 INFO  [boot.tomcat.GracefulShutdown] - Graceful shutdown complete
2026-09-17 12:18:53 INFO  [coyote.http11.Http11NioProtocol] - Stopping ProtocolHandler ["http-nio-8090"]
2026-09-17 12:18:53 INFO  [orm.jpa.LocalContainerEntityManagerFactoryBean] - Closing JPA EntityManagerFactory for persistence unit 'default'
2026-09-17 12:18:53 INFO  [zaxxer.hikari.HikariDataSource] - HikariPool-9 - Shutdown initiated...
2026-09-17 12:18:53 INFO  [zaxxer.hikari.HikariDataSource] - HikariPool-9 - Shutdown completed.
2026-09-17 12:18:53 INFO  [repository.config.RepositoryConfigurationDelegate] - Bootstrapping Spring Data JPA repositories in DEFAULT mode.
2026-09-17 12:18:53 INFO  [repository.config.RepositoryConfigurationDelegate] - Finished Spring Data repository scanning in 8 ms. Found 2 JPA repository interfaces.
2026-09-17 12:18:53 INFO  [boot.tomcat.TomcatWebServer] - Tomcat initialized with port 8090 (http)
2026-09-17 12:18:53 INFO  [coyote.http11.Http11NioProtocol] - Initializing ProtocolHandler ["http-nio-8090"]
2026-09-17 12:18:53 INFO  [catalina.core.StandardService] - Starting service [Tomcat]
2026-09-17 12:18:53 INFO  [catalina.core.StandardEngine] - Starting Servlet engine: [Apache Tomcat/11.0.24]
2026-09-17 12:18:53 INFO  [context.servlet.WebApplicationContextInitializer] - Root WebApplicationContext: initialization completed in 358 ms
2026-09-17 12:18:53 INFO  [hibernate.orm.jpa] - HHH008540: Processing PersistenceUnitInfo [name: default]
2026-09-17 12:18:53 INFO  [jpa.persistenceunit.SpringPersistenceUnitInfo] - No LoadTimeWeaver setup: ignoring JPA class transformer
2026-09-17 12:18:53 INFO  [zaxxer.hikari.HikariDataSource] - HikariPool-10 - Starting...
2026-09-17 12:18:53 INFO  [hikari.pool.HikariPool] - HikariPool-10 - Added connection com.mysql.cj.jdbc.ConnectionImpl@5f3020bc
2026-09-17 12:18:53 INFO  [zaxxer.hikari.HikariDataSource] - HikariPool-10 - Start completed.
2026-09-17 12:18:53 WARN  [hibernate.orm.deprecation] - HHH90000025: MySQLDialect does not need to be specified explicitly using 'hibernate.dialect' (remove the property setting and it will be selected by default)
2026-09-17 12:18:53 INFO  [orm.connections.pooling] - HHH10001005: Database info:
	Database JDBC URL [jdbc:mysql://localhost:3306/DB_CALENDAR]
	Database driver: MySQL Connector/J
	Database dialect: MySQLDialect
	Database version: 8.0.46
	Default catalog/schema: DB_CALENDAR/undefined
	Autocommit mode: undefined/unknown
	Isolation level: REPEATABLE_READ [default REPEATABLE_READ]
	JDBC fetch size: none
	Pool: DataSourceConnectionProvider
	Minimum pool size: undefined/unknown
	Maximum pool size: undefined/unknown
2026-09-17 12:18:54 INFO  [hibernate.orm.core] - HHH000489: No JTA platform available (set 'hibernate.transaction.jta.platform' to enable JTA platform integration)
2026-09-17 12:18:54 INFO  [orm.jpa.LocalContainerEntityManagerFactoryBean] - Initialized JPA EntityManagerFactory for persistence unit 'default'
2026-09-17 12:18:54 WARN  [jpa.autoconfigure.JpaBaseConfiguration$JpaWebConfiguration] - spring.jpa.open-in-view is enabled by default. Therefore, database queries may be performed during view rendering. Explicitly configure spring.jpa.open-in-view to disable this warning
2026-09-17 12:18:54 INFO  [authentication.configuration.InitializeUserDetailsBeanManagerConfigurer$InitializeUserDetailsManagerConfigurer] - Global AuthenticationManager configured with UserDetailsService bean with name memberDetailsService
2026-09-17 12:18:54 INFO  [coyote.http11.Http11NioProtocol] - Starting ProtocolHandler ["http-nio-8090"]
2026-09-17 12:18:54 INFO  [boot.tomcat.TomcatWebServer] - Tomcat started on port 8090 (http) with context path '/'
2026-09-17 12:18:54 INFO  [devtools.autoconfigure.ConditionEvaluationDeltaLoggingListener] - Condition evaluation unchanged
2026-09-17 12:18:55 INFO  [devtools.autoconfigure.LocalDevToolsAutoConfiguration$RestartingClassPathChangeChangedEventListener] - Restarting due to 16 class path changes (16 additions, 0 deletions, 0 modifications)
2026-09-17 12:18:55 INFO  [boot.tomcat.GracefulShutdown] - Commencing graceful shutdown. Waiting for active requests to complete
2026-09-17 12:18:55 INFO  [coyote.http11.Http11NioProtocol] - Pausing ProtocolHandler ["http-nio-8090"]
2026-09-17 12:18:55 INFO  [boot.tomcat.GracefulShutdown] - Graceful shutdown complete
2026-09-17 12:18:55 INFO  [coyote.http11.Http11NioProtocol] - Stopping ProtocolHandler ["http-nio-8090"]
2026-09-17 12:18:55 INFO  [orm.jpa.LocalContainerEntityManagerFactoryBean] - Closing JPA EntityManagerFactory for persistence unit 'default'
2026-09-17 12:18:55 INFO  [zaxxer.hikari.HikariDataSource] - HikariPool-10 - Shutdown initiated...
2026-09-17 12:18:55 INFO  [zaxxer.hikari.HikariDataSource] - HikariPool-10 - Shutdown completed.
2026-09-17 12:18:56 INFO  [repository.config.RepositoryConfigurationDelegate] - Bootstrapping Spring Data JPA repositories in DEFAULT mode.
2026-09-17 12:18:56 INFO  [repository.config.RepositoryConfigurationDelegate] - Finished Spring Data repository scanning in 7 ms. Found 2 JPA repository interfaces.
2026-09-17 12:18:56 INFO  [boot.tomcat.TomcatWebServer] - Tomcat initialized with port 8090 (http)
2026-09-17 12:18:56 INFO  [coyote.http11.Http11NioProtocol] - Initializing ProtocolHandler ["http-nio-8090"]
2026-09-17 12:18:56 INFO  [catalina.core.StandardService] - Starting service [Tomcat]
2026-09-17 12:18:56 INFO  [catalina.core.StandardEngine] - Starting Servlet engine: [Apache Tomcat/11.0.24]
2026-09-17 12:18:56 INFO  [context.servlet.WebApplicationContextInitializer] - Root WebApplicationContext: initialization completed in 266 ms
2026-09-17 12:18:56 INFO  [hibernate.orm.jpa] - HHH008540: Processing PersistenceUnitInfo [name: default]
2026-09-17 12:18:56 INFO  [jpa.persistenceunit.SpringPersistenceUnitInfo] - No LoadTimeWeaver setup: ignoring JPA class transformer
2026-09-17 12:18:56 INFO  [zaxxer.hikari.HikariDataSource] - HikariPool-11 - Starting...
2026-09-17 12:18:56 INFO  [hikari.pool.HikariPool] - HikariPool-11 - Added connection com.mysql.cj.jdbc.ConnectionImpl@2bd840b5
2026-09-17 12:18:56 INFO  [zaxxer.hikari.HikariDataSource] - HikariPool-11 - Start completed.
2026-09-17 12:18:56 WARN  [hibernate.orm.deprecation] - HHH90000025: MySQLDialect does not need to be specified explicitly using 'hibernate.dialect' (remove the property setting and it will be selected by default)
2026-09-17 12:18:56 INFO  [orm.connections.pooling] - HHH10001005: Database info:
	Database JDBC URL [jdbc:mysql://localhost:3306/DB_CALENDAR]
	Database driver: MySQL Connector/J
	Database dialect: MySQLDialect
	Database version: 8.0.46
	Default catalog/schema: DB_CALENDAR/undefined
	Autocommit mode: undefined/unknown
	Isolation level: REPEATABLE_READ [default REPEATABLE_READ]
	JDBC fetch size: none
	Pool: DataSourceConnectionProvider
	Minimum pool size: undefined/unknown
	Maximum pool size: undefined/unknown
2026-09-17 12:18:56 INFO  [hibernate.orm.core] - HHH000489: No JTA platform available (set 'hibernate.transaction.jta.platform' to enable JTA platform integration)
2026-09-17 12:18:56 INFO  [orm.jpa.LocalContainerEntityManagerFactoryBean] - Initialized JPA EntityManagerFactory for persistence unit 'default'
2026-09-17 12:18:56 WARN  [jpa.autoconfigure.JpaBaseConfiguration$JpaWebConfiguration] - spring.jpa.open-in-view is enabled by default. Therefore, database queries may be performed during view rendering. Explicitly configure spring.jpa.open-in-view to disable this warning
2026-09-17 12:18:56 INFO  [authentication.configuration.InitializeUserDetailsBeanManagerConfigurer$InitializeUserDetailsManagerConfigurer] - Global AuthenticationManager configured with UserDetailsService bean with name memberDetailsService
2026-09-17 12:18:56 INFO  [coyote.http11.Http11NioProtocol] - Starting ProtocolHandler ["http-nio-8090"]
2026-09-17 12:18:56 INFO  [boot.tomcat.TomcatWebServer] - Tomcat started on port 8090 (http) with context path '/'
2026-09-17 12:18:56 INFO  [devtools.autoconfigure.ConditionEvaluationDeltaLoggingListener] - Condition evaluation unchanged
2026-09-17 12:19:36 INFO  [devtools.autoconfigure.LocalDevToolsAutoConfiguration$RestartingClassPathChangeChangedEventListener] - Restarting due to 16 class path changes (0 additions, 16 deletions, 0 modifications)
2026-09-17 12:19:36 INFO  [boot.tomcat.GracefulShutdown] - Commencing graceful shutdown. Waiting for active requests to complete
2026-09-17 12:19:36 INFO  [coyote.http11.Http11NioProtocol] - Pausing ProtocolHandler ["http-nio-8090"]
2026-09-17 12:19:36 INFO  [boot.tomcat.GracefulShutdown] - Graceful shutdown complete
2026-09-17 12:19:36 INFO  [coyote.http11.Http11NioProtocol] - Stopping ProtocolHandler ["http-nio-8090"]
2026-09-17 12:19:36 INFO  [orm.jpa.LocalContainerEntityManagerFactoryBean] - Closing JPA EntityManagerFactory for persistence unit 'default'
2026-09-17 12:19:36 INFO  [zaxxer.hikari.HikariDataSource] - HikariPool-11 - Shutdown initiated...
2026-09-17 12:19:36 INFO  [zaxxer.hikari.HikariDataSource] - HikariPool-11 - Shutdown completed.
2026-09-17 12:19:36 INFO  [repository.config.RepositoryConfigurationDelegate] - Bootstrapping Spring Data JPA repositories in DEFAULT mode.
2026-09-17 12:19:36 INFO  [repository.config.RepositoryConfigurationDelegate] - Finished Spring Data repository scanning in 8 ms. Found 2 JPA repository interfaces.
2026-09-17 12:19:36 INFO  [boot.tomcat.TomcatWebServer] - Tomcat initialized with port 8090 (http)
2026-09-17 12:19:36 INFO  [coyote.http11.Http11NioProtocol] - Initializing ProtocolHandler ["http-nio-8090"]
2026-09-17 12:19:36 INFO  [catalina.core.StandardService] - Starting service [Tomcat]
2026-09-17 12:19:36 INFO  [catalina.core.StandardEngine] - Starting Servlet engine: [Apache Tomcat/11.0.24]
2026-09-17 12:19:36 INFO  [context.servlet.WebApplicationContextInitializer] - Root WebApplicationContext: initialization completed in 290 ms
2026-09-17 12:19:36 INFO  [hibernate.orm.jpa] - HHH008540: Processing PersistenceUnitInfo [name: default]
2026-09-17 12:19:37 INFO  [jpa.persistenceunit.SpringPersistenceUnitInfo] - No LoadTimeWeaver setup: ignoring JPA class transformer
2026-09-17 12:19:37 INFO  [zaxxer.hikari.HikariDataSource] - HikariPool-12 - Starting...
2026-09-17 12:19:37 INFO  [hikari.pool.HikariPool] - HikariPool-12 - Added connection com.mysql.cj.jdbc.ConnectionImpl@5e828bdd
2026-09-17 12:19:37 INFO  [zaxxer.hikari.HikariDataSource] - HikariPool-12 - Start completed.
2026-09-17 12:19:37 WARN  [hibernate.orm.deprecation] - HHH90000025: MySQLDialect does not need to be specified explicitly using 'hibernate.dialect' (remove the property setting and it will be selected by default)
2026-09-17 12:19:37 INFO  [orm.connections.pooling] - HHH10001005: Database info:
	Database JDBC URL [jdbc:mysql://localhost:3306/DB_CALENDAR]
	Database driver: MySQL Connector/J
	Database dialect: MySQLDialect
	Database version: 8.0.46
	Default catalog/schema: DB_CALENDAR/undefined
	Autocommit mode: undefined/unknown
	Isolation level: REPEATABLE_READ [default REPEATABLE_READ]
	JDBC fetch size: none
	Pool: DataSourceConnectionProvider
	Minimum pool size: undefined/unknown
	Maximum pool size: undefined/unknown
2026-09-17 12:19:37 INFO  [hibernate.orm.core] - HHH000489: No JTA platform available (set 'hibernate.transaction.jta.platform' to enable JTA platform integration)
2026-09-17 12:19:37 INFO  [orm.jpa.LocalContainerEntityManagerFactoryBean] - Initialized JPA EntityManagerFactory for persistence unit 'default'
2026-09-17 12:19:37 WARN  [jpa.autoconfigure.JpaBaseConfiguration$JpaWebConfiguration] - spring.jpa.open-in-view is enabled by default. Therefore, database queries may be performed during view rendering. Explicitly configure spring.jpa.open-in-view to disable this warning
2026-09-17 12:19:37 INFO  [authentication.configuration.InitializeUserDetailsBeanManagerConfigurer$InitializeUserDetailsManagerConfigurer] - Global AuthenticationManager configured with UserDetailsService bean with name memberDetailsService
2026-09-17 12:19:37 INFO  [coyote.http11.Http11NioProtocol] - Starting ProtocolHandler ["http-nio-8090"]
2026-09-17 12:19:37 INFO  [boot.tomcat.TomcatWebServer] - Tomcat started on port 8090 (http) with context path '/'
2026-09-17 12:19:37 INFO  [devtools.autoconfigure.ConditionEvaluationDeltaLoggingListener] - Condition evaluation unchanged
2026-09-17 12:19:38 INFO  [devtools.autoconfigure.LocalDevToolsAutoConfiguration$RestartingClassPathChangeChangedEventListener] - Restarting due to 16 class path changes (16 additions, 0 deletions, 0 modifications)
2026-09-17 12:19:38 INFO  [boot.tomcat.GracefulShutdown] - Commencing graceful shutdown. Waiting for active requests to complete
2026-09-17 12:19:38 INFO  [coyote.http11.Http11NioProtocol] - Pausing ProtocolHandler ["http-nio-8090"]
2026-09-17 12:19:39 INFO  [boot.tomcat.GracefulShutdown] - Graceful shutdown complete
2026-09-17 12:19:39 INFO  [coyote.http11.Http11NioProtocol] - Stopping ProtocolHandler ["http-nio-8090"]
2026-09-17 12:19:39 INFO  [orm.jpa.LocalContainerEntityManagerFactoryBean] - Closing JPA EntityManagerFactory for persistence unit 'default'
2026-09-17 12:19:39 INFO  [zaxxer.hikari.HikariDataSource] - HikariPool-12 - Shutdown initiated...
2026-09-17 12:19:39 INFO  [zaxxer.hikari.HikariDataSource] - HikariPool-12 - Shutdown completed.
2026-09-17 12:19:39 INFO  [repository.config.RepositoryConfigurationDelegate] - Bootstrapping Spring Data JPA repositories in DEFAULT mode.
2026-09-17 12:19:39 INFO  [repository.config.RepositoryConfigurationDelegate] - Finished Spring Data repository scanning in 7 ms. Found 2 JPA repository interfaces.
2026-09-17 12:19:39 INFO  [boot.tomcat.TomcatWebServer] - Tomcat initialized with port 8090 (http)
2026-09-17 12:19:39 INFO  [coyote.http11.Http11NioProtocol] - Initializing ProtocolHandler ["http-nio-8090"]
2026-09-17 12:19:39 INFO  [catalina.core.StandardService] - Starting service [Tomcat]
2026-09-17 12:19:39 INFO  [catalina.core.StandardEngine] - Starting Servlet engine: [Apache Tomcat/11.0.24]
2026-09-17 12:19:39 INFO  [context.servlet.WebApplicationContextInitializer] - Root WebApplicationContext: initialization completed in 286 ms
2026-09-17 12:19:39 INFO  [hibernate.orm.jpa] - HHH008540: Processing PersistenceUnitInfo [name: default]
2026-09-17 12:19:39 INFO  [jpa.persistenceunit.SpringPersistenceUnitInfo] - No LoadTimeWeaver setup: ignoring JPA class transformer
2026-09-17 12:19:39 INFO  [zaxxer.hikari.HikariDataSource] - HikariPool-13 - Starting...
2026-09-17 12:19:39 INFO  [hikari.pool.HikariPool] - HikariPool-13 - Added connection com.mysql.cj.jdbc.ConnectionImpl@64d601bf
2026-09-17 12:19:39 INFO  [zaxxer.hikari.HikariDataSource] - HikariPool-13 - Start completed.
2026-09-17 12:19:39 WARN  [hibernate.orm.deprecation] - HHH90000025: MySQLDialect does not need to be specified explicitly using 'hibernate.dialect' (remove the property setting and it will be selected by default)
2026-09-17 12:19:39 INFO  [orm.connections.pooling] - HHH10001005: Database info:
	Database JDBC URL [jdbc:mysql://localhost:3306/DB_CALENDAR]
	Database driver: MySQL Connector/J
	Database dialect: MySQLDialect
	Database version: 8.0.46
	Default catalog/schema: DB_CALENDAR/undefined
	Autocommit mode: undefined/unknown
	Isolation level: REPEATABLE_READ [default REPEATABLE_READ]
	JDBC fetch size: none
	Pool: DataSourceConnectionProvider
	Minimum pool size: undefined/unknown
	Maximum pool size: undefined/unknown
2026-09-17 12:19:39 INFO  [hibernate.orm.core] - HHH000489: No JTA platform available (set 'hibernate.transaction.jta.platform' to enable JTA platform integration)
2026-09-17 12:19:39 INFO  [orm.jpa.LocalContainerEntityManagerFactoryBean] - Initialized JPA EntityManagerFactory for persistence unit 'default'
2026-09-17 12:19:39 WARN  [jpa.autoconfigure.JpaBaseConfiguration$JpaWebConfiguration] - spring.jpa.open-in-view is enabled by default. Therefore, database queries may be performed during view rendering. Explicitly configure spring.jpa.open-in-view to disable this warning
2026-09-17 12:19:39 INFO  [authentication.configuration.InitializeUserDetailsBeanManagerConfigurer$InitializeUserDetailsManagerConfigurer] - Global AuthenticationManager configured with UserDetailsService bean with name memberDetailsService
2026-09-17 12:19:39 INFO  [coyote.http11.Http11NioProtocol] - Starting ProtocolHandler ["http-nio-8090"]
2026-09-17 12:19:39 INFO  [boot.tomcat.TomcatWebServer] - Tomcat started on port 8090 (http) with context path '/'
2026-09-17 12:19:39 INFO  [devtools.autoconfigure.ConditionEvaluationDeltaLoggingListener] - Condition evaluation unchanged
2026-09-17 12:20:45 INFO  [devtools.autoconfigure.LocalDevToolsAutoConfiguration$RestartingClassPathChangeChangedEventListener] - Restarting due to 16 class path changes (0 additions, 16 deletions, 0 modifications)
2026-09-17 12:20:45 INFO  [boot.tomcat.GracefulShutdown] - Commencing graceful shutdown. Waiting for active requests to complete
2026-09-17 12:20:45 INFO  [coyote.http11.Http11NioProtocol] - Pausing ProtocolHandler ["http-nio-8090"]
2026-09-17 12:20:46 INFO  [boot.tomcat.GracefulShutdown] - Graceful shutdown complete
2026-09-17 12:20:46 INFO  [coyote.http11.Http11NioProtocol] - Stopping ProtocolHandler ["http-nio-8090"]
2026-09-17 12:20:46 INFO  [orm.jpa.LocalContainerEntityManagerFactoryBean] - Closing JPA EntityManagerFactory for persistence unit 'default'
2026-09-17 12:20:46 INFO  [zaxxer.hikari.HikariDataSource] - HikariPool-13 - Shutdown initiated...
2026-09-17 12:20:46 INFO  [zaxxer.hikari.HikariDataSource] - HikariPool-13 - Shutdown completed.
2026-09-17 12:20:46 INFO  [repository.config.RepositoryConfigurationDelegate] - Bootstrapping Spring Data JPA repositories in DEFAULT mode.
2026-09-17 12:20:46 INFO  [repository.config.RepositoryConfigurationDelegate] - Finished Spring Data repository scanning in 7 ms. Found 2 JPA repository interfaces.
2026-09-17 12:20:46 INFO  [boot.tomcat.TomcatWebServer] - Tomcat initialized with port 8090 (http)
2026-09-17 12:20:46 INFO  [coyote.http11.Http11NioProtocol] - Initializing ProtocolHandler ["http-nio-8090"]
2026-09-17 12:20:46 INFO  [catalina.core.StandardService] - Starting service [Tomcat]
2026-09-17 12:20:46 INFO  [catalina.core.StandardEngine] - Starting Servlet engine: [Apache Tomcat/11.0.24]
2026-09-17 12:20:46 INFO  [context.servlet.WebApplicationContextInitializer] - Root WebApplicationContext: initialization completed in 269 ms
2026-09-17 12:20:46 INFO  [hibernate.orm.jpa] - HHH008540: Processing PersistenceUnitInfo [name: default]
2026-09-17 12:20:46 INFO  [jpa.persistenceunit.SpringPersistenceUnitInfo] - No LoadTimeWeaver setup: ignoring JPA class transformer
2026-09-17 12:20:46 INFO  [zaxxer.hikari.HikariDataSource] - HikariPool-14 - Starting...
2026-09-17 12:20:46 INFO  [hikari.pool.HikariPool] - HikariPool-14 - Added connection com.mysql.cj.jdbc.ConnectionImpl@6cf948a9
2026-09-17 12:20:46 INFO  [zaxxer.hikari.HikariDataSource] - HikariPool-14 - Start completed.
2026-09-17 12:20:46 WARN  [hibernate.orm.deprecation] - HHH90000025: MySQLDialect does not need to be specified explicitly using 'hibernate.dialect' (remove the property setting and it will be selected by default)
2026-09-17 12:20:46 INFO  [orm.connections.pooling] - HHH10001005: Database info:
	Database JDBC URL [jdbc:mysql://localhost:3306/DB_CALENDAR]
	Database driver: MySQL Connector/J
	Database dialect: MySQLDialect
	Database version: 8.0.46
	Default catalog/schema: DB_CALENDAR/undefined
	Autocommit mode: undefined/unknown
	Isolation level: REPEATABLE_READ [default REPEATABLE_READ]
	JDBC fetch size: none
	Pool: DataSourceConnectionProvider
	Minimum pool size: undefined/unknown
	Maximum pool size: undefined/unknown
2026-09-17 12:20:46 INFO  [hibernate.orm.core] - HHH000489: No JTA platform available (set 'hibernate.transaction.jta.platform' to enable JTA platform integration)
2026-09-17 12:20:46 INFO  [orm.jpa.LocalContainerEntityManagerFactoryBean] - Initialized JPA EntityManagerFactory for persistence unit 'default'
2026-09-17 12:20:46 WARN  [jpa.autoconfigure.JpaBaseConfiguration$JpaWebConfiguration] - spring.jpa.open-in-view is enabled by default. Therefore, database queries may be performed during view rendering. Explicitly configure spring.jpa.open-in-view to disable this warning
2026-09-17 12:20:46 INFO  [authentication.configuration.InitializeUserDetailsBeanManagerConfigurer$InitializeUserDetailsManagerConfigurer] - Global AuthenticationManager configured with UserDetailsService bean with name memberDetailsService
2026-09-17 12:20:46 INFO  [coyote.http11.Http11NioProtocol] - Starting ProtocolHandler ["http-nio-8090"]
2026-09-17 12:20:46 INFO  [boot.tomcat.TomcatWebServer] - Tomcat started on port 8090 (http) with context path '/'
2026-09-17 12:20:46 INFO  [devtools.autoconfigure.ConditionEvaluationDeltaLoggingListener] - Condition evaluation unchanged
2026-09-17 12:20:48 INFO  [devtools.autoconfigure.LocalDevToolsAutoConfiguration$RestartingClassPathChangeChangedEventListener] - Restarting due to 16 class path changes (16 additions, 0 deletions, 0 modifications)
2026-09-17 12:20:48 INFO  [boot.tomcat.GracefulShutdown] - Commencing graceful shutdown. Waiting for active requests to complete
2026-09-17 12:20:48 INFO  [coyote.http11.Http11NioProtocol] - Pausing ProtocolHandler ["http-nio-8090"]
2026-09-17 12:20:48 INFO  [boot.tomcat.GracefulShutdown] - Graceful shutdown complete
2026-09-17 12:20:48 INFO  [coyote.http11.Http11NioProtocol] - Stopping ProtocolHandler ["http-nio-8090"]
2026-09-17 12:20:48 INFO  [orm.jpa.LocalContainerEntityManagerFactoryBean] - Closing JPA EntityManagerFactory for persistence unit 'default'
2026-09-17 12:20:48 INFO  [zaxxer.hikari.HikariDataSource] - HikariPool-14 - Shutdown initiated...
2026-09-17 12:20:48 INFO  [zaxxer.hikari.HikariDataSource] - HikariPool-14 - Shutdown completed.
2026-09-17 12:20:48 INFO  [repository.config.RepositoryConfigurationDelegate] - Bootstrapping Spring Data JPA repositories in DEFAULT mode.
2026-09-17 12:20:48 INFO  [repository.config.RepositoryConfigurationDelegate] - Finished Spring Data repository scanning in 7 ms. Found 2 JPA repository interfaces.
2026-09-17 12:20:49 INFO  [boot.tomcat.TomcatWebServer] - Tomcat initialized with port 8090 (http)
2026-09-17 12:20:49 INFO  [coyote.http11.Http11NioProtocol] - Initializing ProtocolHandler ["http-nio-8090"]
2026-09-17 12:20:49 INFO  [catalina.core.StandardService] - Starting service [Tomcat]
2026-09-17 12:20:49 INFO  [catalina.core.StandardEngine] - Starting Servlet engine: [Apache Tomcat/11.0.24]
2026-09-17 12:20:49 INFO  [context.servlet.WebApplicationContextInitializer] - Root WebApplicationContext: initialization completed in 271 ms
2026-09-17 12:20:49 INFO  [hibernate.orm.jpa] - HHH008540: Processing PersistenceUnitInfo [name: default]
2026-09-17 12:20:49 INFO  [jpa.persistenceunit.SpringPersistenceUnitInfo] - No LoadTimeWeaver setup: ignoring JPA class transformer
2026-09-17 12:20:49 INFO  [zaxxer.hikari.HikariDataSource] - HikariPool-15 - Starting...
2026-09-17 12:20:49 INFO  [hikari.pool.HikariPool] - HikariPool-15 - Added connection com.mysql.cj.jdbc.ConnectionImpl@3eaacaf6
2026-09-17 12:20:49 INFO  [zaxxer.hikari.HikariDataSource] - HikariPool-15 - Start completed.
2026-09-17 12:20:49 WARN  [hibernate.orm.deprecation] - HHH90000025: MySQLDialect does not need to be specified explicitly using 'hibernate.dialect' (remove the property setting and it will be selected by default)
2026-09-17 12:20:49 INFO  [orm.connections.pooling] - HHH10001005: Database info:
	Database JDBC URL [jdbc:mysql://localhost:3306/DB_CALENDAR]
	Database driver: MySQL Connector/J
	Database dialect: MySQLDialect
	Database version: 8.0.46
	Default catalog/schema: DB_CALENDAR/undefined
	Autocommit mode: undefined/unknown
	Isolation level: REPEATABLE_READ [default REPEATABLE_READ]
	JDBC fetch size: none
	Pool: DataSourceConnectionProvider
	Minimum pool size: undefined/unknown
	Maximum pool size: undefined/unknown
2026-09-17 12:20:49 INFO  [hibernate.orm.core] - HHH000489: No JTA platform available (set 'hibernate.transaction.jta.platform' to enable JTA platform integration)
2026-09-17 12:20:49 INFO  [orm.jpa.LocalContainerEntityManagerFactoryBean] - Initialized JPA EntityManagerFactory for persistence unit 'default'
2026-09-17 12:20:49 WARN  [jpa.autoconfigure.JpaBaseConfiguration$JpaWebConfiguration] - spring.jpa.open-in-view is enabled by default. Therefore, database queries may be performed during view rendering. Explicitly configure spring.jpa.open-in-view to disable this warning
2026-09-17 12:20:49 INFO  [authentication.configuration.InitializeUserDetailsBeanManagerConfigurer$InitializeUserDetailsManagerConfigurer] - Global AuthenticationManager configured with UserDetailsService bean with name memberDetailsService
2026-09-17 12:20:49 INFO  [coyote.http11.Http11NioProtocol] - Starting ProtocolHandler ["http-nio-8090"]
2026-09-17 12:20:49 INFO  [boot.tomcat.TomcatWebServer] - Tomcat started on port 8090 (http) with context path '/'
2026-09-17 12:20:49 INFO  [devtools.autoconfigure.ConditionEvaluationDeltaLoggingListener] - Condition evaluation unchanged
2026-09-17 12:23:08 INFO  [boot.tomcat.GracefulShutdown] - Commencing graceful shutdown. Waiting for active requests to complete
2026-09-17 12:23:08 INFO  [boot.tomcat.GracefulShutdown] - Graceful shutdown complete
2026-09-17 12:23:08 INFO  [orm.jpa.LocalContainerEntityManagerFactoryBean] - Closing JPA EntityManagerFactory for persistence unit 'default'
2026-09-17 12:23:08 INFO  [zaxxer.hikari.HikariDataSource] - HikariPool-15 - Shutdown initiated...
2026-09-17 12:23:08 INFO  [zaxxer.hikari.HikariDataSource] - HikariPool-15 - Shutdown completed.
2026-09-17 12:26:12 INFO  [devtools.env.DevToolsPropertyDefaultsPostProcessor] - Devtools property defaults active! Set 'spring.devtools.add-properties' to 'false' to disable
2026-09-17 12:26:12 INFO  [devtools.env.DevToolsPropertyDefaultsPostProcessor] - For additional web related logging consider setting the 'logging.level.web' property to 'DEBUG'
2026-09-17 12:26:13 INFO  [repository.config.RepositoryConfigurationDelegate] - Bootstrapping Spring Data JPA repositories in DEFAULT mode.
2026-09-17 12:26:13 INFO  [repository.config.RepositoryConfigurationDelegate] - Finished Spring Data repository scanning in 36 ms. Found 2 JPA repository interfaces.
2026-09-17 12:26:13 INFO  [boot.tomcat.TomcatWebServer] - Tomcat initialized with port 8090 (http)
2026-09-17 12:26:13 INFO  [coyote.http11.Http11NioProtocol] - Initializing ProtocolHandler ["http-nio-8090"]
2026-09-17 12:26:13 INFO  [catalina.core.StandardService] - Starting service [Tomcat]
2026-09-17 12:26:13 INFO  [catalina.core.StandardEngine] - Starting Servlet engine: [Apache Tomcat/11.0.24]
2026-09-17 12:26:13 INFO  [context.servlet.WebApplicationContextInitializer] - Root WebApplicationContext: initialization completed in 1304 ms
2026-09-17 12:26:14 INFO  [hibernate.orm.jpa] - HHH008540: Processing PersistenceUnitInfo [name: default]
2026-09-17 12:26:14 INFO  [hibernate.orm.core] - HHH000001: Hibernate ORM core version 7.4.5.Final
2026-09-17 12:26:14 INFO  [jpa.persistenceunit.SpringPersistenceUnitInfo] - No LoadTimeWeaver setup: ignoring JPA class transformer
2026-09-17 12:26:14 INFO  [zaxxer.hikari.HikariDataSource] - HikariPool-1 - Starting...
2026-09-17 12:26:15 INFO  [hikari.pool.HikariPool] - HikariPool-1 - Added connection com.mysql.cj.jdbc.ConnectionImpl@687b4a51
2026-09-17 12:26:15 INFO  [zaxxer.hikari.HikariDataSource] - HikariPool-1 - Start completed.
2026-09-17 12:26:15 WARN  [hibernate.orm.deprecation] - HHH90000025: MySQLDialect does not need to be specified explicitly using 'hibernate.dialect' (remove the property setting and it will be selected by default)
2026-09-17 12:26:15 INFO  [orm.connections.pooling] - HHH10001005: Database info:
	Database JDBC URL [jdbc:mysql://localhost:3306/DB_CALENDAR]
	Database driver: MySQL Connector/J
	Database dialect: MySQLDialect
	Database version: 8.0.46
	Default catalog/schema: DB_CALENDAR/undefined
	Autocommit mode: undefined/unknown
	Isolation level: REPEATABLE_READ [default REPEATABLE_READ]
	JDBC fetch size: none
	Pool: DataSourceConnectionProvider
	Minimum pool size: undefined/unknown
	Maximum pool size: undefined/unknown
2026-09-17 12:26:16 INFO  [hibernate.orm.core] - HHH000489: No JTA platform available (set 'hibernate.transaction.jta.platform' to enable JTA platform integration)
2026-09-17 12:26:16 WARN  [schema.internal.ExceptionHandlerLoggedImpl] - GenerationTarget encountered exception accepting command : Error executing DDL "
    alter table user_member 
       add constraint FK5yi94mub7yelh1efo6dm5k9f1 
       foreign key (authority_no) 
       references user_authority (no)" via JDBC [Referencing column 'authority_no' and referenced column 'no' in foreign key constraint 'FK5yi94mub7yelh1efo6dm5k9f1' are incompatible.]
org.hibernate.tool.schema.spi.CommandAcceptanceException: Error executing DDL "
    alter table user_member 
       add constraint FK5yi94mub7yelh1efo6dm5k9f1 
       foreign key (authority_no) 
       references user_authority (no)" via JDBC [Referencing column 'authority_no' and referenced column 'no' in foreign key constraint 'FK5yi94mub7yelh1efo6dm5k9f1' are incompatible.]
	at org.hibernate.tool.schema.internal.exec.GenerationTargetToDatabase.accept(GenerationTargetToDatabase.java:91)
	at org.hibernate.tool.schema.internal.AbstractSchemaMigrator.applySqlString(AbstractSchemaMigrator.java:566)
	at org.hibernate.tool.schema.internal.AbstractSchemaMigrator.applySqlStrings(AbstractSchemaMigrator.java:506)
	at org.hibernate.tool.schema.internal.AbstractSchemaMigrator.applyForeignKeys(AbstractSchemaMigrator.java:438)
	at org.hibernate.tool.schema.internal.AbstractSchemaMigrator.performMigration(AbstractSchemaMigrator.java:256)
	at org.hibernate.tool.schema.internal.AbstractSchemaMigrator.doMigration(AbstractSchemaMigrator.java:96)
	at org.hibernate.tool.schema.spi.SchemaManagementToolCoordinator.performDatabaseAction(SchemaManagementToolCoordinator.java:269)
	at org.hibernate.tool.schema.spi.SchemaManagementToolCoordinator.lambda$process$1(SchemaManagementToolCoordinator.java:101)
	at java.base/java.util.HashMap.forEach(HashMap.java:1421)
	at org.hibernate.tool.schema.spi.SchemaManagementToolCoordinator.process(SchemaManagementToolCoordinator.java:100)
	at org.hibernate.boot.internal.SessionFactoryObserverForSchemaExport.sessionFactoryCreated(SessionFactoryObserverForSchemaExport.java:35)
	at org.hibernate.internal.SessionFactoryObserverChain.sessionFactoryCreated(SessionFactoryObserverChain.java:33)
	at org.hibernate.internal.SessionFactoryImpl.<init>(SessionFactoryImpl.java:327)
	at org.hibernate.internal.SessionFactoryRegistry.instantiateSessionFactory(SessionFactoryRegistry.java:64)
	at org.hibernate.boot.internal.SessionFactoryBuilderImpl.build(SessionFactoryBuilderImpl.java:458)
	at org.hibernate.jpa.boot.internal.EntityManagerFactoryBuilderImpl.build(EntityManagerFactoryBuilderImpl.java:1452)
	at org.springframework.orm.jpa.vendor.SpringHibernateJpaPersistenceProvider.createContainerEntityManagerFactory(SpringHibernateJpaPersistenceProvider.java:93)
	at org.springframework.orm.jpa.LocalContainerEntityManagerFactoryBean.createNativeEntityManagerFactory(LocalContainerEntityManagerFactoryBean.java:443)
	at org.springframework.orm.jpa.AbstractEntityManagerFactoryBean.buildNativeEntityManagerFactory(AbstractEntityManagerFactoryBean.java:436)
	at org.springframework.orm.jpa.AbstractEntityManagerFactoryBean.afterPropertiesSet(AbstractEntityManagerFactoryBean.java:411)
	at org.springframework.orm.jpa.LocalContainerEntityManagerFactoryBean.afterPropertiesSet(LocalContainerEntityManagerFactoryBean.java:419)
	at org.springframework.beans.factory.support.AbstractAutowireCapableBeanFactory.invokeInitMethods(AbstractAutowireCapableBeanFactory.java:1862)
	at org.springframework.beans.factory.support.AbstractAutowireCapableBeanFactory.initializeBean(AbstractAutowireCapableBeanFactory.java:1811)
	at org.springframework.beans.factory.support.AbstractAutowireCapableBeanFactory.doCreateBean(AbstractAutowireCapableBeanFactory.java:603)
	at org.springframework.beans.factory.support.AbstractAutowireCapableBeanFactory.createBean(AbstractAutowireCapableBeanFactory.java:525)
	at org.springframework.beans.factory.support.AbstractBeanFactory.lambda$doGetBean$0(AbstractBeanFactory.java:333)
	at org.springframework.beans.factory.support.DefaultSingletonBeanRegistry.getSingleton(DefaultSingletonBeanRegistry.java:371)
	at org.springframework.beans.factory.support.AbstractBeanFactory.doGetBean(AbstractBeanFactory.java:331)
	at org.springframework.beans.factory.support.AbstractBeanFactory.getBean(AbstractBeanFactory.java:201)
	at org.springframework.context.support.AbstractApplicationContext.finishBeanFactoryInitialization(AbstractApplicationContext.java:977)
	at org.springframework.context.support.AbstractApplicationContext.refresh(AbstractApplicationContext.java:621)
	at org.springframework.boot.web.server.servlet.context.ServletWebServerApplicationContext.refresh(ServletWebServerApplicationContext.java:143)
	at org.springframework.boot.SpringApplication.refresh(SpringApplication.java:756)
	at org.springframework.boot.SpringApplication.refreshContext(SpringApplication.java:445)
	at org.springframework.boot.SpringApplication.run(SpringApplication.java:321)
	at org.springframework.boot.SpringApplication.run(SpringApplication.java:1365)
	at org.springframework.boot.SpringApplication.run(SpringApplication.java:1354)
	at com.office.calendaradmin.CalendarApplication.main(CalendarApplication.java:12)
	at java.base/jdk.internal.reflect.NativeMethodAccessorImpl.invoke0(Native Method)
	at java.base/jdk.internal.reflect.NativeMethodAccessorImpl.invoke(NativeMethodAccessorImpl.java:77)
	at java.base/jdk.internal.reflect.DelegatingMethodAccessorImpl.invoke(DelegatingMethodAccessorImpl.java:43)
	at java.base/java.lang.reflect.Method.invoke(Method.java:568)
	at org.springframework.boot.devtools.restart.RestartLauncher.run(RestartLauncher.java:52)
Caused by: java.sql.SQLException: Referencing column 'authority_no' and referenced column 'no' in foreign key constraint 'FK5yi94mub7yelh1efo6dm5k9f1' are incompatible.
	at com.mysql.cj.jdbc.exceptions.SQLError.createSQLException(SQLError.java:121)
	at com.mysql.cj.jdbc.exceptions.SQLExceptionsMapping.translateException(SQLExceptionsMapping.java:114)
	at com.mysql.cj.jdbc.StatementImpl.executeInternal(StatementImpl.java:839)
	at com.mysql.cj.jdbc.StatementImpl.execute(StatementImpl.java:687)
	at com.zaxxer.hikari.pool.ProxyStatement.execute(ProxyStatement.java:95)
	at com.zaxxer.hikari.pool.HikariProxyStatement.execute(HikariProxyStatement.java)
	at org.hibernate.tool.schema.internal.exec.GenerationTargetToDatabase.accept(GenerationTargetToDatabase.java:86)
	... 42 more
2026-09-17 12:26:16 INFO  [orm.jpa.LocalContainerEntityManagerFactoryBean] - Initialized JPA EntityManagerFactory for persistence unit 'default'
2026-09-17 12:26:16 INFO  [repository.query.QueryEnhancerFactories] - Hibernate is in classpath; If applicable, HQL parser will be used.
2026-09-17 12:26:16 WARN  [jpa.autoconfigure.JpaBaseConfiguration$JpaWebConfiguration] - spring.jpa.open-in-view is enabled by default. Therefore, database queries may be performed during view rendering. Explicitly configure spring.jpa.open-in-view to disable this warning
2026-09-17 12:26:16 INFO  [authentication.configuration.InitializeUserDetailsBeanManagerConfigurer$InitializeUserDetailsManagerConfigurer] - Global AuthenticationManager configured with UserDetailsService bean with name memberDetailsService
2026-09-17 12:26:17 INFO  [coyote.http11.Http11NioProtocol] - Starting ProtocolHandler ["http-nio-8090"]
2026-09-17 12:26:17 INFO  [boot.tomcat.TomcatWebServer] - Tomcat started on port 8090 (http) with context path '/'
2026-09-17 12:26:48 INFO  [[Tomcat].[localhost].[/]] - Initializing Spring DispatcherServlet 'dispatcherServlet'
2026-09-17 12:26:48 INFO  [web.servlet.DispatcherServlet] - Initializing Servlet 'dispatcherServlet'
2026-09-17 12:26:48 INFO  [web.servlet.DispatcherServlet] - Completed initialization in 1 ms
2026-09-17 12:29:45 INFO  [devtools.autoconfigure.LocalDevToolsAutoConfiguration$RestartingClassPathChangeChangedEventListener] - Restarting due to 22 class path changes (0 additions, 0 deletions, 22 modifications)
2026-09-17 12:29:45 INFO  [boot.tomcat.GracefulShutdown] - Commencing graceful shutdown. Waiting for active requests to complete
2026-09-17 12:29:45 INFO  [coyote.http11.Http11NioProtocol] - Pausing ProtocolHandler ["http-nio-8090"]
2026-09-17 12:29:45 INFO  [boot.tomcat.GracefulShutdown] - Graceful shutdown complete
2026-09-17 12:29:45 INFO  [coyote.http11.Http11NioProtocol] - Stopping ProtocolHandler ["http-nio-8090"]
2026-09-17 12:29:45 INFO  [orm.jpa.LocalContainerEntityManagerFactoryBean] - Closing JPA EntityManagerFactory for persistence unit 'default'
2026-09-17 12:29:45 INFO  [zaxxer.hikari.HikariDataSource] - HikariPool-1 - Shutdown initiated...
2026-09-17 12:29:45 INFO  [zaxxer.hikari.HikariDataSource] - HikariPool-1 - Shutdown completed.
2026-09-17 12:29:45 INFO  [repository.config.RepositoryConfigurationDelegate] - Bootstrapping Spring Data JPA repositories in DEFAULT mode.
2026-09-17 12:29:45 INFO  [repository.config.RepositoryConfigurationDelegate] - Finished Spring Data repository scanning in 9 ms. Found 2 JPA repository interfaces.
2026-09-17 12:29:46 INFO  [boot.tomcat.TomcatWebServer] - Tomcat initialized with port 8090 (http)
2026-09-17 12:29:46 INFO  [coyote.http11.Http11NioProtocol] - Initializing ProtocolHandler ["http-nio-8090"]
2026-09-17 12:29:46 INFO  [catalina.core.StandardService] - Starting service [Tomcat]
2026-09-17 12:29:46 INFO  [catalina.core.StandardEngine] - Starting Servlet engine: [Apache Tomcat/11.0.24]
2026-09-17 12:29:46 INFO  [context.servlet.WebApplicationContextInitializer] - Root WebApplicationContext: initialization completed in 333 ms
2026-09-17 12:29:46 INFO  [hibernate.orm.jpa] - HHH008540: Processing PersistenceUnitInfo [name: default]
2026-09-17 12:29:46 INFO  [jpa.persistenceunit.SpringPersistenceUnitInfo] - No LoadTimeWeaver setup: ignoring JPA class transformer
2026-09-17 12:29:46 INFO  [zaxxer.hikari.HikariDataSource] - HikariPool-2 - Starting...
2026-09-17 12:29:46 INFO  [hikari.pool.HikariPool] - HikariPool-2 - Added connection com.mysql.cj.jdbc.ConnectionImpl@4c8001d3
2026-09-17 12:29:46 INFO  [zaxxer.hikari.HikariDataSource] - HikariPool-2 - Start completed.
2026-09-17 12:29:46 WARN  [hibernate.orm.deprecation] - HHH90000025: MySQLDialect does not need to be specified explicitly using 'hibernate.dialect' (remove the property setting and it will be selected by default)
2026-09-17 12:29:46 INFO  [orm.connections.pooling] - HHH10001005: Database info:
	Database JDBC URL [jdbc:mysql://localhost:3306/DB_CALENDAR]
	Database driver: MySQL Connector/J
	Database dialect: MySQLDialect
	Database version: 8.0.46
	Default catalog/schema: DB_CALENDAR/undefined
	Autocommit mode: undefined/unknown
	Isolation level: REPEATABLE_READ [default REPEATABLE_READ]
	JDBC fetch size: none
	Pool: DataSourceConnectionProvider
	Minimum pool size: undefined/unknown
	Maximum pool size: undefined/unknown
2026-09-17 12:29:46 INFO  [hibernate.orm.core] - HHH000489: No JTA platform available (set 'hibernate.transaction.jta.platform' to enable JTA platform integration)
2026-09-17 12:29:46 WARN  [schema.internal.ExceptionHandlerLoggedImpl] - GenerationTarget encountered exception accepting command : Error executing DDL "
    alter table user_member 
       add constraint FK5yi94mub7yelh1efo6dm5k9f1 
       foreign key (authority_no) 
       references user_authority (no)" via JDBC [Referencing column 'authority_no' and referenced column 'no' in foreign key constraint 'FK5yi94mub7yelh1efo6dm5k9f1' are incompatible.]
org.hibernate.tool.schema.spi.CommandAcceptanceException: Error executing DDL "
    alter table user_member 
       add constraint FK5yi94mub7yelh1efo6dm5k9f1 
       foreign key (authority_no) 
       references user_authority (no)" via JDBC [Referencing column 'authority_no' and referenced column 'no' in foreign key constraint 'FK5yi94mub7yelh1efo6dm5k9f1' are incompatible.]
	at org.hibernate.tool.schema.internal.exec.GenerationTargetToDatabase.accept(GenerationTargetToDatabase.java:91)
	at org.hibernate.tool.schema.internal.AbstractSchemaMigrator.applySqlString(AbstractSchemaMigrator.java:566)
	at org.hibernate.tool.schema.internal.AbstractSchemaMigrator.applySqlStrings(AbstractSchemaMigrator.java:506)
	at org.hibernate.tool.schema.internal.AbstractSchemaMigrator.applyForeignKeys(AbstractSchemaMigrator.java:438)
	at org.hibernate.tool.schema.internal.AbstractSchemaMigrator.performMigration(AbstractSchemaMigrator.java:256)
	at org.hibernate.tool.schema.internal.AbstractSchemaMigrator.doMigration(AbstractSchemaMigrator.java:96)
	at org.hibernate.tool.schema.spi.SchemaManagementToolCoordinator.performDatabaseAction(SchemaManagementToolCoordinator.java:269)
	at org.hibernate.tool.schema.spi.SchemaManagementToolCoordinator.lambda$process$1(SchemaManagementToolCoordinator.java:101)
	at java.base/java.util.HashMap.forEach(HashMap.java:1421)
	at org.hibernate.tool.schema.spi.SchemaManagementToolCoordinator.process(SchemaManagementToolCoordinator.java:100)
	at org.hibernate.boot.internal.SessionFactoryObserverForSchemaExport.sessionFactoryCreated(SessionFactoryObserverForSchemaExport.java:35)
	at org.hibernate.internal.SessionFactoryObserverChain.sessionFactoryCreated(SessionFactoryObserverChain.java:33)
	at org.hibernate.internal.SessionFactoryImpl.<init>(SessionFactoryImpl.java:327)
	at org.hibernate.internal.SessionFactoryRegistry.instantiateSessionFactory(SessionFactoryRegistry.java:64)
	at org.hibernate.boot.internal.SessionFactoryBuilderImpl.build(SessionFactoryBuilderImpl.java:458)
	at org.hibernate.jpa.boot.internal.EntityManagerFactoryBuilderImpl.build(EntityManagerFactoryBuilderImpl.java:1452)
	at org.springframework.orm.jpa.vendor.SpringHibernateJpaPersistenceProvider.createContainerEntityManagerFactory(SpringHibernateJpaPersistenceProvider.java:93)
	at org.springframework.orm.jpa.LocalContainerEntityManagerFactoryBean.createNativeEntityManagerFactory(LocalContainerEntityManagerFactoryBean.java:443)
	at org.springframework.orm.jpa.AbstractEntityManagerFactoryBean.buildNativeEntityManagerFactory(AbstractEntityManagerFactoryBean.java:436)
	at org.springframework.orm.jpa.AbstractEntityManagerFactoryBean.afterPropertiesSet(AbstractEntityManagerFactoryBean.java:411)
	at org.springframework.orm.jpa.LocalContainerEntityManagerFactoryBean.afterPropertiesSet(LocalContainerEntityManagerFactoryBean.java:419)
	at org.springframework.beans.factory.support.AbstractAutowireCapableBeanFactory.invokeInitMethods(AbstractAutowireCapableBeanFactory.java:1862)
	at org.springframework.beans.factory.support.AbstractAutowireCapableBeanFactory.initializeBean(AbstractAutowireCapableBeanFactory.java:1811)
	at org.springframework.beans.factory.support.AbstractAutowireCapableBeanFactory.doCreateBean(AbstractAutowireCapableBeanFactory.java:603)
	at org.springframework.beans.factory.support.AbstractAutowireCapableBeanFactory.createBean(AbstractAutowireCapableBeanFactory.java:525)
	at org.springframework.beans.factory.support.AbstractBeanFactory.lambda$doGetBean$0(AbstractBeanFactory.java:333)
	at org.springframework.beans.factory.support.DefaultSingletonBeanRegistry.getSingleton(DefaultSingletonBeanRegistry.java:371)
	at org.springframework.beans.factory.support.AbstractBeanFactory.doGetBean(AbstractBeanFactory.java:331)
	at org.springframework.beans.factory.support.AbstractBeanFactory.getBean(AbstractBeanFactory.java:201)
	at org.springframework.context.support.AbstractApplicationContext.finishBeanFactoryInitialization(AbstractApplicationContext.java:977)
	at org.springframework.context.support.AbstractApplicationContext.refresh(AbstractApplicationContext.java:621)
	at org.springframework.boot.web.server.servlet.context.ServletWebServerApplicationContext.refresh(ServletWebServerApplicationContext.java:143)
	at org.springframework.boot.SpringApplication.refresh(SpringApplication.java:756)
	at org.springframework.boot.SpringApplication.refreshContext(SpringApplication.java:445)
	at org.springframework.boot.SpringApplication.run(SpringApplication.java:321)
	at org.springframework.boot.SpringApplication.run(SpringApplication.java:1365)
	at org.springframework.boot.SpringApplication.run(SpringApplication.java:1354)
	at com.office.calendaradmin.CalendarApplication.main(CalendarApplication.java:12)
	at java.base/jdk.internal.reflect.NativeMethodAccessorImpl.invoke0(Native Method)
	at java.base/jdk.internal.reflect.NativeMethodAccessorImpl.invoke(NativeMethodAccessorImpl.java:77)
	at java.base/jdk.internal.reflect.DelegatingMethodAccessorImpl.invoke(DelegatingMethodAccessorImpl.java:43)
	at java.base/java.lang.reflect.Method.invoke(Method.java:568)
	at org.springframework.boot.devtools.restart.RestartLauncher.run(RestartLauncher.java:52)
Caused by: java.sql.SQLException: Referencing column 'authority_no' and referenced column 'no' in foreign key constraint 'FK5yi94mub7yelh1efo6dm5k9f1' are incompatible.
	at com.mysql.cj.jdbc.exceptions.SQLError.createSQLException(SQLError.java:121)
	at com.mysql.cj.jdbc.exceptions.SQLExceptionsMapping.translateException(SQLExceptionsMapping.java:114)
	at com.mysql.cj.jdbc.StatementImpl.executeInternal(StatementImpl.java:839)
	at com.mysql.cj.jdbc.StatementImpl.execute(StatementImpl.java:687)
	at com.zaxxer.hikari.pool.ProxyStatement.execute(ProxyStatement.java:95)
	at com.zaxxer.hikari.pool.HikariProxyStatement.execute(HikariProxyStatement.java)
	at org.hibernate.tool.schema.internal.exec.GenerationTargetToDatabase.accept(GenerationTargetToDatabase.java:86)
	... 42 more
2026-09-17 12:29:46 INFO  [orm.jpa.LocalContainerEntityManagerFactoryBean] - Initialized JPA EntityManagerFactory for persistence unit 'default'
2026-09-17 12:29:46 WARN  [jpa.autoconfigure.JpaBaseConfiguration$JpaWebConfiguration] - spring.jpa.open-in-view is enabled by default. Therefore, database queries may be performed during view rendering. Explicitly configure spring.jpa.open-in-view to disable this warning
2026-09-17 12:29:46 INFO  [authentication.configuration.InitializeUserDetailsBeanManagerConfigurer$InitializeUserDetailsManagerConfigurer] - Global AuthenticationManager configured with UserDetailsService bean with name memberDetailsService
2026-09-17 12:29:46 INFO  [coyote.http11.Http11NioProtocol] - Starting ProtocolHandler ["http-nio-8090"]
2026-09-17 12:29:46 INFO  [boot.tomcat.TomcatWebServer] - Tomcat started on port 8090 (http) with context path '/'
2026-09-17 12:29:46 INFO  [devtools.autoconfigure.ConditionEvaluationDeltaLoggingListener] - Condition evaluation unchanged
2026-09-17 12:30:27 INFO  [devtools.autoconfigure.LocalDevToolsAutoConfiguration$RestartingClassPathChangeChangedEventListener] - Restarting due to 22 class path changes (0 additions, 0 deletions, 22 modifications)
2026-09-17 12:30:27 INFO  [boot.tomcat.GracefulShutdown] - Commencing graceful shutdown. Waiting for active requests to complete
2026-09-17 12:30:27 INFO  [coyote.http11.Http11NioProtocol] - Pausing ProtocolHandler ["http-nio-8090"]
2026-09-17 12:30:27 INFO  [boot.tomcat.GracefulShutdown] - Graceful shutdown complete
2026-09-17 12:30:27 INFO  [coyote.http11.Http11NioProtocol] - Stopping ProtocolHandler ["http-nio-8090"]
2026-09-17 12:30:27 INFO  [orm.jpa.LocalContainerEntityManagerFactoryBean] - Closing JPA EntityManagerFactory for persistence unit 'default'
2026-09-17 12:30:27 INFO  [zaxxer.hikari.HikariDataSource] - HikariPool-2 - Shutdown initiated...
2026-09-17 12:30:27 INFO  [zaxxer.hikari.HikariDataSource] - HikariPool-2 - Shutdown completed.
2026-09-17 12:30:27 INFO  [repository.config.RepositoryConfigurationDelegate] - Bootstrapping Spring Data JPA repositories in DEFAULT mode.
2026-09-17 12:30:27 INFO  [repository.config.RepositoryConfigurationDelegate] - Finished Spring Data repository scanning in 8 ms. Found 2 JPA repository interfaces.
2026-09-17 12:30:27 INFO  [boot.tomcat.TomcatWebServer] - Tomcat initialized with port 8090 (http)
2026-09-17 12:30:27 INFO  [coyote.http11.Http11NioProtocol] - Initializing ProtocolHandler ["http-nio-8090"]
2026-09-17 12:30:27 INFO  [catalina.core.StandardService] - Starting service [Tomcat]
2026-09-17 12:30:27 INFO  [catalina.core.StandardEngine] - Starting Servlet engine: [Apache Tomcat/11.0.24]
2026-09-17 12:30:27 INFO  [context.servlet.WebApplicationContextInitializer] - Root WebApplicationContext: initialization completed in 300 ms
2026-09-17 12:30:27 INFO  [hibernate.orm.jpa] - HHH008540: Processing PersistenceUnitInfo [name: default]
2026-09-17 12:30:27 INFO  [jpa.persistenceunit.SpringPersistenceUnitInfo] - No LoadTimeWeaver setup: ignoring JPA class transformer
2026-09-17 12:30:27 INFO  [zaxxer.hikari.HikariDataSource] - HikariPool-3 - Starting...
2026-09-17 12:30:27 INFO  [hikari.pool.HikariPool] - HikariPool-3 - Added connection com.mysql.cj.jdbc.ConnectionImpl@6f7fc6b2
2026-09-17 12:30:27 INFO  [zaxxer.hikari.HikariDataSource] - HikariPool-3 - Start completed.
2026-09-17 12:30:27 WARN  [hibernate.orm.deprecation] - HHH90000025: MySQLDialect does not need to be specified explicitly using 'hibernate.dialect' (remove the property setting and it will be selected by default)
2026-09-17 12:30:27 INFO  [orm.connections.pooling] - HHH10001005: Database info:
	Database JDBC URL [jdbc:mysql://localhost:3306/DB_CALENDAR]
	Database driver: MySQL Connector/J
	Database dialect: MySQLDialect
	Database version: 8.0.46
	Default catalog/schema: DB_CALENDAR/undefined
	Autocommit mode: undefined/unknown
	Isolation level: REPEATABLE_READ [default REPEATABLE_READ]
	JDBC fetch size: none
	Pool: DataSourceConnectionProvider
	Minimum pool size: undefined/unknown
	Maximum pool size: undefined/unknown
2026-09-17 12:30:27 INFO  [hibernate.orm.core] - HHH000489: No JTA platform available (set 'hibernate.transaction.jta.platform' to enable JTA platform integration)
2026-09-17 12:30:27 WARN  [schema.internal.ExceptionHandlerLoggedImpl] - GenerationTarget encountered exception accepting command : Error executing DDL "
    alter table user_member 
       add constraint FK5yi94mub7yelh1efo6dm5k9f1 
       foreign key (authority_no) 
       references user_authority (no)" via JDBC [Referencing column 'authority_no' and referenced column 'no' in foreign key constraint 'FK5yi94mub7yelh1efo6dm5k9f1' are incompatible.]
org.hibernate.tool.schema.spi.CommandAcceptanceException: Error executing DDL "
    alter table user_member 
       add constraint FK5yi94mub7yelh1efo6dm5k9f1 
       foreign key (authority_no) 
       references user_authority (no)" via JDBC [Referencing column 'authority_no' and referenced column 'no' in foreign key constraint 'FK5yi94mub7yelh1efo6dm5k9f1' are incompatible.]
	at org.hibernate.tool.schema.internal.exec.GenerationTargetToDatabase.accept(GenerationTargetToDatabase.java:91)
	at org.hibernate.tool.schema.internal.AbstractSchemaMigrator.applySqlString(AbstractSchemaMigrator.java:566)
	at org.hibernate.tool.schema.internal.AbstractSchemaMigrator.applySqlStrings(AbstractSchemaMigrator.java:506)
	at org.hibernate.tool.schema.internal.AbstractSchemaMigrator.applyForeignKeys(AbstractSchemaMigrator.java:438)
	at org.hibernate.tool.schema.internal.AbstractSchemaMigrator.performMigration(AbstractSchemaMigrator.java:256)
	at org.hibernate.tool.schema.internal.AbstractSchemaMigrator.doMigration(AbstractSchemaMigrator.java:96)
	at org.hibernate.tool.schema.spi.SchemaManagementToolCoordinator.performDatabaseAction(SchemaManagementToolCoordinator.java:269)
	at org.hibernate.tool.schema.spi.SchemaManagementToolCoordinator.lambda$process$1(SchemaManagementToolCoordinator.java:101)
	at java.base/java.util.HashMap.forEach(HashMap.java:1421)
	at org.hibernate.tool.schema.spi.SchemaManagementToolCoordinator.process(SchemaManagementToolCoordinator.java:100)
	at org.hibernate.boot.internal.SessionFactoryObserverForSchemaExport.sessionFactoryCreated(SessionFactoryObserverForSchemaExport.java:35)
	at org.hibernate.internal.SessionFactoryObserverChain.sessionFactoryCreated(SessionFactoryObserverChain.java:33)
	at org.hibernate.internal.SessionFactoryImpl.<init>(SessionFactoryImpl.java:327)
	at org.hibernate.internal.SessionFactoryRegistry.instantiateSessionFactory(SessionFactoryRegistry.java:64)
	at org.hibernate.boot.internal.SessionFactoryBuilderImpl.build(SessionFactoryBuilderImpl.java:458)
	at org.hibernate.jpa.boot.internal.EntityManagerFactoryBuilderImpl.build(EntityManagerFactoryBuilderImpl.java:1452)
	at org.springframework.orm.jpa.vendor.SpringHibernateJpaPersistenceProvider.createContainerEntityManagerFactory(SpringHibernateJpaPersistenceProvider.java:93)
	at org.springframework.orm.jpa.LocalContainerEntityManagerFactoryBean.createNativeEntityManagerFactory(LocalContainerEntityManagerFactoryBean.java:443)
	at org.springframework.orm.jpa.AbstractEntityManagerFactoryBean.buildNativeEntityManagerFactory(AbstractEntityManagerFactoryBean.java:436)
	at org.springframework.orm.jpa.AbstractEntityManagerFactoryBean.afterPropertiesSet(AbstractEntityManagerFactoryBean.java:411)
	at org.springframework.orm.jpa.LocalContainerEntityManagerFactoryBean.afterPropertiesSet(LocalContainerEntityManagerFactoryBean.java:419)
	at org.springframework.beans.factory.support.AbstractAutowireCapableBeanFactory.invokeInitMethods(AbstractAutowireCapableBeanFactory.java:1862)
	at org.springframework.beans.factory.support.AbstractAutowireCapableBeanFactory.initializeBean(AbstractAutowireCapableBeanFactory.java:1811)
	at org.springframework.beans.factory.support.AbstractAutowireCapableBeanFactory.doCreateBean(AbstractAutowireCapableBeanFactory.java:603)
	at org.springframework.beans.factory.support.AbstractAutowireCapableBeanFactory.createBean(AbstractAutowireCapableBeanFactory.java:525)
	at org.springframework.beans.factory.support.AbstractBeanFactory.lambda$doGetBean$0(AbstractBeanFactory.java:333)
	at org.springframework.beans.factory.support.DefaultSingletonBeanRegistry.getSingleton(DefaultSingletonBeanRegistry.java:371)
	at org.springframework.beans.factory.support.AbstractBeanFactory.doGetBean(AbstractBeanFactory.java:331)
	at org.springframework.beans.factory.support.AbstractBeanFactory.getBean(AbstractBeanFactory.java:201)
	at org.springframework.context.support.AbstractApplicationContext.finishBeanFactoryInitialization(AbstractApplicationContext.java:977)
	at org.springframework.context.support.AbstractApplicationContext.refresh(AbstractApplicationContext.java:621)
	at org.springframework.boot.web.server.servlet.context.ServletWebServerApplicationContext.refresh(ServletWebServerApplicationContext.java:143)
	at org.springframework.boot.SpringApplication.refresh(SpringApplication.java:756)
	at org.springframework.boot.SpringApplication.refreshContext(SpringApplication.java:445)
	at org.springframework.boot.SpringApplication.run(SpringApplication.java:321)
	at org.springframework.boot.SpringApplication.run(SpringApplication.java:1365)
	at org.springframework.boot.SpringApplication.run(SpringApplication.java:1354)
	at com.office.calendaradmin.CalendarApplication.main(CalendarApplication.java:12)
	at java.base/jdk.internal.reflect.NativeMethodAccessorImpl.invoke0(Native Method)
	at java.base/jdk.internal.reflect.NativeMethodAccessorImpl.invoke(NativeMethodAccessorImpl.java:77)
	at java.base/jdk.internal.reflect.DelegatingMethodAccessorImpl.invoke(DelegatingMethodAccessorImpl.java:43)
	at java.base/java.lang.reflect.Method.invoke(Method.java:568)
	at org.springframework.boot.devtools.restart.RestartLauncher.run(RestartLauncher.java:52)
Caused by: java.sql.SQLException: Referencing column 'authority_no' and referenced column 'no' in foreign key constraint 'FK5yi94mub7yelh1efo6dm5k9f1' are incompatible.
	at com.mysql.cj.jdbc.exceptions.SQLError.createSQLException(SQLError.java:121)
	at com.mysql.cj.jdbc.exceptions.SQLExceptionsMapping.translateException(SQLExceptionsMapping.java:114)
	at com.mysql.cj.jdbc.StatementImpl.executeInternal(StatementImpl.java:839)
	at com.mysql.cj.jdbc.StatementImpl.execute(StatementImpl.java:687)
	at com.zaxxer.hikari.pool.ProxyStatement.execute(ProxyStatement.java:95)
	at com.zaxxer.hikari.pool.HikariProxyStatement.execute(HikariProxyStatement.java)
	at org.hibernate.tool.schema.internal.exec.GenerationTargetToDatabase.accept(GenerationTargetToDatabase.java:86)
	... 42 more
2026-09-17 12:30:27 INFO  [orm.jpa.LocalContainerEntityManagerFactoryBean] - Initialized JPA EntityManagerFactory for persistence unit 'default'
2026-09-17 12:30:28 WARN  [jpa.autoconfigure.JpaBaseConfiguration$JpaWebConfiguration] - spring.jpa.open-in-view is enabled by default. Therefore, database queries may be performed during view rendering. Explicitly configure spring.jpa.open-in-view to disable this warning
2026-09-17 12:30:28 INFO  [authentication.configuration.InitializeUserDetailsBeanManagerConfigurer$InitializeUserDetailsManagerConfigurer] - Global AuthenticationManager configured with UserDetailsService bean with name memberDetailsService
2026-09-17 12:30:28 INFO  [coyote.http11.Http11NioProtocol] - Starting ProtocolHandler ["http-nio-8090"]
2026-09-17 12:30:28 INFO  [boot.tomcat.TomcatWebServer] - Tomcat started on port 8090 (http) with context path '/'
2026-09-17 12:30:28 INFO  [[Tomcat].[localhost].[/]] - Initializing Spring DispatcherServlet 'dispatcherServlet'
2026-09-17 12:30:28 INFO  [web.servlet.DispatcherServlet] - Initializing Servlet 'dispatcherServlet'
2026-09-17 12:30:28 INFO  [web.servlet.DispatcherServlet] - Completed initialization in 1 ms
2026-09-17 12:30:28 INFO  [devtools.autoconfigure.ConditionEvaluationDeltaLoggingListener] - Condition evaluation unchanged
2026-09-17 12:31:41 INFO  [boot.tomcat.GracefulShutdown] - Commencing graceful shutdown. Waiting for active requests to complete
2026-09-17 12:31:41 INFO  [boot.tomcat.GracefulShutdown] - Graceful shutdown complete
2026-09-17 12:31:41 INFO  [orm.jpa.LocalContainerEntityManagerFactoryBean] - Closing JPA EntityManagerFactory for persistence unit 'default'
2026-09-17 12:31:41 INFO  [zaxxer.hikari.HikariDataSource] - HikariPool-3 - Shutdown initiated...
2026-09-17 12:31:41 INFO  [zaxxer.hikari.HikariDataSource] - HikariPool-3 - Shutdown completed.
2026-09-18 09:13:38 INFO  [devtools.env.DevToolsPropertyDefaultsPostProcessor] - Devtools property defaults active! Set 'spring.devtools.add-properties' to 'false' to disable
2026-09-18 09:13:38 INFO  [devtools.env.DevToolsPropertyDefaultsPostProcessor] - For additional web related logging consider setting the 'logging.level.web' property to 'DEBUG'
2026-09-18 09:13:38 INFO  [repository.config.RepositoryConfigurationDelegate] - Bootstrapping Spring Data JPA repositories in DEFAULT mode.
2026-09-18 09:13:38 INFO  [repository.config.RepositoryConfigurationDelegate] - Finished Spring Data repository scanning in 41 ms. Found 2 JPA repository interfaces.
2026-09-18 09:13:39 INFO  [boot.tomcat.TomcatWebServer] - Tomcat initialized with port 8090 (http)
2026-09-18 09:13:39 INFO  [coyote.http11.Http11NioProtocol] - Initializing ProtocolHandler ["http-nio-8090"]
2026-09-18 09:13:39 INFO  [catalina.core.StandardService] - Starting service [Tomcat]
2026-09-18 09:13:39 INFO  [catalina.core.StandardEngine] - Starting Servlet engine: [Apache Tomcat/11.0.24]
2026-09-18 09:13:39 INFO  [context.servlet.WebApplicationContextInitializer] - Root WebApplicationContext: initialization completed in 1490 ms
2026-09-18 09:13:39 INFO  [hibernate.orm.jpa] - HHH008540: Processing PersistenceUnitInfo [name: default]
2026-09-18 09:13:39 INFO  [hibernate.orm.core] - HHH000001: Hibernate ORM core version 7.4.5.Final
2026-09-18 09:13:40 INFO  [jpa.persistenceunit.SpringPersistenceUnitInfo] - No LoadTimeWeaver setup: ignoring JPA class transformer
2026-09-18 09:13:40 INFO  [zaxxer.hikari.HikariDataSource] - HikariPool-1 - Starting...
2026-09-18 09:13:40 INFO  [hikari.pool.HikariPool] - HikariPool-1 - Added connection com.mysql.cj.jdbc.ConnectionImpl@3e27fc47
2026-09-18 09:13:40 INFO  [zaxxer.hikari.HikariDataSource] - HikariPool-1 - Start completed.
2026-09-18 09:13:40 WARN  [hibernate.orm.deprecation] - HHH90000025: MySQLDialect does not need to be specified explicitly using 'hibernate.dialect' (remove the property setting and it will be selected by default)
2026-09-18 09:13:40 INFO  [orm.connections.pooling] - HHH10001005: Database info:
	Database JDBC URL [jdbc:mysql://localhost:3306/DB_CALENDAR]
	Database driver: MySQL Connector/J
	Database dialect: MySQLDialect
	Database version: 8.0.46
	Default catalog/schema: DB_CALENDAR/undefined
	Autocommit mode: undefined/unknown
	Isolation level: REPEATABLE_READ [default REPEATABLE_READ]
	JDBC fetch size: none
	Pool: DataSourceConnectionProvider
	Minimum pool size: undefined/unknown
	Maximum pool size: undefined/unknown
2026-09-18 09:13:41 INFO  [hibernate.orm.core] - HHH000489: No JTA platform available (set 'hibernate.transaction.jta.platform' to enable JTA platform integration)
2026-09-18 09:13:42 WARN  [schema.internal.ExceptionHandlerLoggedImpl] - GenerationTarget encountered exception accepting command : Error executing DDL "
    alter table user_member 
       add constraint FK5yi94mub7yelh1efo6dm5k9f1 
       foreign key (authority_no) 
       references user_authority (no)" via JDBC [Referencing column 'authority_no' and referenced column 'no' in foreign key constraint 'FK5yi94mub7yelh1efo6dm5k9f1' are incompatible.]
org.hibernate.tool.schema.spi.CommandAcceptanceException: Error executing DDL "
    alter table user_member 
       add constraint FK5yi94mub7yelh1efo6dm5k9f1 
       foreign key (authority_no) 
       references user_authority (no)" via JDBC [Referencing column 'authority_no' and referenced column 'no' in foreign key constraint 'FK5yi94mub7yelh1efo6dm5k9f1' are incompatible.]
	at org.hibernate.tool.schema.internal.exec.GenerationTargetToDatabase.accept(GenerationTargetToDatabase.java:91)
	at org.hibernate.tool.schema.internal.AbstractSchemaMigrator.applySqlString(AbstractSchemaMigrator.java:566)
	at org.hibernate.tool.schema.internal.AbstractSchemaMigrator.applySqlStrings(AbstractSchemaMigrator.java:506)
	at org.hibernate.tool.schema.internal.AbstractSchemaMigrator.applyForeignKeys(AbstractSchemaMigrator.java:438)
	at org.hibernate.tool.schema.internal.AbstractSchemaMigrator.performMigration(AbstractSchemaMigrator.java:256)
	at org.hibernate.tool.schema.internal.AbstractSchemaMigrator.doMigration(AbstractSchemaMigrator.java:96)
	at org.hibernate.tool.schema.spi.SchemaManagementToolCoordinator.performDatabaseAction(SchemaManagementToolCoordinator.java:269)
	at org.hibernate.tool.schema.spi.SchemaManagementToolCoordinator.lambda$process$1(SchemaManagementToolCoordinator.java:101)
	at java.base/java.util.HashMap.forEach(HashMap.java:1421)
	at org.hibernate.tool.schema.spi.SchemaManagementToolCoordinator.process(SchemaManagementToolCoordinator.java:100)
	at org.hibernate.boot.internal.SessionFactoryObserverForSchemaExport.sessionFactoryCreated(SessionFactoryObserverForSchemaExport.java:35)
	at org.hibernate.internal.SessionFactoryObserverChain.sessionFactoryCreated(SessionFactoryObserverChain.java:33)
	at org.hibernate.internal.SessionFactoryImpl.<init>(SessionFactoryImpl.java:327)
	at org.hibernate.internal.SessionFactoryRegistry.instantiateSessionFactory(SessionFactoryRegistry.java:64)
	at org.hibernate.boot.internal.SessionFactoryBuilderImpl.build(SessionFactoryBuilderImpl.java:458)
	at org.hibernate.jpa.boot.internal.EntityManagerFactoryBuilderImpl.build(EntityManagerFactoryBuilderImpl.java:1452)
	at org.springframework.orm.jpa.vendor.SpringHibernateJpaPersistenceProvider.createContainerEntityManagerFactory(SpringHibernateJpaPersistenceProvider.java:93)
	at org.springframework.orm.jpa.LocalContainerEntityManagerFactoryBean.createNativeEntityManagerFactory(LocalContainerEntityManagerFactoryBean.java:443)
	at org.springframework.orm.jpa.AbstractEntityManagerFactoryBean.buildNativeEntityManagerFactory(AbstractEntityManagerFactoryBean.java:436)
	at org.springframework.orm.jpa.AbstractEntityManagerFactoryBean.afterPropertiesSet(AbstractEntityManagerFactoryBean.java:411)
	at org.springframework.orm.jpa.LocalContainerEntityManagerFactoryBean.afterPropertiesSet(LocalContainerEntityManagerFactoryBean.java:419)
	at org.springframework.beans.factory.support.AbstractAutowireCapableBeanFactory.invokeInitMethods(AbstractAutowireCapableBeanFactory.java:1862)
	at org.springframework.beans.factory.support.AbstractAutowireCapableBeanFactory.initializeBean(AbstractAutowireCapableBeanFactory.java:1811)
	at org.springframework.beans.factory.support.AbstractAutowireCapableBeanFactory.doCreateBean(AbstractAutowireCapableBeanFactory.java:603)
	at org.springframework.beans.factory.support.AbstractAutowireCapableBeanFactory.createBean(AbstractAutowireCapableBeanFactory.java:525)
	at org.springframework.beans.factory.support.AbstractBeanFactory.lambda$doGetBean$0(AbstractBeanFactory.java:333)
	at org.springframework.beans.factory.support.DefaultSingletonBeanRegistry.getSingleton(DefaultSingletonBeanRegistry.java:371)
	at org.springframework.beans.factory.support.AbstractBeanFactory.doGetBean(AbstractBeanFactory.java:331)
	at org.springframework.beans.factory.support.AbstractBeanFactory.getBean(AbstractBeanFactory.java:201)
	at org.springframework.context.support.AbstractApplicationContext.finishBeanFactoryInitialization(AbstractApplicationContext.java:977)
	at org.springframework.context.support.AbstractApplicationContext.refresh(AbstractApplicationContext.java:621)
	at org.springframework.boot.web.server.servlet.context.ServletWebServerApplicationContext.refresh(ServletWebServerApplicationContext.java:143)
	at org.springframework.boot.SpringApplication.refresh(SpringApplication.java:756)
	at org.springframework.boot.SpringApplication.refreshContext(SpringApplication.java:445)
	at org.springframework.boot.SpringApplication.run(SpringApplication.java:321)
	at org.springframework.boot.SpringApplication.run(SpringApplication.java:1365)
	at org.springframework.boot.SpringApplication.run(SpringApplication.java:1354)
	at com.office.calendaradmin.CalendarApplication.main(CalendarApplication.java:12)
	at java.base/jdk.internal.reflect.NativeMethodAccessorImpl.invoke0(Native Method)
	at java.base/jdk.internal.reflect.NativeMethodAccessorImpl.invoke(NativeMethodAccessorImpl.java:77)
	at java.base/jdk.internal.reflect.DelegatingMethodAccessorImpl.invoke(DelegatingMethodAccessorImpl.java:43)
	at java.base/java.lang.reflect.Method.invoke(Method.java:568)
	at org.springframework.boot.devtools.restart.RestartLauncher.run(RestartLauncher.java:52)
Caused by: java.sql.SQLException: Referencing column 'authority_no' and referenced column 'no' in foreign key constraint 'FK5yi94mub7yelh1efo6dm5k9f1' are incompatible.
	at com.mysql.cj.jdbc.exceptions.SQLError.createSQLException(SQLError.java:121)
	at com.mysql.cj.jdbc.exceptions.SQLExceptionsMapping.translateException(SQLExceptionsMapping.java:114)
	at com.mysql.cj.jdbc.StatementImpl.executeInternal(StatementImpl.java:839)
	at com.mysql.cj.jdbc.StatementImpl.execute(StatementImpl.java:687)
	at com.zaxxer.hikari.pool.ProxyStatement.execute(ProxyStatement.java:95)
	at com.zaxxer.hikari.pool.HikariProxyStatement.execute(HikariProxyStatement.java)
	at org.hibernate.tool.schema.internal.exec.GenerationTargetToDatabase.accept(GenerationTargetToDatabase.java:86)
	... 42 more
2026-09-18 09:13:42 INFO  [orm.jpa.LocalContainerEntityManagerFactoryBean] - Initialized JPA EntityManagerFactory for persistence unit 'default'
2026-09-18 09:13:42 INFO  [repository.query.QueryEnhancerFactories] - Hibernate is in classpath; If applicable, HQL parser will be used.
2026-09-18 09:13:42 WARN  [jpa.autoconfigure.JpaBaseConfiguration$JpaWebConfiguration] - spring.jpa.open-in-view is enabled by default. Therefore, database queries may be performed during view rendering. Explicitly configure spring.jpa.open-in-view to disable this warning
2026-09-18 09:13:42 INFO  [authentication.configuration.InitializeUserDetailsBeanManagerConfigurer$InitializeUserDetailsManagerConfigurer] - Global AuthenticationManager configured with UserDetailsService bean with name memberDetailsService
2026-09-18 09:13:43 INFO  [coyote.http11.Http11NioProtocol] - Starting ProtocolHandler ["http-nio-8090"]
2026-09-18 09:13:43 INFO  [boot.tomcat.TomcatWebServer] - Tomcat started on port 8090 (http) with context path '/'
2026-09-18 09:13:54 INFO  [[Tomcat].[localhost].[/]] - Initializing Spring DispatcherServlet 'dispatcherServlet'
2026-09-18 09:13:54 INFO  [web.servlet.DispatcherServlet] - Initializing Servlet 'dispatcherServlet'
2026-09-18 09:13:54 INFO  [web.servlet.DispatcherServlet] - Completed initialization in 1 ms
2026-09-18 09:14:14 INFO  [boot.tomcat.GracefulShutdown] - Commencing graceful shutdown. Waiting for active requests to complete
2026-09-18 09:14:14 INFO  [boot.tomcat.GracefulShutdown] - Graceful shutdown complete
2026-09-18 09:14:14 INFO  [orm.jpa.LocalContainerEntityManagerFactoryBean] - Closing JPA EntityManagerFactory for persistence unit 'default'
2026-09-18 09:14:14 INFO  [zaxxer.hikari.HikariDataSource] - HikariPool-1 - Shutdown initiated...
2026-09-18 09:14:14 INFO  [zaxxer.hikari.HikariDataSource] - HikariPool-1 - Shutdown completed.
2026-09-18 09:21:38 INFO  [devtools.env.DevToolsPropertyDefaultsPostProcessor] - Devtools property defaults active! Set 'spring.devtools.add-properties' to 'false' to disable
2026-09-18 09:21:38 INFO  [devtools.env.DevToolsPropertyDefaultsPostProcessor] - For additional web related logging consider setting the 'logging.level.web' property to 'DEBUG'
2026-09-18 09:21:39 INFO  [repository.config.RepositoryConfigurationDelegate] - Bootstrapping Spring Data JPA repositories in DEFAULT mode.
2026-09-18 09:21:39 INFO  [repository.config.RepositoryConfigurationDelegate] - Finished Spring Data repository scanning in 34 ms. Found 2 JPA repository interfaces.
2026-09-18 09:21:39 INFO  [boot.tomcat.TomcatWebServer] - Tomcat initialized with port 8091 (http)
2026-09-18 09:21:39 INFO  [coyote.http11.Http11NioProtocol] - Initializing ProtocolHandler ["http-nio-8091"]
2026-09-18 09:21:39 INFO  [catalina.core.StandardService] - Starting service [Tomcat]
2026-09-18 09:21:39 INFO  [catalina.core.StandardEngine] - Starting Servlet engine: [Apache Tomcat/11.0.24]
2026-09-18 09:21:39 INFO  [context.servlet.WebApplicationContextInitializer] - Root WebApplicationContext: initialization completed in 1278 ms
2026-09-18 09:21:39 INFO  [hibernate.orm.jpa] - HHH008540: Processing PersistenceUnitInfo [name: default]
2026-09-18 09:21:39 INFO  [hibernate.orm.core] - HHH000001: Hibernate ORM core version 7.4.5.Final
2026-09-18 09:21:40 INFO  [jpa.persistenceunit.SpringPersistenceUnitInfo] - No LoadTimeWeaver setup: ignoring JPA class transformer
2026-09-18 09:21:40 INFO  [zaxxer.hikari.HikariDataSource] - HikariPool-1 - Starting...
2026-09-18 09:21:40 INFO  [hikari.pool.HikariPool] - HikariPool-1 - Added connection com.mysql.cj.jdbc.ConnectionImpl@210e0a30
2026-09-18 09:21:40 INFO  [zaxxer.hikari.HikariDataSource] - HikariPool-1 - Start completed.
2026-09-18 09:21:40 WARN  [hibernate.orm.deprecation] - HHH90000025: MySQLDialect does not need to be specified explicitly using 'hibernate.dialect' (remove the property setting and it will be selected by default)
2026-09-18 09:21:40 INFO  [orm.connections.pooling] - HHH10001005: Database info:
	Database JDBC URL [jdbc:mysql://localhost:3306/DB_CALENDAR]
	Database driver: MySQL Connector/J
	Database dialect: MySQLDialect
	Database version: 8.0.46
	Default catalog/schema: DB_CALENDAR/undefined
	Autocommit mode: undefined/unknown
	Isolation level: REPEATABLE_READ [default REPEATABLE_READ]
	JDBC fetch size: none
	Pool: DataSourceConnectionProvider
	Minimum pool size: undefined/unknown
	Maximum pool size: undefined/unknown
2026-09-18 09:21:41 INFO  [hibernate.orm.core] - HHH000489: No JTA platform available (set 'hibernate.transaction.jta.platform' to enable JTA platform integration)
2026-09-18 09:21:41 WARN  [schema.internal.ExceptionHandlerLoggedImpl] - GenerationTarget encountered exception accepting command : Error executing DDL "
    alter table user_member 
       add constraint FK5yi94mub7yelh1efo6dm5k9f1 
       foreign key (authority_no) 
       references user_authority (no)" via JDBC [Referencing column 'authority_no' and referenced column 'no' in foreign key constraint 'FK5yi94mub7yelh1efo6dm5k9f1' are incompatible.]
org.hibernate.tool.schema.spi.CommandAcceptanceException: Error executing DDL "
    alter table user_member 
       add constraint FK5yi94mub7yelh1efo6dm5k9f1 
       foreign key (authority_no) 
       references user_authority (no)" via JDBC [Referencing column 'authority_no' and referenced column 'no' in foreign key constraint 'FK5yi94mub7yelh1efo6dm5k9f1' are incompatible.]
	at org.hibernate.tool.schema.internal.exec.GenerationTargetToDatabase.accept(GenerationTargetToDatabase.java:91)
	at org.hibernate.tool.schema.internal.AbstractSchemaMigrator.applySqlString(AbstractSchemaMigrator.java:566)
	at org.hibernate.tool.schema.internal.AbstractSchemaMigrator.applySqlStrings(AbstractSchemaMigrator.java:506)
	at org.hibernate.tool.schema.internal.AbstractSchemaMigrator.applyForeignKeys(AbstractSchemaMigrator.java:438)
	at org.hibernate.tool.schema.internal.AbstractSchemaMigrator.performMigration(AbstractSchemaMigrator.java:256)
	at org.hibernate.tool.schema.internal.AbstractSchemaMigrator.doMigration(AbstractSchemaMigrator.java:96)
	at org.hibernate.tool.schema.spi.SchemaManagementToolCoordinator.performDatabaseAction(SchemaManagementToolCoordinator.java:269)
	at org.hibernate.tool.schema.spi.SchemaManagementToolCoordinator.lambda$process$1(SchemaManagementToolCoordinator.java:101)
	at java.base/java.util.HashMap.forEach(HashMap.java:1421)
	at org.hibernate.tool.schema.spi.SchemaManagementToolCoordinator.process(SchemaManagementToolCoordinator.java:100)
	at org.hibernate.boot.internal.SessionFactoryObserverForSchemaExport.sessionFactoryCreated(SessionFactoryObserverForSchemaExport.java:35)
	at org.hibernate.internal.SessionFactoryObserverChain.sessionFactoryCreated(SessionFactoryObserverChain.java:33)
	at org.hibernate.internal.SessionFactoryImpl.<init>(SessionFactoryImpl.java:327)
	at org.hibernate.internal.SessionFactoryRegistry.instantiateSessionFactory(SessionFactoryRegistry.java:64)
	at org.hibernate.boot.internal.SessionFactoryBuilderImpl.build(SessionFactoryBuilderImpl.java:458)
	at org.hibernate.jpa.boot.internal.EntityManagerFactoryBuilderImpl.build(EntityManagerFactoryBuilderImpl.java:1452)
	at org.springframework.orm.jpa.vendor.SpringHibernateJpaPersistenceProvider.createContainerEntityManagerFactory(SpringHibernateJpaPersistenceProvider.java:93)
	at org.springframework.orm.jpa.LocalContainerEntityManagerFactoryBean.createNativeEntityManagerFactory(LocalContainerEntityManagerFactoryBean.java:443)
	at org.springframework.orm.jpa.AbstractEntityManagerFactoryBean.buildNativeEntityManagerFactory(AbstractEntityManagerFactoryBean.java:436)
	at org.springframework.orm.jpa.AbstractEntityManagerFactoryBean.afterPropertiesSet(AbstractEntityManagerFactoryBean.java:411)
	at org.springframework.orm.jpa.LocalContainerEntityManagerFactoryBean.afterPropertiesSet(LocalContainerEntityManagerFactoryBean.java:419)
	at org.springframework.beans.factory.support.AbstractAutowireCapableBeanFactory.invokeInitMethods(AbstractAutowireCapableBeanFactory.java:1862)
	at org.springframework.beans.factory.support.AbstractAutowireCapableBeanFactory.initializeBean(AbstractAutowireCapableBeanFactory.java:1811)
	at org.springframework.beans.factory.support.AbstractAutowireCapableBeanFactory.doCreateBean(AbstractAutowireCapableBeanFactory.java:603)
	at org.springframework.beans.factory.support.AbstractAutowireCapableBeanFactory.createBean(AbstractAutowireCapableBeanFactory.java:525)
	at org.springframework.beans.factory.support.AbstractBeanFactory.lambda$doGetBean$0(AbstractBeanFactory.java:333)
	at org.springframework.beans.factory.support.DefaultSingletonBeanRegistry.getSingleton(DefaultSingletonBeanRegistry.java:371)
	at org.springframework.beans.factory.support.AbstractBeanFactory.doGetBean(AbstractBeanFactory.java:331)
	at org.springframework.beans.factory.support.AbstractBeanFactory.getBean(AbstractBeanFactory.java:201)
	at org.springframework.context.support.AbstractApplicationContext.finishBeanFactoryInitialization(AbstractApplicationContext.java:977)
	at org.springframework.context.support.AbstractApplicationContext.refresh(AbstractApplicationContext.java:621)
	at org.springframework.boot.web.server.servlet.context.ServletWebServerApplicationContext.refresh(ServletWebServerApplicationContext.java:143)
	at org.springframework.boot.SpringApplication.refresh(SpringApplication.java:756)
	at org.springframework.boot.SpringApplication.refreshContext(SpringApplication.java:445)
	at org.springframework.boot.SpringApplication.run(SpringApplication.java:321)
	at org.springframework.boot.SpringApplication.run(SpringApplication.java:1365)
	at org.springframework.boot.SpringApplication.run(SpringApplication.java:1354)
	at com.office.calendaradmin.CalendarApplication.main(CalendarApplication.java:12)
	at java.base/jdk.internal.reflect.NativeMethodAccessorImpl.invoke0(Native Method)
	at java.base/jdk.internal.reflect.NativeMethodAccessorImpl.invoke(NativeMethodAccessorImpl.java:77)
	at java.base/jdk.internal.reflect.DelegatingMethodAccessorImpl.invoke(DelegatingMethodAccessorImpl.java:43)
	at java.base/java.lang.reflect.Method.invoke(Method.java:568)
	at org.springframework.boot.devtools.restart.RestartLauncher.run(RestartLauncher.java:52)
Caused by: java.sql.SQLException: Referencing column 'authority_no' and referenced column 'no' in foreign key constraint 'FK5yi94mub7yelh1efo6dm5k9f1' are incompatible.
	at com.mysql.cj.jdbc.exceptions.SQLError.createSQLException(SQLError.java:121)
	at com.mysql.cj.jdbc.exceptions.SQLExceptionsMapping.translateException(SQLExceptionsMapping.java:114)
	at com.mysql.cj.jdbc.StatementImpl.executeInternal(StatementImpl.java:839)
	at com.mysql.cj.jdbc.StatementImpl.execute(StatementImpl.java:687)
	at com.zaxxer.hikari.pool.ProxyStatement.execute(ProxyStatement.java:95)
	at com.zaxxer.hikari.pool.HikariProxyStatement.execute(HikariProxyStatement.java)
	at org.hibernate.tool.schema.internal.exec.GenerationTargetToDatabase.accept(GenerationTargetToDatabase.java:86)
	... 42 more
2026-09-18 09:21:41 INFO  [orm.jpa.LocalContainerEntityManagerFactoryBean] - Initialized JPA EntityManagerFactory for persistence unit 'default'
2026-09-18 09:21:42 INFO  [repository.query.QueryEnhancerFactories] - Hibernate is in classpath; If applicable, HQL parser will be used.
2026-09-18 09:21:42 WARN  [jpa.autoconfigure.JpaBaseConfiguration$JpaWebConfiguration] - spring.jpa.open-in-view is enabled by default. Therefore, database queries may be performed during view rendering. Explicitly configure spring.jpa.open-in-view to disable this warning
2026-09-18 09:21:42 INFO  [authentication.configuration.InitializeUserDetailsBeanManagerConfigurer$InitializeUserDetailsManagerConfigurer] - Global AuthenticationManager configured with UserDetailsService bean with name memberDetailsService
2026-09-18 09:21:42 INFO  [coyote.http11.Http11NioProtocol] - Starting ProtocolHandler ["http-nio-8091"]
2026-09-18 09:21:42 INFO  [boot.tomcat.TomcatWebServer] - Tomcat started on port 8091 (http) with context path '/'
2026-09-18 09:21:52 INFO  [[Tomcat].[localhost].[/]] - Initializing Spring DispatcherServlet 'dispatcherServlet'
2026-09-18 09:21:52 INFO  [web.servlet.DispatcherServlet] - Initializing Servlet 'dispatcherServlet'
2026-09-18 09:21:52 INFO  [web.servlet.DispatcherServlet] - Completed initialization in 1 ms
2026-09-18 09:22:11 INFO  [boot.tomcat.GracefulShutdown] - Commencing graceful shutdown. Waiting for active requests to complete
2026-09-18 09:22:11 INFO  [boot.tomcat.GracefulShutdown] - Graceful shutdown complete
2026-09-18 09:22:11 INFO  [orm.jpa.LocalContainerEntityManagerFactoryBean] - Closing JPA EntityManagerFactory for persistence unit 'default'
2026-09-18 09:22:11 INFO  [zaxxer.hikari.HikariDataSource] - HikariPool-1 - Shutdown initiated...
2026-09-18 09:22:11 INFO  [zaxxer.hikari.HikariDataSource] - HikariPool-1 - Shutdown completed.
2026-09-18 09:43:22 INFO  [devtools.env.DevToolsPropertyDefaultsPostProcessor] - Devtools property defaults active! Set 'spring.devtools.add-properties' to 'false' to disable
2026-09-18 09:43:22 INFO  [devtools.env.DevToolsPropertyDefaultsPostProcessor] - For additional web related logging consider setting the 'logging.level.web' property to 'DEBUG'
2026-09-18 09:43:22 INFO  [repository.config.RepositoryConfigurationDelegate] - Bootstrapping Spring Data JPA repositories in DEFAULT mode.
2026-09-18 09:43:22 INFO  [repository.config.RepositoryConfigurationDelegate] - Finished Spring Data repository scanning in 36 ms. Found 2 JPA repository interfaces.
2026-09-18 09:43:23 INFO  [boot.tomcat.TomcatWebServer] - Tomcat initialized with port 8091 (http)
2026-09-18 09:43:23 INFO  [coyote.http11.Http11NioProtocol] - Initializing ProtocolHandler ["http-nio-8091"]
2026-09-18 09:43:23 INFO  [catalina.core.StandardService] - Starting service [Tomcat]
2026-09-18 09:43:23 INFO  [catalina.core.StandardEngine] - Starting Servlet engine: [Apache Tomcat/11.0.24]
2026-09-18 09:43:23 INFO  [context.servlet.WebApplicationContextInitializer] - Root WebApplicationContext: initialization completed in 1280 ms
2026-09-18 09:43:23 INFO  [hibernate.orm.jpa] - HHH008540: Processing PersistenceUnitInfo [name: default]
2026-09-18 09:43:23 INFO  [hibernate.orm.core] - HHH000001: Hibernate ORM core version 7.4.5.Final
2026-09-18 09:43:24 INFO  [jpa.persistenceunit.SpringPersistenceUnitInfo] - No LoadTimeWeaver setup: ignoring JPA class transformer
2026-09-18 09:43:24 INFO  [zaxxer.hikari.HikariDataSource] - HikariPool-1 - Starting...
2026-09-18 09:43:24 INFO  [hikari.pool.HikariPool] - HikariPool-1 - Added connection com.mysql.cj.jdbc.ConnectionImpl@aaa083c
2026-09-18 09:43:24 INFO  [zaxxer.hikari.HikariDataSource] - HikariPool-1 - Start completed.
2026-09-18 09:43:24 WARN  [hibernate.orm.deprecation] - HHH90000025: MySQLDialect does not need to be specified explicitly using 'hibernate.dialect' (remove the property setting and it will be selected by default)
2026-09-18 09:43:24 INFO  [orm.connections.pooling] - HHH10001005: Database info:
	Database JDBC URL [jdbc:mysql://localhost:3306/DB_CALENDAR]
	Database driver: MySQL Connector/J
	Database dialect: MySQLDialect
	Database version: 8.0.46
	Default catalog/schema: DB_CALENDAR/undefined
	Autocommit mode: undefined/unknown
	Isolation level: REPEATABLE_READ [default REPEATABLE_READ]
	JDBC fetch size: none
	Pool: DataSourceConnectionProvider
	Minimum pool size: undefined/unknown
	Maximum pool size: undefined/unknown
2026-09-18 09:43:25 INFO  [hibernate.orm.core] - HHH000489: No JTA platform available (set 'hibernate.transaction.jta.platform' to enable JTA platform integration)
2026-09-18 09:43:25 INFO  [orm.jpa.LocalContainerEntityManagerFactoryBean] - Initialized JPA EntityManagerFactory for persistence unit 'default'
2026-09-18 09:43:26 INFO  [repository.query.QueryEnhancerFactories] - Hibernate is in classpath; If applicable, HQL parser will be used.
2026-09-18 09:43:26 WARN  [jpa.autoconfigure.JpaBaseConfiguration$JpaWebConfiguration] - spring.jpa.open-in-view is enabled by default. Therefore, database queries may be performed during view rendering. Explicitly configure spring.jpa.open-in-view to disable this warning
2026-09-18 09:43:26 INFO  [authentication.configuration.InitializeUserDetailsBeanManagerConfigurer$InitializeUserDetailsManagerConfigurer] - Global AuthenticationManager configured with UserDetailsService bean with name memberDetailsService
2026-09-18 09:43:26 INFO  [coyote.http11.Http11NioProtocol] - Starting ProtocolHandler ["http-nio-8091"]
2026-09-18 09:43:26 INFO  [boot.tomcat.TomcatWebServer] - Tomcat started on port 8091 (http) with context path '/'
2026-09-18 09:45:04 INFO  [boot.tomcat.GracefulShutdown] - Commencing graceful shutdown. Waiting for active requests to complete
2026-09-18 09:45:04 INFO  [boot.tomcat.GracefulShutdown] - Graceful shutdown complete
2026-09-18 09:45:04 INFO  [orm.jpa.LocalContainerEntityManagerFactoryBean] - Closing JPA EntityManagerFactory for persistence unit 'default'
2026-09-18 09:45:04 INFO  [zaxxer.hikari.HikariDataSource] - HikariPool-1 - Shutdown initiated...
2026-09-18 09:45:04 INFO  [zaxxer.hikari.HikariDataSource] - HikariPool-1 - Shutdown completed.
2026-09-18 10:03:04 INFO  [devtools.env.DevToolsPropertyDefaultsPostProcessor] - Devtools property defaults active! Set 'spring.devtools.add-properties' to 'false' to disable
2026-09-18 10:03:04 INFO  [devtools.env.DevToolsPropertyDefaultsPostProcessor] - For additional web related logging consider setting the 'logging.level.web' property to 'DEBUG'
2026-09-18 10:03:05 INFO  [repository.config.RepositoryConfigurationDelegate] - Bootstrapping Spring Data JPA repositories in DEFAULT mode.
2026-09-18 10:03:05 INFO  [repository.config.RepositoryConfigurationDelegate] - Finished Spring Data repository scanning in 34 ms. Found 2 JPA repository interfaces.
2026-09-18 10:03:05 INFO  [boot.tomcat.TomcatWebServer] - Tomcat initialized with port 8091 (http)
2026-09-18 10:03:05 INFO  [coyote.http11.Http11NioProtocol] - Initializing ProtocolHandler ["http-nio-8091"]
2026-09-18 10:03:05 INFO  [catalina.core.StandardService] - Starting service [Tomcat]
2026-09-18 10:03:05 INFO  [catalina.core.StandardEngine] - Starting Servlet engine: [Apache Tomcat/11.0.24]
2026-09-18 10:03:06 INFO  [context.servlet.WebApplicationContextInitializer] - Root WebApplicationContext: initialization completed in 1244 ms
2026-09-18 10:03:06 INFO  [hibernate.orm.jpa] - HHH008540: Processing PersistenceUnitInfo [name: default]
2026-09-18 10:03:06 INFO  [hibernate.orm.core] - HHH000001: Hibernate ORM core version 7.4.5.Final
2026-09-18 10:03:06 INFO  [jpa.persistenceunit.SpringPersistenceUnitInfo] - No LoadTimeWeaver setup: ignoring JPA class transformer
2026-09-18 10:03:06 INFO  [zaxxer.hikari.HikariDataSource] - HikariPool-1 - Starting...
2026-09-18 10:03:06 INFO  [hikari.pool.HikariPool] - HikariPool-1 - Added connection com.mysql.cj.jdbc.ConnectionImpl@6192c837
2026-09-18 10:03:06 INFO  [zaxxer.hikari.HikariDataSource] - HikariPool-1 - Start completed.
2026-09-18 10:03:07 WARN  [hibernate.orm.deprecation] - HHH90000025: MySQLDialect does not need to be specified explicitly using 'hibernate.dialect' (remove the property setting and it will be selected by default)
2026-09-18 10:03:07 INFO  [orm.connections.pooling] - HHH10001005: Database info:
	Database JDBC URL [jdbc:mysql://localhost:3306/DB_CALENDAR]
	Database driver: MySQL Connector/J
	Database dialect: MySQLDialect
	Database version: 8.0.46
	Default catalog/schema: DB_CALENDAR/undefined
	Autocommit mode: undefined/unknown
	Isolation level: REPEATABLE_READ [default REPEATABLE_READ]
	JDBC fetch size: none
	Pool: DataSourceConnectionProvider
	Minimum pool size: undefined/unknown
	Maximum pool size: undefined/unknown
2026-09-18 10:03:07 INFO  [hibernate.orm.core] - HHH000489: No JTA platform available (set 'hibernate.transaction.jta.platform' to enable JTA platform integration)
2026-09-18 10:03:08 INFO  [orm.jpa.LocalContainerEntityManagerFactoryBean] - Initialized JPA EntityManagerFactory for persistence unit 'default'
2026-09-18 10:03:08 INFO  [repository.query.QueryEnhancerFactories] - Hibernate is in classpath; If applicable, HQL parser will be used.
2026-09-18 10:03:08 WARN  [jpa.autoconfigure.JpaBaseConfiguration$JpaWebConfiguration] - spring.jpa.open-in-view is enabled by default. Therefore, database queries may be performed during view rendering. Explicitly configure spring.jpa.open-in-view to disable this warning
2026-09-18 10:03:08 INFO  [authentication.configuration.InitializeUserDetailsBeanManagerConfigurer$InitializeUserDetailsManagerConfigurer] - Global AuthenticationManager configured with UserDetailsService bean with name memberDetailsService
2026-09-18 10:03:09 INFO  [coyote.http11.Http11NioProtocol] - Starting ProtocolHandler ["http-nio-8091"]
2026-09-18 10:03:09 INFO  [boot.tomcat.TomcatWebServer] - Tomcat started on port 8091 (http) with context path '/'
2026-09-18 10:03:13 INFO  [[Tomcat].[localhost].[/]] - Initializing Spring DispatcherServlet 'dispatcherServlet'
2026-09-18 10:03:13 INFO  [web.servlet.DispatcherServlet] - Initializing Servlet 'dispatcherServlet'
2026-09-18 10:03:13 INFO  [web.servlet.DispatcherServlet] - Completed initialization in 1 ms
2026-09-18 10:06:21 INFO  [devtools.autoconfigure.LocalDevToolsAutoConfiguration$RestartingClassPathChangeChangedEventListener] - Restarting due to 10 class path changes (0 additions, 0 deletions, 10 modifications)
2026-09-18 10:06:21 INFO  [boot.tomcat.GracefulShutdown] - Commencing graceful shutdown. Waiting for active requests to complete
2026-09-18 10:06:21 INFO  [coyote.http11.Http11NioProtocol] - Pausing ProtocolHandler ["http-nio-8091"]
2026-09-18 10:06:21 INFO  [boot.tomcat.GracefulShutdown] - Graceful shutdown complete
2026-09-18 10:06:21 INFO  [coyote.http11.Http11NioProtocol] - Stopping ProtocolHandler ["http-nio-8091"]
2026-09-18 10:06:21 INFO  [orm.jpa.LocalContainerEntityManagerFactoryBean] - Closing JPA EntityManagerFactory for persistence unit 'default'
2026-09-18 10:06:21 INFO  [zaxxer.hikari.HikariDataSource] - HikariPool-1 - Shutdown initiated...
2026-09-18 10:06:21 INFO  [zaxxer.hikari.HikariDataSource] - HikariPool-1 - Shutdown completed.
2026-09-18 10:06:21 INFO  [repository.config.RepositoryConfigurationDelegate] - Bootstrapping Spring Data JPA repositories in DEFAULT mode.
2026-09-18 10:06:21 INFO  [repository.config.RepositoryConfigurationDelegate] - Finished Spring Data repository scanning in 11 ms. Found 2 JPA repository interfaces.
2026-09-18 10:06:21 INFO  [boot.tomcat.TomcatWebServer] - Tomcat initialized with port 8091 (http)
2026-09-18 10:06:21 INFO  [coyote.http11.Http11NioProtocol] - Initializing ProtocolHandler ["http-nio-8091"]
2026-09-18 10:06:21 INFO  [catalina.core.StandardService] - Starting service [Tomcat]
2026-09-18 10:06:21 INFO  [catalina.core.StandardEngine] - Starting Servlet engine: [Apache Tomcat/11.0.24]
2026-09-18 10:06:21 INFO  [context.servlet.WebApplicationContextInitializer] - Root WebApplicationContext: initialization completed in 330 ms
2026-09-18 10:06:21 INFO  [hibernate.orm.jpa] - HHH008540: Processing PersistenceUnitInfo [name: default]
2026-09-18 10:06:21 INFO  [jpa.persistenceunit.SpringPersistenceUnitInfo] - No LoadTimeWeaver setup: ignoring JPA class transformer
2026-09-18 10:06:21 INFO  [zaxxer.hikari.HikariDataSource] - HikariPool-2 - Starting...
2026-09-18 10:06:21 INFO  [hikari.pool.HikariPool] - HikariPool-2 - Added connection com.mysql.cj.jdbc.ConnectionImpl@4461101a
2026-09-18 10:06:21 INFO  [zaxxer.hikari.HikariDataSource] - HikariPool-2 - Start completed.
2026-09-18 10:06:21 WARN  [hibernate.orm.deprecation] - HHH90000025: MySQLDialect does not need to be specified explicitly using 'hibernate.dialect' (remove the property setting and it will be selected by default)
2026-09-18 10:06:21 INFO  [orm.connections.pooling] - HHH10001005: Database info:
	Database JDBC URL [jdbc:mysql://localhost:3306/DB_CALENDAR]
	Database driver: MySQL Connector/J
	Database dialect: MySQLDialect
	Database version: 8.0.46
	Default catalog/schema: DB_CALENDAR/undefined
	Autocommit mode: undefined/unknown
	Isolation level: REPEATABLE_READ [default REPEATABLE_READ]
	JDBC fetch size: none
	Pool: DataSourceConnectionProvider
	Minimum pool size: undefined/unknown
	Maximum pool size: undefined/unknown
2026-09-18 10:06:22 INFO  [hibernate.orm.core] - HHH000489: No JTA platform available (set 'hibernate.transaction.jta.platform' to enable JTA platform integration)
2026-09-18 10:06:22 INFO  [orm.jpa.LocalContainerEntityManagerFactoryBean] - Initialized JPA EntityManagerFactory for persistence unit 'default'
2026-09-18 10:06:22 WARN  [jpa.autoconfigure.JpaBaseConfiguration$JpaWebConfiguration] - spring.jpa.open-in-view is enabled by default. Therefore, database queries may be performed during view rendering. Explicitly configure spring.jpa.open-in-view to disable this warning
2026-09-18 10:06:22 INFO  [authentication.configuration.InitializeUserDetailsBeanManagerConfigurer$InitializeUserDetailsManagerConfigurer] - Global AuthenticationManager configured with UserDetailsService bean with name memberDetailsService
2026-09-18 10:06:22 INFO  [coyote.http11.Http11NioProtocol] - Starting ProtocolHandler ["http-nio-8091"]
2026-09-18 10:06:22 INFO  [boot.tomcat.TomcatWebServer] - Tomcat started on port 8091 (http) with context path '/'
2026-09-18 10:06:22 INFO  [devtools.autoconfigure.ConditionEvaluationDeltaLoggingListener] - Condition evaluation unchanged
2026-09-18 10:09:53 INFO  [[Tomcat].[localhost].[/]] - Initializing Spring DispatcherServlet 'dispatcherServlet'
2026-09-18 10:09:53 INFO  [web.servlet.DispatcherServlet] - Initializing Servlet 'dispatcherServlet'
2026-09-18 10:09:53 INFO  [web.servlet.DispatcherServlet] - Completed initialization in 1 ms
2026-09-18 10:12:53 INFO  [boot.tomcat.GracefulShutdown] - Commencing graceful shutdown. Waiting for active requests to complete
2026-09-18 10:12:53 INFO  [boot.tomcat.GracefulShutdown] - Graceful shutdown complete
2026-09-18 10:12:53 INFO  [orm.jpa.LocalContainerEntityManagerFactoryBean] - Closing JPA EntityManagerFactory for persistence unit 'default'
2026-09-18 10:12:53 INFO  [zaxxer.hikari.HikariDataSource] - HikariPool-2 - Shutdown initiated...
2026-09-18 10:12:53 INFO  [zaxxer.hikari.HikariDataSource] - HikariPool-2 - Shutdown completed.
2026-09-18 10:13:26 INFO  [devtools.env.DevToolsPropertyDefaultsPostProcessor] - Devtools property defaults active! Set 'spring.devtools.add-properties' to 'false' to disable
2026-09-18 10:13:26 INFO  [devtools.env.DevToolsPropertyDefaultsPostProcessor] - For additional web related logging consider setting the 'logging.level.web' property to 'DEBUG'
2026-09-18 10:13:27 INFO  [repository.config.RepositoryConfigurationDelegate] - Bootstrapping Spring Data JPA repositories in DEFAULT mode.
2026-09-18 10:13:27 INFO  [repository.config.RepositoryConfigurationDelegate] - Finished Spring Data repository scanning in 35 ms. Found 2 JPA repository interfaces.
2026-09-18 10:13:27 INFO  [boot.tomcat.TomcatWebServer] - Tomcat initialized with port 8091 (http)
2026-09-18 10:13:27 INFO  [coyote.http11.Http11NioProtocol] - Initializing ProtocolHandler ["http-nio-8091"]
2026-09-18 10:13:27 INFO  [catalina.core.StandardService] - Starting service [Tomcat]
2026-09-18 10:13:27 INFO  [catalina.core.StandardEngine] - Starting Servlet engine: [Apache Tomcat/11.0.24]
2026-09-18 10:13:27 INFO  [context.servlet.WebApplicationContextInitializer] - Root WebApplicationContext: initialization completed in 1273 ms
2026-09-18 10:13:28 INFO  [hibernate.orm.jpa] - HHH008540: Processing PersistenceUnitInfo [name: default]
2026-09-18 10:13:28 INFO  [hibernate.orm.core] - HHH000001: Hibernate ORM core version 7.4.5.Final
2026-09-18 10:13:28 INFO  [jpa.persistenceunit.SpringPersistenceUnitInfo] - No LoadTimeWeaver setup: ignoring JPA class transformer
2026-09-18 10:13:28 INFO  [zaxxer.hikari.HikariDataSource] - HikariPool-1 - Starting...
2026-09-18 10:13:28 INFO  [hikari.pool.HikariPool] - HikariPool-1 - Added connection com.mysql.cj.jdbc.ConnectionImpl@6e3e5ad4
2026-09-18 10:13:28 INFO  [zaxxer.hikari.HikariDataSource] - HikariPool-1 - Start completed.
2026-09-18 10:13:29 WARN  [hibernate.orm.deprecation] - HHH90000025: MySQLDialect does not need to be specified explicitly using 'hibernate.dialect' (remove the property setting and it will be selected by default)
2026-09-18 10:13:29 INFO  [orm.connections.pooling] - HHH10001005: Database info:
	Database JDBC URL [jdbc:mysql://localhost:3306/DB_CALENDAR]
	Database driver: MySQL Connector/J
	Database dialect: MySQLDialect
	Database version: 8.0.46
	Default catalog/schema: DB_CALENDAR/undefined
	Autocommit mode: undefined/unknown
	Isolation level: REPEATABLE_READ [default REPEATABLE_READ]
	JDBC fetch size: none
	Pool: DataSourceConnectionProvider
	Minimum pool size: undefined/unknown
	Maximum pool size: undefined/unknown
2026-09-18 10:13:30 INFO  [hibernate.orm.core] - HHH000489: No JTA platform available (set 'hibernate.transaction.jta.platform' to enable JTA platform integration)
2026-09-18 10:13:30 INFO  [orm.jpa.LocalContainerEntityManagerFactoryBean] - Initialized JPA EntityManagerFactory for persistence unit 'default'
2026-09-18 10:13:30 INFO  [repository.query.QueryEnhancerFactories] - Hibernate is in classpath; If applicable, HQL parser will be used.
2026-09-18 10:13:30 WARN  [jpa.autoconfigure.JpaBaseConfiguration$JpaWebConfiguration] - spring.jpa.open-in-view is enabled by default. Therefore, database queries may be performed during view rendering. Explicitly configure spring.jpa.open-in-view to disable this warning
2026-09-18 10:13:30 INFO  [authentication.configuration.InitializeUserDetailsBeanManagerConfigurer$InitializeUserDetailsManagerConfigurer] - Global AuthenticationManager configured with UserDetailsService bean with name memberDetailsService
2026-09-18 10:13:31 INFO  [coyote.http11.Http11NioProtocol] - Starting ProtocolHandler ["http-nio-8091"]
2026-09-18 10:13:31 INFO  [boot.tomcat.TomcatWebServer] - Tomcat started on port 8091 (http) with context path '/'
2026-09-18 10:13:31 INFO  [[Tomcat].[localhost].[/]] - Initializing Spring DispatcherServlet 'dispatcherServlet'
2026-09-18 10:13:31 INFO  [web.servlet.DispatcherServlet] - Initializing Servlet 'dispatcherServlet'
2026-09-18 10:13:31 INFO  [web.servlet.DispatcherServlet] - Completed initialization in 0 ms
2026-09-18 10:14:16 INFO  [boot.tomcat.GracefulShutdown] - Commencing graceful shutdown. Waiting for active requests to complete
2026-09-18 10:14:16 INFO  [boot.tomcat.GracefulShutdown] - Graceful shutdown complete
2026-09-18 10:14:16 INFO  [orm.jpa.LocalContainerEntityManagerFactoryBean] - Closing JPA EntityManagerFactory for persistence unit 'default'
2026-09-18 10:14:16 INFO  [zaxxer.hikari.HikariDataSource] - HikariPool-1 - Shutdown initiated...
2026-09-18 10:14:16 INFO  [zaxxer.hikari.HikariDataSource] - HikariPool-1 - Shutdown completed.
2026-09-18 10:14:20 INFO  [devtools.env.DevToolsPropertyDefaultsPostProcessor] - Devtools property defaults active! Set 'spring.devtools.add-properties' to 'false' to disable
2026-09-18 10:14:20 INFO  [devtools.env.DevToolsPropertyDefaultsPostProcessor] - For additional web related logging consider setting the 'logging.level.web' property to 'DEBUG'
2026-09-18 10:14:20 INFO  [repository.config.RepositoryConfigurationDelegate] - Bootstrapping Spring Data JPA repositories in DEFAULT mode.
2026-09-18 10:14:20 INFO  [repository.config.RepositoryConfigurationDelegate] - Finished Spring Data repository scanning in 37 ms. Found 2 JPA repository interfaces.
2026-09-18 10:14:21 INFO  [boot.tomcat.TomcatWebServer] - Tomcat initialized with port 8091 (http)
2026-09-18 10:14:21 INFO  [coyote.http11.Http11NioProtocol] - Initializing ProtocolHandler ["http-nio-8091"]
2026-09-18 10:14:21 INFO  [catalina.core.StandardService] - Starting service [Tomcat]
2026-09-18 10:14:21 INFO  [catalina.core.StandardEngine] - Starting Servlet engine: [Apache Tomcat/11.0.24]
2026-09-18 10:14:21 INFO  [context.servlet.WebApplicationContextInitializer] - Root WebApplicationContext: initialization completed in 1327 ms
2026-09-18 10:14:21 INFO  [hibernate.orm.jpa] - HHH008540: Processing PersistenceUnitInfo [name: default]
2026-09-18 10:14:21 INFO  [hibernate.orm.core] - HHH000001: Hibernate ORM core version 7.4.5.Final
2026-09-18 10:14:22 INFO  [jpa.persistenceunit.SpringPersistenceUnitInfo] - No LoadTimeWeaver setup: ignoring JPA class transformer
2026-09-18 10:14:22 INFO  [zaxxer.hikari.HikariDataSource] - HikariPool-1 - Starting...
2026-09-18 10:14:22 INFO  [hikari.pool.HikariPool] - HikariPool-1 - Added connection com.mysql.cj.jdbc.ConnectionImpl@4e5e80ee
2026-09-18 10:14:22 INFO  [zaxxer.hikari.HikariDataSource] - HikariPool-1 - Start completed.
2026-09-18 10:14:22 WARN  [hibernate.orm.deprecation] - HHH90000025: MySQLDialect does not need to be specified explicitly using 'hibernate.dialect' (remove the property setting and it will be selected by default)
2026-09-18 10:14:22 INFO  [orm.connections.pooling] - HHH10001005: Database info:
	Database JDBC URL [jdbc:mysql://localhost:3306/DB_CALENDAR]
	Database driver: MySQL Connector/J
	Database dialect: MySQLDialect
	Database version: 8.0.46
	Default catalog/schema: DB_CALENDAR/undefined
	Autocommit mode: undefined/unknown
	Isolation level: REPEATABLE_READ [default REPEATABLE_READ]
	JDBC fetch size: none
	Pool: DataSourceConnectionProvider
	Minimum pool size: undefined/unknown
	Maximum pool size: undefined/unknown
2026-09-18 10:14:23 INFO  [hibernate.orm.core] - HHH000489: No JTA platform available (set 'hibernate.transaction.jta.platform' to enable JTA platform integration)
2026-09-18 10:14:23 INFO  [orm.jpa.LocalContainerEntityManagerFactoryBean] - Initialized JPA EntityManagerFactory for persistence unit 'default'
2026-09-18 10:14:23 INFO  [repository.query.QueryEnhancerFactories] - Hibernate is in classpath; If applicable, HQL parser will be used.
2026-09-18 10:14:23 WARN  [jpa.autoconfigure.JpaBaseConfiguration$JpaWebConfiguration] - spring.jpa.open-in-view is enabled by default. Therefore, database queries may be performed during view rendering. Explicitly configure spring.jpa.open-in-view to disable this warning
2026-09-18 10:14:23 INFO  [authentication.configuration.InitializeUserDetailsBeanManagerConfigurer$InitializeUserDetailsManagerConfigurer] - Global AuthenticationManager configured with UserDetailsService bean with name memberDetailsService
2026-09-18 10:14:24 INFO  [coyote.http11.Http11NioProtocol] - Starting ProtocolHandler ["http-nio-8091"]
2026-09-18 10:14:24 INFO  [boot.tomcat.TomcatWebServer] - Tomcat started on port 8091 (http) with context path '/'
2026-09-18 10:14:33 INFO  [[Tomcat].[localhost].[/]] - Initializing Spring DispatcherServlet 'dispatcherServlet'
2026-09-18 10:14:33 INFO  [web.servlet.DispatcherServlet] - Initializing Servlet 'dispatcherServlet'
2026-09-18 10:14:33 INFO  [web.servlet.DispatcherServlet] - Completed initialization in 0 ms
2026-09-18 10:16:56 INFO  [boot.tomcat.GracefulShutdown] - Commencing graceful shutdown. Waiting for active requests to complete
2026-09-18 10:16:56 INFO  [boot.tomcat.GracefulShutdown] - Graceful shutdown complete
2026-09-18 10:16:56 INFO  [orm.jpa.LocalContainerEntityManagerFactoryBean] - Closing JPA EntityManagerFactory for persistence unit 'default'
2026-09-18 10:16:56 INFO  [zaxxer.hikari.HikariDataSource] - HikariPool-1 - Shutdown initiated...
2026-09-18 10:16:56 INFO  [zaxxer.hikari.HikariDataSource] - HikariPool-1 - Shutdown completed.
2026-09-18 10:18:37 INFO  [devtools.env.DevToolsPropertyDefaultsPostProcessor] - Devtools property defaults active! Set 'spring.devtools.add-properties' to 'false' to disable
2026-09-18 10:18:37 INFO  [devtools.env.DevToolsPropertyDefaultsPostProcessor] - For additional web related logging consider setting the 'logging.level.web' property to 'DEBUG'
2026-09-18 10:18:38 INFO  [repository.config.RepositoryConfigurationDelegate] - Bootstrapping Spring Data JPA repositories in DEFAULT mode.
2026-09-18 10:18:38 INFO  [repository.config.RepositoryConfigurationDelegate] - Finished Spring Data repository scanning in 34 ms. Found 2 JPA repository interfaces.
2026-09-18 10:18:39 INFO  [boot.tomcat.TomcatWebServer] - Tomcat initialized with port 8091 (http)
2026-09-18 10:18:39 INFO  [coyote.http11.Http11NioProtocol] - Initializing ProtocolHandler ["http-nio-8091"]
2026-09-18 10:18:39 INFO  [catalina.core.StandardService] - Starting service [Tomcat]
2026-09-18 10:18:39 INFO  [catalina.core.StandardEngine] - Starting Servlet engine: [Apache Tomcat/11.0.24]
2026-09-18 10:18:39 INFO  [context.servlet.WebApplicationContextInitializer] - Root WebApplicationContext: initialization completed in 1252 ms
2026-09-18 10:18:39 INFO  [hibernate.orm.jpa] - HHH008540: Processing PersistenceUnitInfo [name: default]
2026-09-18 10:18:39 INFO  [hibernate.orm.core] - HHH000001: Hibernate ORM core version 7.4.5.Final
2026-09-18 10:18:39 INFO  [jpa.persistenceunit.SpringPersistenceUnitInfo] - No LoadTimeWeaver setup: ignoring JPA class transformer
2026-09-18 10:18:39 INFO  [zaxxer.hikari.HikariDataSource] - HikariPool-1 - Starting...
2026-09-18 10:18:40 INFO  [hikari.pool.HikariPool] - HikariPool-1 - Added connection com.mysql.cj.jdbc.ConnectionImpl@475ce88b
2026-09-18 10:18:40 INFO  [zaxxer.hikari.HikariDataSource] - HikariPool-1 - Start completed.
2026-09-18 10:18:40 WARN  [hibernate.orm.deprecation] - HHH90000025: MySQLDialect does not need to be specified explicitly using 'hibernate.dialect' (remove the property setting and it will be selected by default)
2026-09-18 10:18:40 INFO  [orm.connections.pooling] - HHH10001005: Database info:
	Database JDBC URL [jdbc:mysql://localhost:3306/DB_CALENDAR]
	Database driver: MySQL Connector/J
	Database dialect: MySQLDialect
	Database version: 8.0.46
	Default catalog/schema: DB_CALENDAR/undefined
	Autocommit mode: undefined/unknown
	Isolation level: REPEATABLE_READ [default REPEATABLE_READ]
	JDBC fetch size: none
	Pool: DataSourceConnectionProvider
	Minimum pool size: undefined/unknown
	Maximum pool size: undefined/unknown
2026-09-18 10:18:41 INFO  [hibernate.orm.core] - HHH000489: No JTA platform available (set 'hibernate.transaction.jta.platform' to enable JTA platform integration)
2026-09-18 10:18:41 INFO  [orm.jpa.LocalContainerEntityManagerFactoryBean] - Initialized JPA EntityManagerFactory for persistence unit 'default'
2026-09-18 10:18:41 INFO  [repository.query.QueryEnhancerFactories] - Hibernate is in classpath; If applicable, HQL parser will be used.
2026-09-18 10:18:41 WARN  [jpa.autoconfigure.JpaBaseConfiguration$JpaWebConfiguration] - spring.jpa.open-in-view is enabled by default. Therefore, database queries may be performed during view rendering. Explicitly configure spring.jpa.open-in-view to disable this warning
2026-09-18 10:18:41 INFO  [authentication.configuration.InitializeUserDetailsBeanManagerConfigurer$InitializeUserDetailsManagerConfigurer] - Global AuthenticationManager configured with UserDetailsService bean with name memberDetailsService
2026-09-18 10:18:42 INFO  [coyote.http11.Http11NioProtocol] - Starting ProtocolHandler ["http-nio-8091"]
2026-09-18 10:18:42 INFO  [boot.tomcat.TomcatWebServer] - Tomcat started on port 8091 (http) with context path '/'
2026-09-18 10:18:44 INFO  [[Tomcat].[localhost].[/]] - Initializing Spring DispatcherServlet 'dispatcherServlet'
2026-09-18 10:18:44 INFO  [web.servlet.DispatcherServlet] - Initializing Servlet 'dispatcherServlet'
2026-09-18 10:18:44 INFO  [web.servlet.DispatcherServlet] - Completed initialization in 1 ms
2026-09-18 10:18:53 ERROR [web.authentication.UsernamePasswordAuthenticationFilter] - An internal error occurred while trying to authenticate the user.
org.springframework.security.authentication.InternalAuthenticationServiceException: UserDetailsService returned null, which is an interface contract violation
	at org.springframework.security.authentication.dao.DaoAuthenticationProvider.retrieveUser(DaoAuthenticationProvider.java:108)
	at org.springframework.security.authentication.dao.AbstractUserDetailsAuthenticationProvider.authenticate(AbstractUserDetailsAuthenticationProvider.java:145)
	at org.springframework.security.authentication.ProviderManager.authenticate(ProviderManager.java:183)
	at org.springframework.security.authentication.ProviderManager.authenticate(ProviderManager.java:215)
	at org.springframework.security.web.authentication.UsernamePasswordAuthenticationFilter.attemptAuthentication(UsernamePasswordAuthenticationFilter.java:87)
	at org.springframework.security.web.authentication.AbstractAuthenticationProcessingFilter.doFilter(AbstractAuthenticationProcessingFilter.java:249)
	at org.springframework.security.web.authentication.AbstractAuthenticationProcessingFilter.doFilter(AbstractAuthenticationProcessingFilter.java:239)
	at org.springframework.security.web.FilterChainProxy$VirtualFilterChain.doFilter(FilterChainProxy.java:385)
	at org.springframework.security.web.authentication.logout.LogoutFilter.doFilter(LogoutFilter.java:110)
	at org.springframework.security.web.authentication.logout.LogoutFilter.doFilter(LogoutFilter.java:96)
	at org.springframework.security.web.FilterChainProxy$VirtualFilterChain.doFilter(FilterChainProxy.java:385)
	at org.springframework.security.web.header.HeaderWriterFilter.doHeadersAfter(HeaderWriterFilter.java:90)
	at org.springframework.security.web.header.HeaderWriterFilter.doFilterInternal(HeaderWriterFilter.java:75)
	at org.springframework.web.filter.OncePerRequestFilter.doFilter(OncePerRequestFilter.java:116)
	at org.springframework.security.web.FilterChainProxy$VirtualFilterChain.doFilter(FilterChainProxy.java:385)
	at org.springframework.security.web.context.SecurityContextHolderFilter.doFilter(SecurityContextHolderFilter.java:82)
	at org.springframework.security.web.context.SecurityContextHolderFilter.doFilter(SecurityContextHolderFilter.java:69)
	at org.springframework.security.web.FilterChainProxy$VirtualFilterChain.doFilter(FilterChainProxy.java:385)
	at org.springframework.security.web.context.request.async.WebAsyncManagerIntegrationFilter.doFilterInternal(WebAsyncManagerIntegrationFilter.java:62)
	at org.springframework.web.filter.OncePerRequestFilter.doFilter(OncePerRequestFilter.java:116)
	at org.springframework.security.web.FilterChainProxy$VirtualFilterChain.doFilter(FilterChainProxy.java:385)
	at org.springframework.security.web.session.DisableEncodeUrlFilter.doFilterInternal(DisableEncodeUrlFilter.java:42)
	at org.springframework.web.filter.OncePerRequestFilter.doFilter(OncePerRequestFilter.java:116)
	at org.springframework.security.web.FilterChainProxy$VirtualFilterChain.doFilter(FilterChainProxy.java:385)
	at org.springframework.security.web.FilterChainProxy.doFilterInternal(FilterChainProxy.java:237)
	at org.springframework.security.web.FilterChainProxy.doFilter(FilterChainProxy.java:195)
	at org.springframework.web.filter.CompositeFilter$VirtualFilterChain.doFilter(CompositeFilter.java:113)
	at org.springframework.web.filter.ServletRequestPathFilter.doFilter(ServletRequestPathFilter.java:52)
	at org.springframework.web.filter.CompositeFilter$VirtualFilterChain.doFilter(CompositeFilter.java:113)
	at org.springframework.web.filter.CompositeFilter.doFilter(CompositeFilter.java:74)
	at org.springframework.security.config.annotation.web.configuration.WebSecurityConfiguration$CompositeFilterChainProxy.doFilter(WebSecurityConfiguration.java:317)
	at org.springframework.web.filter.DelegatingFilterProxy.invokeDelegate(DelegatingFilterProxy.java:355)
	at org.springframework.web.filter.DelegatingFilterProxy.doFilter(DelegatingFilterProxy.java:272)
	at org.apache.catalina.core.ApplicationFilterChain.doFilter(ApplicationFilterChain.java:111)
	at org.springframework.web.filter.RequestContextFilter.doFilterInternal(RequestContextFilter.java:100)
	at org.springframework.web.filter.OncePerRequestFilter.doFilter(OncePerRequestFilter.java:116)
	at org.apache.catalina.core.ApplicationFilterChain.doFilter(ApplicationFilterChain.java:111)
	at org.springframework.web.filter.FormContentFilter.doFilterInternal(FormContentFilter.java:93)
	at org.springframework.web.filter.OncePerRequestFilter.doFilter(OncePerRequestFilter.java:116)
	at org.apache.catalina.core.ApplicationFilterChain.doFilter(ApplicationFilterChain.java:111)
	at org.springframework.web.filter.CharacterEncodingFilter.doFilterInternal(CharacterEncodingFilter.java:199)
	at org.springframework.web.filter.OncePerRequestFilter.doFilter(OncePerRequestFilter.java:116)
	at org.apache.catalina.core.ApplicationFilterChain.doFilter(ApplicationFilterChain.java:111)
	at org.apache.catalina.core.StandardWrapperValve.invoke(StandardWrapperValve.java:165)
	at org.apache.catalina.core.StandardContextValve.invoke(StandardContextValve.java:77)
	at org.apache.catalina.authenticator.AuthenticatorBase.invoke(AuthenticatorBase.java:535)
	at org.apache.catalina.core.StandardHostValve.invoke(StandardHostValve.java:115)
	at org.apache.catalina.valves.ErrorReportValve.invoke(ErrorReportValve.java:86)
	at org.apache.catalina.core.StandardEngineValve.invoke(StandardEngineValve.java:71)
	at org.apache.catalina.connector.CoyoteAdapter.service(CoyoteAdapter.java:347)
	at org.apache.coyote.http11.Http11Processor.service(Http11Processor.java:406)
	at org.apache.coyote.AbstractProcessorLight.process(AbstractProcessorLight.java:71)
	at org.apache.coyote.AbstractProtocol$ConnectionHandler.process(AbstractProtocol.java:1307)
	at org.apache.tomcat.util.net.NioEndpoint$SocketProcessor.doRun(NioEndpoint.java:2036)
	at org.apache.tomcat.util.net.SocketProcessorBase.run(SocketProcessorBase.java:74)
	at org.apache.tomcat.util.threads.ThreadPoolExecutor.runWorker(ThreadPoolExecutor.java:949)
	at org.apache.tomcat.util.threads.ThreadPoolExecutor$Worker.run(ThreadPoolExecutor.java:483)
	at org.apache.tomcat.util.threads.TaskThread$WrappingRunnable.run(TaskThread.java:74)
	at java.base/java.lang.Thread.run(Thread.java:842)
2026-09-18 10:19:06 ERROR [web.authentication.UsernamePasswordAuthenticationFilter] - An internal error occurred while trying to authenticate the user.
org.springframework.security.authentication.InternalAuthenticationServiceException: UserDetailsService returned null, which is an interface contract violation
	at org.springframework.security.authentication.dao.DaoAuthenticationProvider.retrieveUser(DaoAuthenticationProvider.java:108)
	at org.springframework.security.authentication.dao.AbstractUserDetailsAuthenticationProvider.authenticate(AbstractUserDetailsAuthenticationProvider.java:145)
	at org.springframework.security.authentication.ProviderManager.authenticate(ProviderManager.java:183)
	at org.springframework.security.authentication.ProviderManager.authenticate(ProviderManager.java:215)
	at org.springframework.security.web.authentication.UsernamePasswordAuthenticationFilter.attemptAuthentication(UsernamePasswordAuthenticationFilter.java:87)
	at org.springframework.security.web.authentication.AbstractAuthenticationProcessingFilter.doFilter(AbstractAuthenticationProcessingFilter.java:249)
	at org.springframework.security.web.authentication.AbstractAuthenticationProcessingFilter.doFilter(AbstractAuthenticationProcessingFilter.java:239)
	at org.springframework.security.web.FilterChainProxy$VirtualFilterChain.doFilter(FilterChainProxy.java:385)
	at org.springframework.security.web.authentication.logout.LogoutFilter.doFilter(LogoutFilter.java:110)
	at org.springframework.security.web.authentication.logout.LogoutFilter.doFilter(LogoutFilter.java:96)
	at org.springframework.security.web.FilterChainProxy$VirtualFilterChain.doFilter(FilterChainProxy.java:385)
	at org.springframework.security.web.header.HeaderWriterFilter.doHeadersAfter(HeaderWriterFilter.java:90)
	at org.springframework.security.web.header.HeaderWriterFilter.doFilterInternal(HeaderWriterFilter.java:75)
	at org.springframework.web.filter.OncePerRequestFilter.doFilter(OncePerRequestFilter.java:116)
	at org.springframework.security.web.FilterChainProxy$VirtualFilterChain.doFilter(FilterChainProxy.java:385)
	at org.springframework.security.web.context.SecurityContextHolderFilter.doFilter(SecurityContextHolderFilter.java:82)
	at org.springframework.security.web.context.SecurityContextHolderFilter.doFilter(SecurityContextHolderFilter.java:69)
	at org.springframework.security.web.FilterChainProxy$VirtualFilterChain.doFilter(FilterChainProxy.java:385)
	at org.springframework.security.web.context.request.async.WebAsyncManagerIntegrationFilter.doFilterInternal(WebAsyncManagerIntegrationFilter.java:62)
	at org.springframework.web.filter.OncePerRequestFilter.doFilter(OncePerRequestFilter.java:116)
	at org.springframework.security.web.FilterChainProxy$VirtualFilterChain.doFilter(FilterChainProxy.java:385)
	at org.springframework.security.web.session.DisableEncodeUrlFilter.doFilterInternal(DisableEncodeUrlFilter.java:42)
	at org.springframework.web.filter.OncePerRequestFilter.doFilter(OncePerRequestFilter.java:116)
	at org.springframework.security.web.FilterChainProxy$VirtualFilterChain.doFilter(FilterChainProxy.java:385)
	at org.springframework.security.web.FilterChainProxy.doFilterInternal(FilterChainProxy.java:237)
	at org.springframework.security.web.FilterChainProxy.doFilter(FilterChainProxy.java:195)
	at org.springframework.web.filter.CompositeFilter$VirtualFilterChain.doFilter(CompositeFilter.java:113)
	at org.springframework.web.filter.ServletRequestPathFilter.doFilter(ServletRequestPathFilter.java:52)
	at org.springframework.web.filter.CompositeFilter$VirtualFilterChain.doFilter(CompositeFilter.java:113)
	at org.springframework.web.filter.CompositeFilter.doFilter(CompositeFilter.java:74)
	at org.springframework.security.config.annotation.web.configuration.WebSecurityConfiguration$CompositeFilterChainProxy.doFilter(WebSecurityConfiguration.java:317)
	at org.springframework.web.filter.DelegatingFilterProxy.invokeDelegate(DelegatingFilterProxy.java:355)
	at org.springframework.web.filter.DelegatingFilterProxy.doFilter(DelegatingFilterProxy.java:272)
	at org.apache.catalina.core.ApplicationFilterChain.doFilter(ApplicationFilterChain.java:111)
	at org.springframework.web.filter.RequestContextFilter.doFilterInternal(RequestContextFilter.java:100)
	at org.springframework.web.filter.OncePerRequestFilter.doFilter(OncePerRequestFilter.java:116)
	at org.apache.catalina.core.ApplicationFilterChain.doFilter(ApplicationFilterChain.java:111)
	at org.springframework.web.filter.FormContentFilter.doFilterInternal(FormContentFilter.java:93)
	at org.springframework.web.filter.OncePerRequestFilter.doFilter(OncePerRequestFilter.java:116)
	at org.apache.catalina.core.ApplicationFilterChain.doFilter(ApplicationFilterChain.java:111)
	at org.springframework.web.filter.CharacterEncodingFilter.doFilterInternal(CharacterEncodingFilter.java:199)
	at org.springframework.web.filter.OncePerRequestFilter.doFilter(OncePerRequestFilter.java:116)
	at org.apache.catalina.core.ApplicationFilterChain.doFilter(ApplicationFilterChain.java:111)
	at org.apache.catalina.core.StandardWrapperValve.invoke(StandardWrapperValve.java:165)
	at org.apache.catalina.core.StandardContextValve.invoke(StandardContextValve.java:77)
	at org.apache.catalina.authenticator.AuthenticatorBase.invoke(AuthenticatorBase.java:535)
	at org.apache.catalina.core.StandardHostValve.invoke(StandardHostValve.java:115)
	at org.apache.catalina.valves.ErrorReportValve.invoke(ErrorReportValve.java:86)
	at org.apache.catalina.core.StandardEngineValve.invoke(StandardEngineValve.java:71)
	at org.apache.catalina.connector.CoyoteAdapter.service(CoyoteAdapter.java:347)
	at org.apache.coyote.http11.Http11Processor.service(Http11Processor.java:406)
	at org.apache.coyote.AbstractProcessorLight.process(AbstractProcessorLight.java:71)
	at org.apache.coyote.AbstractProtocol$ConnectionHandler.process(AbstractProtocol.java:1307)
	at org.apache.tomcat.util.net.NioEndpoint$SocketProcessor.doRun(NioEndpoint.java:2036)
	at org.apache.tomcat.util.net.SocketProcessorBase.run(SocketProcessorBase.java:74)
	at org.apache.tomcat.util.threads.ThreadPoolExecutor.runWorker(ThreadPoolExecutor.java:949)
	at org.apache.tomcat.util.threads.ThreadPoolExecutor$Worker.run(ThreadPoolExecutor.java:483)
	at org.apache.tomcat.util.threads.TaskThread$WrappingRunnable.run(TaskThread.java:74)
	at java.base/java.lang.Thread.run(Thread.java:842)
2026-09-18 10:19:34 INFO  [boot.tomcat.GracefulShutdown] - Commencing graceful shutdown. Waiting for active requests to complete
2026-09-18 10:19:34 INFO  [boot.tomcat.GracefulShutdown] - Graceful shutdown complete
2026-09-18 10:19:34 INFO  [orm.jpa.LocalContainerEntityManagerFactoryBean] - Closing JPA EntityManagerFactory for persistence unit 'default'
2026-09-18 10:19:34 INFO  [zaxxer.hikari.HikariDataSource] - HikariPool-1 - Shutdown initiated...
2026-09-18 10:19:34 INFO  [zaxxer.hikari.HikariDataSource] - HikariPool-1 - Shutdown completed.
2026-09-18 11:35:47 INFO  [devtools.env.DevToolsPropertyDefaultsPostProcessor] - Devtools property defaults active! Set 'spring.devtools.add-properties' to 'false' to disable
2026-09-18 11:35:47 INFO  [devtools.env.DevToolsPropertyDefaultsPostProcessor] - For additional web related logging consider setting the 'logging.level.web' property to 'DEBUG'
2026-09-18 11:35:48 INFO  [repository.config.RepositoryConfigurationDelegate] - Bootstrapping Spring Data JPA repositories in DEFAULT mode.
2026-09-18 11:35:48 INFO  [repository.config.RepositoryConfigurationDelegate] - Finished Spring Data repository scanning in 36 ms. Found 2 JPA repository interfaces.
2026-09-18 11:35:48 INFO  [boot.tomcat.TomcatWebServer] - Tomcat initialized with port 8091 (http)
2026-09-18 11:35:48 INFO  [coyote.http11.Http11NioProtocol] - Initializing ProtocolHandler ["http-nio-8091"]
2026-09-18 11:35:48 INFO  [catalina.core.StandardService] - Starting service [Tomcat]
2026-09-18 11:35:48 INFO  [catalina.core.StandardEngine] - Starting Servlet engine: [Apache Tomcat/11.0.24]
2026-09-18 11:35:48 INFO  [context.servlet.WebApplicationContextInitializer] - Root WebApplicationContext: initialization completed in 1244 ms
2026-09-18 11:35:48 INFO  [hibernate.orm.jpa] - HHH008540: Processing PersistenceUnitInfo [name: default]
2026-09-18 11:35:48 INFO  [hibernate.orm.core] - HHH000001: Hibernate ORM core version 7.4.5.Final
2026-09-18 11:35:49 INFO  [jpa.persistenceunit.SpringPersistenceUnitInfo] - No LoadTimeWeaver setup: ignoring JPA class transformer
2026-09-18 11:35:49 INFO  [zaxxer.hikari.HikariDataSource] - HikariPool-1 - Starting...
2026-09-18 11:35:49 INFO  [hikari.pool.HikariPool] - HikariPool-1 - Added connection com.mysql.cj.jdbc.ConnectionImpl@315eb86d
2026-09-18 11:35:49 INFO  [zaxxer.hikari.HikariDataSource] - HikariPool-1 - Start completed.
2026-09-18 11:35:49 WARN  [hibernate.orm.deprecation] - HHH90000025: MySQLDialect does not need to be specified explicitly using 'hibernate.dialect' (remove the property setting and it will be selected by default)
2026-09-18 11:35:49 INFO  [orm.connections.pooling] - HHH10001005: Database info:
	Database JDBC URL [jdbc:mysql://localhost:3306/DB_CALENDAR]
	Database driver: MySQL Connector/J
	Database dialect: MySQLDialect
	Database version: 8.0.46
	Default catalog/schema: DB_CALENDAR/undefined
	Autocommit mode: undefined/unknown
	Isolation level: REPEATABLE_READ [default REPEATABLE_READ]
	JDBC fetch size: none
	Pool: DataSourceConnectionProvider
	Minimum pool size: undefined/unknown
	Maximum pool size: undefined/unknown
2026-09-18 11:35:50 INFO  [hibernate.orm.core] - HHH000489: No JTA platform available (set 'hibernate.transaction.jta.platform' to enable JTA platform integration)
2026-09-18 11:35:50 INFO  [orm.jpa.LocalContainerEntityManagerFactoryBean] - Initialized JPA EntityManagerFactory for persistence unit 'default'
2026-09-18 11:35:50 INFO  [repository.query.QueryEnhancerFactories] - Hibernate is in classpath; If applicable, HQL parser will be used.
2026-09-18 11:35:51 WARN  [jpa.autoconfigure.JpaBaseConfiguration$JpaWebConfiguration] - spring.jpa.open-in-view is enabled by default. Therefore, database queries may be performed during view rendering. Explicitly configure spring.jpa.open-in-view to disable this warning
2026-09-18 11:35:51 INFO  [authentication.configuration.InitializeUserDetailsBeanManagerConfigurer$InitializeUserDetailsManagerConfigurer] - Global AuthenticationManager configured with UserDetailsService bean with name memberDetailsService
2026-09-18 11:35:51 INFO  [coyote.http11.Http11NioProtocol] - Starting ProtocolHandler ["http-nio-8091"]
2026-09-18 11:35:51 INFO  [boot.tomcat.TomcatWebServer] - Tomcat started on port 8091 (http) with context path '/'
2026-09-18 11:36:01 INFO  [[Tomcat].[localhost].[/]] - Initializing Spring DispatcherServlet 'dispatcherServlet'
2026-09-18 11:36:01 INFO  [web.servlet.DispatcherServlet] - Initializing Servlet 'dispatcherServlet'
2026-09-18 11:36:01 INFO  [web.servlet.DispatcherServlet] - Completed initialization in 1 ms
2026-09-18 11:37:18 INFO  [devtools.autoconfigure.LocalDevToolsAutoConfiguration$RestartingClassPathChangeChangedEventListener] - Restarting due to 1 class path change (1 addition, 0 deletions, 0 modifications)
2026-09-18 11:37:18 INFO  [boot.tomcat.GracefulShutdown] - Commencing graceful shutdown. Waiting for active requests to complete
2026-09-18 11:37:18 INFO  [coyote.http11.Http11NioProtocol] - Pausing ProtocolHandler ["http-nio-8091"]
2026-09-18 11:37:18 INFO  [boot.tomcat.GracefulShutdown] - Graceful shutdown complete
2026-09-18 11:37:18 INFO  [coyote.http11.Http11NioProtocol] - Stopping ProtocolHandler ["http-nio-8091"]
2026-09-18 11:37:18 INFO  [orm.jpa.LocalContainerEntityManagerFactoryBean] - Closing JPA EntityManagerFactory for persistence unit 'default'
2026-09-18 11:37:18 INFO  [zaxxer.hikari.HikariDataSource] - HikariPool-1 - Shutdown initiated...
2026-09-18 11:37:18 INFO  [zaxxer.hikari.HikariDataSource] - HikariPool-1 - Shutdown completed.
2026-09-18 11:37:19 INFO  [repository.config.RepositoryConfigurationDelegate] - Bootstrapping Spring Data JPA repositories in DEFAULT mode.
2026-09-18 11:37:19 INFO  [repository.config.RepositoryConfigurationDelegate] - Finished Spring Data repository scanning in 10 ms. Found 2 JPA repository interfaces.
2026-09-18 11:37:19 INFO  [boot.tomcat.TomcatWebServer] - Tomcat initialized with port 8091 (http)
2026-09-18 11:37:19 INFO  [coyote.http11.Http11NioProtocol] - Initializing ProtocolHandler ["http-nio-8091"]
2026-09-18 11:37:19 INFO  [catalina.core.StandardService] - Starting service [Tomcat]
2026-09-18 11:37:19 INFO  [catalina.core.StandardEngine] - Starting Servlet engine: [Apache Tomcat/11.0.24]
2026-09-18 11:37:19 INFO  [context.servlet.WebApplicationContextInitializer] - Root WebApplicationContext: initialization completed in 339 ms
2026-09-18 11:37:19 INFO  [hibernate.orm.jpa] - HHH008540: Processing PersistenceUnitInfo [name: default]
2026-09-18 11:37:19 INFO  [jpa.persistenceunit.SpringPersistenceUnitInfo] - No LoadTimeWeaver setup: ignoring JPA class transformer
2026-09-18 11:37:19 INFO  [zaxxer.hikari.HikariDataSource] - HikariPool-2 - Starting...
2026-09-18 11:37:19 INFO  [hikari.pool.HikariPool] - HikariPool-2 - Added connection com.mysql.cj.jdbc.ConnectionImpl@7a85c0d8
2026-09-18 11:37:19 INFO  [zaxxer.hikari.HikariDataSource] - HikariPool-2 - Start completed.
2026-09-18 11:37:19 WARN  [hibernate.orm.deprecation] - HHH90000025: MySQLDialect does not need to be specified explicitly using 'hibernate.dialect' (remove the property setting and it will be selected by default)
2026-09-18 11:37:19 INFO  [orm.connections.pooling] - HHH10001005: Database info:
	Database JDBC URL [jdbc:mysql://localhost:3306/DB_CALENDAR]
	Database driver: MySQL Connector/J
	Database dialect: MySQLDialect
	Database version: 8.0.46
	Default catalog/schema: DB_CALENDAR/undefined
	Autocommit mode: undefined/unknown
	Isolation level: REPEATABLE_READ [default REPEATABLE_READ]
	JDBC fetch size: none
	Pool: DataSourceConnectionProvider
	Minimum pool size: undefined/unknown
	Maximum pool size: undefined/unknown
2026-09-18 11:37:19 INFO  [hibernate.orm.core] - HHH000489: No JTA platform available (set 'hibernate.transaction.jta.platform' to enable JTA platform integration)
2026-09-18 11:37:19 INFO  [orm.jpa.LocalContainerEntityManagerFactoryBean] - Initialized JPA EntityManagerFactory for persistence unit 'default'
2026-09-18 11:37:19 WARN  [jpa.autoconfigure.JpaBaseConfiguration$JpaWebConfiguration] - spring.jpa.open-in-view is enabled by default. Therefore, database queries may be performed during view rendering. Explicitly configure spring.jpa.open-in-view to disable this warning
2026-09-18 11:37:19 INFO  [authentication.configuration.InitializeUserDetailsBeanManagerConfigurer$InitializeUserDetailsManagerConfigurer] - Global AuthenticationManager configured with UserDetailsService bean with name memberDetailsService
2026-09-18 11:37:19 INFO  [coyote.http11.Http11NioProtocol] - Starting ProtocolHandler ["http-nio-8091"]
2026-09-18 11:37:19 INFO  [boot.tomcat.TomcatWebServer] - Tomcat started on port 8091 (http) with context path '/'
2026-09-18 11:37:19 INFO  [devtools.autoconfigure.ConditionEvaluationDeltaLoggingListener] - Condition evaluation unchanged
2026-09-18 11:37:37 INFO  [devtools.autoconfigure.LocalDevToolsAutoConfiguration$RestartingClassPathChangeChangedEventListener] - Restarting due to 1 class path change (1 addition, 0 deletions, 0 modifications)
2026-09-18 11:37:37 INFO  [boot.tomcat.GracefulShutdown] - Commencing graceful shutdown. Waiting for active requests to complete
2026-09-18 11:37:37 INFO  [coyote.http11.Http11NioProtocol] - Pausing ProtocolHandler ["http-nio-8091"]
2026-09-18 11:37:37 INFO  [boot.tomcat.GracefulShutdown] - Graceful shutdown complete
2026-09-18 11:37:37 INFO  [coyote.http11.Http11NioProtocol] - Stopping ProtocolHandler ["http-nio-8091"]
2026-09-18 11:37:37 INFO  [orm.jpa.LocalContainerEntityManagerFactoryBean] - Closing JPA EntityManagerFactory for persistence unit 'default'
2026-09-18 11:37:37 INFO  [zaxxer.hikari.HikariDataSource] - HikariPool-2 - Shutdown initiated...
2026-09-18 11:37:37 INFO  [zaxxer.hikari.HikariDataSource] - HikariPool-2 - Shutdown completed.
2026-09-18 11:37:37 INFO  [repository.config.RepositoryConfigurationDelegate] - Bootstrapping Spring Data JPA repositories in DEFAULT mode.
2026-09-18 11:37:37 INFO  [repository.config.RepositoryConfigurationDelegate] - Finished Spring Data repository scanning in 8 ms. Found 2 JPA repository interfaces.
2026-09-18 11:37:37 INFO  [boot.tomcat.TomcatWebServer] - Tomcat initialized with port 8091 (http)
2026-09-18 11:37:37 INFO  [coyote.http11.Http11NioProtocol] - Initializing ProtocolHandler ["http-nio-8091"]
2026-09-18 11:37:37 INFO  [catalina.core.StandardService] - Starting service [Tomcat]
2026-09-18 11:37:37 INFO  [catalina.core.StandardEngine] - Starting Servlet engine: [Apache Tomcat/11.0.24]
2026-09-18 11:37:37 INFO  [context.servlet.WebApplicationContextInitializer] - Root WebApplicationContext: initialization completed in 298 ms
2026-09-18 11:37:37 INFO  [hibernate.orm.jpa] - HHH008540: Processing PersistenceUnitInfo [name: default]
2026-09-18 11:37:37 INFO  [jpa.persistenceunit.SpringPersistenceUnitInfo] - No LoadTimeWeaver setup: ignoring JPA class transformer
2026-09-18 11:37:37 INFO  [zaxxer.hikari.HikariDataSource] - HikariPool-3 - Starting...
2026-09-18 11:37:37 INFO  [hikari.pool.HikariPool] - HikariPool-3 - Added connection com.mysql.cj.jdbc.ConnectionImpl@650ff4b7
2026-09-18 11:37:37 INFO  [zaxxer.hikari.HikariDataSource] - HikariPool-3 - Start completed.
2026-09-18 11:37:37 WARN  [hibernate.orm.deprecation] - HHH90000025: MySQLDialect does not need to be specified explicitly using 'hibernate.dialect' (remove the property setting and it will be selected by default)
2026-09-18 11:37:37 INFO  [orm.connections.pooling] - HHH10001005: Database info:
	Database JDBC URL [jdbc:mysql://localhost:3306/DB_CALENDAR]
	Database driver: MySQL Connector/J
	Database dialect: MySQLDialect
	Database version: 8.0.46
	Default catalog/schema: DB_CALENDAR/undefined
	Autocommit mode: undefined/unknown
	Isolation level: REPEATABLE_READ [default REPEATABLE_READ]
	JDBC fetch size: none
	Pool: DataSourceConnectionProvider
	Minimum pool size: undefined/unknown
	Maximum pool size: undefined/unknown
2026-09-18 11:37:37 INFO  [hibernate.orm.core] - HHH000489: No JTA platform available (set 'hibernate.transaction.jta.platform' to enable JTA platform integration)
2026-09-18 11:37:37 INFO  [orm.jpa.LocalContainerEntityManagerFactoryBean] - Initialized JPA EntityManagerFactory for persistence unit 'default'
2026-09-18 11:37:38 WARN  [jpa.autoconfigure.JpaBaseConfiguration$JpaWebConfiguration] - spring.jpa.open-in-view is enabled by default. Therefore, database queries may be performed during view rendering. Explicitly configure spring.jpa.open-in-view to disable this warning
2026-09-18 11:37:38 INFO  [authentication.configuration.InitializeUserDetailsBeanManagerConfigurer$InitializeUserDetailsManagerConfigurer] - Global AuthenticationManager configured with UserDetailsService bean with name memberDetailsService
2026-09-18 11:37:38 INFO  [coyote.http11.Http11NioProtocol] - Starting ProtocolHandler ["http-nio-8091"]
2026-09-18 11:37:38 INFO  [boot.tomcat.TomcatWebServer] - Tomcat started on port 8091 (http) with context path '/'
2026-09-18 11:37:38 INFO  [devtools.autoconfigure.ConditionEvaluationDeltaLoggingListener] - Condition evaluation unchanged
2026-09-18 11:38:16 INFO  [devtools.autoconfigure.LocalDevToolsAutoConfiguration$RestartingClassPathChangeChangedEventListener] - Restarting due to 2 class path changes (0 additions, 0 deletions, 2 modifications)
2026-09-18 11:38:16 INFO  [boot.tomcat.GracefulShutdown] - Commencing graceful shutdown. Waiting for active requests to complete
2026-09-18 11:38:16 INFO  [coyote.http11.Http11NioProtocol] - Pausing ProtocolHandler ["http-nio-8091"]
2026-09-18 11:38:16 INFO  [boot.tomcat.GracefulShutdown] - Graceful shutdown complete
2026-09-18 11:38:16 INFO  [coyote.http11.Http11NioProtocol] - Stopping ProtocolHandler ["http-nio-8091"]
2026-09-18 11:38:16 INFO  [orm.jpa.LocalContainerEntityManagerFactoryBean] - Closing JPA EntityManagerFactory for persistence unit 'default'
2026-09-18 11:38:16 INFO  [zaxxer.hikari.HikariDataSource] - HikariPool-3 - Shutdown initiated...
2026-09-18 11:38:16 INFO  [zaxxer.hikari.HikariDataSource] - HikariPool-3 - Shutdown completed.
2026-09-18 11:38:16 INFO  [repository.config.RepositoryConfigurationDelegate] - Bootstrapping Spring Data JPA repositories in DEFAULT mode.
2026-09-18 11:38:16 INFO  [repository.config.RepositoryConfigurationDelegate] - Finished Spring Data repository scanning in 8 ms. Found 2 JPA repository interfaces.
2026-09-18 11:38:16 INFO  [boot.tomcat.TomcatWebServer] - Tomcat initialized with port 8091 (http)
2026-09-18 11:38:16 INFO  [coyote.http11.Http11NioProtocol] - Initializing ProtocolHandler ["http-nio-8091"]
2026-09-18 11:38:16 INFO  [catalina.core.StandardService] - Starting service [Tomcat]
2026-09-18 11:38:16 INFO  [catalina.core.StandardEngine] - Starting Servlet engine: [Apache Tomcat/11.0.24]
2026-09-18 11:38:16 INFO  [context.servlet.WebApplicationContextInitializer] - Root WebApplicationContext: initialization completed in 287 ms
2026-09-18 11:38:16 INFO  [hibernate.orm.jpa] - HHH008540: Processing PersistenceUnitInfo [name: default]
2026-09-18 11:38:16 INFO  [jpa.persistenceunit.SpringPersistenceUnitInfo] - No LoadTimeWeaver setup: ignoring JPA class transformer
2026-09-18 11:38:16 INFO  [zaxxer.hikari.HikariDataSource] - HikariPool-4 - Starting...
2026-09-18 11:38:16 INFO  [hikari.pool.HikariPool] - HikariPool-4 - Added connection com.mysql.cj.jdbc.ConnectionImpl@bb0b756
2026-09-18 11:38:16 INFO  [zaxxer.hikari.HikariDataSource] - HikariPool-4 - Start completed.
2026-09-18 11:38:16 WARN  [hibernate.orm.deprecation] - HHH90000025: MySQLDialect does not need to be specified explicitly using 'hibernate.dialect' (remove the property setting and it will be selected by default)
2026-09-18 11:38:16 INFO  [orm.connections.pooling] - HHH10001005: Database info:
	Database JDBC URL [jdbc:mysql://localhost:3306/DB_CALENDAR]
	Database driver: MySQL Connector/J
	Database dialect: MySQLDialect
	Database version: 8.0.46
	Default catalog/schema: DB_CALENDAR/undefined
	Autocommit mode: undefined/unknown
	Isolation level: REPEATABLE_READ [default REPEATABLE_READ]
	JDBC fetch size: none
	Pool: DataSourceConnectionProvider
	Minimum pool size: undefined/unknown
	Maximum pool size: undefined/unknown
2026-09-18 11:38:16 INFO  [hibernate.orm.core] - HHH000489: No JTA platform available (set 'hibernate.transaction.jta.platform' to enable JTA platform integration)
2026-09-18 11:38:16 INFO  [orm.jpa.LocalContainerEntityManagerFactoryBean] - Initialized JPA EntityManagerFactory for persistence unit 'default'
2026-09-18 11:38:16 WARN  [jpa.autoconfigure.JpaBaseConfiguration$JpaWebConfiguration] - spring.jpa.open-in-view is enabled by default. Therefore, database queries may be performed during view rendering. Explicitly configure spring.jpa.open-in-view to disable this warning
2026-09-18 11:38:16 INFO  [authentication.configuration.InitializeUserDetailsBeanManagerConfigurer$InitializeUserDetailsManagerConfigurer] - Global AuthenticationManager configured with UserDetailsService bean with name memberDetailsService
2026-09-18 11:38:16 INFO  [coyote.http11.Http11NioProtocol] - Starting ProtocolHandler ["http-nio-8091"]
2026-09-18 11:38:16 INFO  [boot.tomcat.TomcatWebServer] - Tomcat started on port 8091 (http) with context path '/'
2026-09-18 11:38:16 INFO  [devtools.autoconfigure.ConditionEvaluationDeltaLoggingListener] - Condition evaluation unchanged
2026-09-18 11:39:43 INFO  [devtools.autoconfigure.LocalDevToolsAutoConfiguration$RestartingClassPathChangeChangedEventListener] - Restarting due to 2 class path changes (0 additions, 2 deletions, 0 modifications)
2026-09-18 11:39:43 INFO  [boot.tomcat.GracefulShutdown] - Commencing graceful shutdown. Waiting for active requests to complete
2026-09-18 11:39:43 INFO  [coyote.http11.Http11NioProtocol] - Pausing ProtocolHandler ["http-nio-8091"]
2026-09-18 11:39:43 INFO  [boot.tomcat.GracefulShutdown] - Graceful shutdown complete
2026-09-18 11:39:43 INFO  [coyote.http11.Http11NioProtocol] - Stopping ProtocolHandler ["http-nio-8091"]
2026-09-18 11:39:43 INFO  [orm.jpa.LocalContainerEntityManagerFactoryBean] - Closing JPA EntityManagerFactory for persistence unit 'default'
2026-09-18 11:39:43 INFO  [zaxxer.hikari.HikariDataSource] - HikariPool-4 - Shutdown initiated...
2026-09-18 11:39:43 INFO  [zaxxer.hikari.HikariDataSource] - HikariPool-4 - Shutdown completed.
2026-09-18 11:39:43 INFO  [repository.config.RepositoryConfigurationDelegate] - Bootstrapping Spring Data JPA repositories in DEFAULT mode.
2026-09-18 11:39:44 INFO  [repository.config.RepositoryConfigurationDelegate] - Finished Spring Data repository scanning in 8 ms. Found 2 JPA repository interfaces.
2026-09-18 11:39:44 INFO  [boot.tomcat.TomcatWebServer] - Tomcat initialized with port 8091 (http)
2026-09-18 11:39:44 INFO  [coyote.http11.Http11NioProtocol] - Initializing ProtocolHandler ["http-nio-8091"]
2026-09-18 11:39:44 INFO  [catalina.core.StandardService] - Starting service [Tomcat]
2026-09-18 11:39:44 INFO  [catalina.core.StandardEngine] - Starting Servlet engine: [Apache Tomcat/11.0.24]
2026-09-18 11:39:44 INFO  [context.servlet.WebApplicationContextInitializer] - Root WebApplicationContext: initialization completed in 306 ms
2026-09-18 11:39:44 INFO  [hibernate.orm.jpa] - HHH008540: Processing PersistenceUnitInfo [name: default]
2026-09-18 11:39:44 INFO  [jpa.persistenceunit.SpringPersistenceUnitInfo] - No LoadTimeWeaver setup: ignoring JPA class transformer
2026-09-18 11:39:44 INFO  [zaxxer.hikari.HikariDataSource] - HikariPool-5 - Starting...
2026-09-18 11:39:44 INFO  [hikari.pool.HikariPool] - HikariPool-5 - Added connection com.mysql.cj.jdbc.ConnectionImpl@5965ea0f
2026-09-18 11:39:44 INFO  [zaxxer.hikari.HikariDataSource] - HikariPool-5 - Start completed.
2026-09-18 11:39:44 WARN  [hibernate.orm.deprecation] - HHH90000025: MySQLDialect does not need to be specified explicitly using 'hibernate.dialect' (remove the property setting and it will be selected by default)
2026-09-18 11:39:44 INFO  [orm.connections.pooling] - HHH10001005: Database info:
	Database JDBC URL [jdbc:mysql://localhost:3306/DB_CALENDAR]
	Database driver: MySQL Connector/J
	Database dialect: MySQLDialect
	Database version: 8.0.46
	Default catalog/schema: DB_CALENDAR/undefined
	Autocommit mode: undefined/unknown
	Isolation level: REPEATABLE_READ [default REPEATABLE_READ]
	JDBC fetch size: none
	Pool: DataSourceConnectionProvider
	Minimum pool size: undefined/unknown
	Maximum pool size: undefined/unknown
2026-09-18 11:39:44 INFO  [hibernate.orm.core] - HHH000489: No JTA platform available (set 'hibernate.transaction.jta.platform' to enable JTA platform integration)
2026-09-18 11:39:44 INFO  [orm.jpa.LocalContainerEntityManagerFactoryBean] - Initialized JPA EntityManagerFactory for persistence unit 'default'
2026-09-18 11:39:44 WARN  [jpa.autoconfigure.JpaBaseConfiguration$JpaWebConfiguration] - spring.jpa.open-in-view is enabled by default. Therefore, database queries may be performed during view rendering. Explicitly configure spring.jpa.open-in-view to disable this warning
2026-09-18 11:39:44 INFO  [authentication.configuration.InitializeUserDetailsBeanManagerConfigurer$InitializeUserDetailsManagerConfigurer] - Global AuthenticationManager configured with UserDetailsService bean with name memberDetailsService
2026-09-18 11:39:44 INFO  [coyote.http11.Http11NioProtocol] - Starting ProtocolHandler ["http-nio-8091"]
2026-09-18 11:39:44 INFO  [boot.tomcat.TomcatWebServer] - Tomcat started on port 8091 (http) with context path '/'
2026-09-18 11:39:44 INFO  [devtools.autoconfigure.ConditionEvaluationDeltaLoggingListener] - Condition evaluation unchanged
2026-09-18 11:39:45 INFO  [devtools.autoconfigure.LocalDevToolsAutoConfiguration$RestartingClassPathChangeChangedEventListener] - Restarting due to 2 class path changes (2 additions, 0 deletions, 0 modifications)
2026-09-18 11:39:45 INFO  [boot.tomcat.GracefulShutdown] - Commencing graceful shutdown. Waiting for active requests to complete
2026-09-18 11:39:45 INFO  [coyote.http11.Http11NioProtocol] - Pausing ProtocolHandler ["http-nio-8091"]
2026-09-18 11:39:45 INFO  [boot.tomcat.GracefulShutdown] - Graceful shutdown complete
2026-09-18 11:39:45 INFO  [coyote.http11.Http11NioProtocol] - Stopping ProtocolHandler ["http-nio-8091"]
2026-09-18 11:39:45 INFO  [orm.jpa.LocalContainerEntityManagerFactoryBean] - Closing JPA EntityManagerFactory for persistence unit 'default'
2026-09-18 11:39:45 INFO  [zaxxer.hikari.HikariDataSource] - HikariPool-5 - Shutdown initiated...
2026-09-18 11:39:46 INFO  [zaxxer.hikari.HikariDataSource] - HikariPool-5 - Shutdown completed.
2026-09-18 11:39:46 INFO  [repository.config.RepositoryConfigurationDelegate] - Bootstrapping Spring Data JPA repositories in DEFAULT mode.
2026-09-18 11:39:46 INFO  [repository.config.RepositoryConfigurationDelegate] - Finished Spring Data repository scanning in 8 ms. Found 2 JPA repository interfaces.
2026-09-18 11:39:46 INFO  [boot.tomcat.TomcatWebServer] - Tomcat initialized with port 8091 (http)
2026-09-18 11:39:46 INFO  [coyote.http11.Http11NioProtocol] - Initializing ProtocolHandler ["http-nio-8091"]
2026-09-18 11:39:46 INFO  [catalina.core.StandardService] - Starting service [Tomcat]
2026-09-18 11:39:46 INFO  [catalina.core.StandardEngine] - Starting Servlet engine: [Apache Tomcat/11.0.24]
2026-09-18 11:39:46 INFO  [context.servlet.WebApplicationContextInitializer] - Root WebApplicationContext: initialization completed in 290 ms
2026-09-18 11:39:46 INFO  [hibernate.orm.jpa] - HHH008540: Processing PersistenceUnitInfo [name: default]
2026-09-18 11:39:46 INFO  [jpa.persistenceunit.SpringPersistenceUnitInfo] - No LoadTimeWeaver setup: ignoring JPA class transformer
2026-09-18 11:39:46 INFO  [zaxxer.hikari.HikariDataSource] - HikariPool-6 - Starting...
2026-09-18 11:39:46 INFO  [hikari.pool.HikariPool] - HikariPool-6 - Added connection com.mysql.cj.jdbc.ConnectionImpl@7f9530be
2026-09-18 11:39:46 INFO  [zaxxer.hikari.HikariDataSource] - HikariPool-6 - Start completed.
2026-09-18 11:39:46 WARN  [hibernate.orm.deprecation] - HHH90000025: MySQLDialect does not need to be specified explicitly using 'hibernate.dialect' (remove the property setting and it will be selected by default)
2026-09-18 11:39:46 INFO  [orm.connections.pooling] - HHH10001005: Database info:
	Database JDBC URL [jdbc:mysql://localhost:3306/DB_CALENDAR]
	Database driver: MySQL Connector/J
	Database dialect: MySQLDialect
	Database version: 8.0.46
	Default catalog/schema: DB_CALENDAR/undefined
	Autocommit mode: undefined/unknown
	Isolation level: REPEATABLE_READ [default REPEATABLE_READ]
	JDBC fetch size: none
	Pool: DataSourceConnectionProvider
	Minimum pool size: undefined/unknown
	Maximum pool size: undefined/unknown
2026-09-18 11:39:46 INFO  [hibernate.orm.core] - HHH000489: No JTA platform available (set 'hibernate.transaction.jta.platform' to enable JTA platform integration)
2026-09-18 11:39:46 INFO  [orm.jpa.LocalContainerEntityManagerFactoryBean] - Initialized JPA EntityManagerFactory for persistence unit 'default'
2026-09-18 11:39:46 WARN  [jpa.autoconfigure.JpaBaseConfiguration$JpaWebConfiguration] - spring.jpa.open-in-view is enabled by default. Therefore, database queries may be performed during view rendering. Explicitly configure spring.jpa.open-in-view to disable this warning
2026-09-18 11:39:46 INFO  [authentication.configuration.InitializeUserDetailsBeanManagerConfigurer$InitializeUserDetailsManagerConfigurer] - Global AuthenticationManager configured with UserDetailsService bean with name memberDetailsService
2026-09-18 11:39:46 INFO  [coyote.http11.Http11NioProtocol] - Starting ProtocolHandler ["http-nio-8091"]
2026-09-18 11:39:46 INFO  [boot.tomcat.TomcatWebServer] - Tomcat started on port 8091 (http) with context path '/'
2026-09-18 11:39:46 INFO  [devtools.autoconfigure.ConditionEvaluationDeltaLoggingListener] - Condition evaluation unchanged
2026-09-18 11:40:19 INFO  [devtools.autoconfigure.LocalDevToolsAutoConfiguration$RestartingClassPathChangeChangedEventListener] - Restarting due to 1 class path change (0 additions, 0 deletions, 1 modification)
2026-09-18 11:40:19 INFO  [boot.tomcat.GracefulShutdown] - Commencing graceful shutdown. Waiting for active requests to complete
2026-09-18 11:40:19 INFO  [coyote.http11.Http11NioProtocol] - Pausing ProtocolHandler ["http-nio-8091"]
2026-09-18 11:40:19 INFO  [boot.tomcat.GracefulShutdown] - Graceful shutdown complete
2026-09-18 11:40:19 INFO  [coyote.http11.Http11NioProtocol] - Stopping ProtocolHandler ["http-nio-8091"]
2026-09-18 11:40:19 INFO  [orm.jpa.LocalContainerEntityManagerFactoryBean] - Closing JPA EntityManagerFactory for persistence unit 'default'
2026-09-18 11:40:19 INFO  [zaxxer.hikari.HikariDataSource] - HikariPool-6 - Shutdown initiated...
2026-09-18 11:40:19 INFO  [zaxxer.hikari.HikariDataSource] - HikariPool-6 - Shutdown completed.
2026-09-18 11:40:19 INFO  [repository.config.RepositoryConfigurationDelegate] - Bootstrapping Spring Data JPA repositories in DEFAULT mode.
2026-09-18 11:40:19 INFO  [repository.config.RepositoryConfigurationDelegate] - Finished Spring Data repository scanning in 7 ms. Found 2 JPA repository interfaces.
2026-09-18 11:40:19 INFO  [boot.tomcat.TomcatWebServer] - Tomcat initialized with port 8091 (http)
2026-09-18 11:40:19 INFO  [coyote.http11.Http11NioProtocol] - Initializing ProtocolHandler ["http-nio-8091"]
2026-09-18 11:40:19 INFO  [catalina.core.StandardService] - Starting service [Tomcat]
2026-09-18 11:40:19 INFO  [catalina.core.StandardEngine] - Starting Servlet engine: [Apache Tomcat/11.0.24]
2026-09-18 11:40:20 INFO  [context.servlet.WebApplicationContextInitializer] - Root WebApplicationContext: initialization completed in 283 ms
2026-09-18 11:40:20 INFO  [hibernate.orm.jpa] - HHH008540: Processing PersistenceUnitInfo [name: default]
2026-09-18 11:40:20 INFO  [jpa.persistenceunit.SpringPersistenceUnitInfo] - No LoadTimeWeaver setup: ignoring JPA class transformer
2026-09-18 11:40:20 INFO  [zaxxer.hikari.HikariDataSource] - HikariPool-7 - Starting...
2026-09-18 11:40:20 INFO  [hikari.pool.HikariPool] - HikariPool-7 - Added connection com.mysql.cj.jdbc.ConnectionImpl@4aaf4454
2026-09-18 11:40:20 INFO  [zaxxer.hikari.HikariDataSource] - HikariPool-7 - Start completed.
2026-09-18 11:40:20 WARN  [hibernate.orm.deprecation] - HHH90000025: MySQLDialect does not need to be specified explicitly using 'hibernate.dialect' (remove the property setting and it will be selected by default)
2026-09-18 11:40:20 INFO  [orm.connections.pooling] - HHH10001005: Database info:
	Database JDBC URL [jdbc:mysql://localhost:3306/DB_CALENDAR]
	Database driver: MySQL Connector/J
	Database dialect: MySQLDialect
	Database version: 8.0.46
	Default catalog/schema: DB_CALENDAR/undefined
	Autocommit mode: undefined/unknown
	Isolation level: REPEATABLE_READ [default REPEATABLE_READ]
	JDBC fetch size: none
	Pool: DataSourceConnectionProvider
	Minimum pool size: undefined/unknown
	Maximum pool size: undefined/unknown
2026-09-18 11:40:20 INFO  [hibernate.orm.core] - HHH000489: No JTA platform available (set 'hibernate.transaction.jta.platform' to enable JTA platform integration)
2026-09-18 11:40:20 INFO  [orm.jpa.LocalContainerEntityManagerFactoryBean] - Initialized JPA EntityManagerFactory for persistence unit 'default'
2026-09-18 11:40:20 WARN  [jpa.autoconfigure.JpaBaseConfiguration$JpaWebConfiguration] - spring.jpa.open-in-view is enabled by default. Therefore, database queries may be performed during view rendering. Explicitly configure spring.jpa.open-in-view to disable this warning
2026-09-18 11:40:20 INFO  [authentication.configuration.InitializeUserDetailsBeanManagerConfigurer$InitializeUserDetailsManagerConfigurer] - Global AuthenticationManager configured with UserDetailsService bean with name memberDetailsService
2026-09-18 11:40:20 INFO  [coyote.http11.Http11NioProtocol] - Starting ProtocolHandler ["http-nio-8091"]
2026-09-18 11:40:20 INFO  [boot.tomcat.TomcatWebServer] - Tomcat started on port 8091 (http) with context path '/'
2026-09-18 11:40:20 INFO  [devtools.autoconfigure.ConditionEvaluationDeltaLoggingListener] - Condition evaluation unchanged
2026-09-18 11:42:01 INFO  [devtools.autoconfigure.LocalDevToolsAutoConfiguration$RestartingClassPathChangeChangedEventListener] - Restarting due to 1 class path change (0 additions, 1 deletion, 0 modifications)
2026-09-18 11:42:01 INFO  [boot.tomcat.GracefulShutdown] - Commencing graceful shutdown. Waiting for active requests to complete
2026-09-18 11:42:01 INFO  [coyote.http11.Http11NioProtocol] - Pausing ProtocolHandler ["http-nio-8091"]
2026-09-18 11:42:01 INFO  [boot.tomcat.GracefulShutdown] - Graceful shutdown complete
2026-09-18 11:42:01 INFO  [coyote.http11.Http11NioProtocol] - Stopping ProtocolHandler ["http-nio-8091"]
2026-09-18 11:42:01 INFO  [orm.jpa.LocalContainerEntityManagerFactoryBean] - Closing JPA EntityManagerFactory for persistence unit 'default'
2026-09-18 11:42:01 INFO  [zaxxer.hikari.HikariDataSource] - HikariPool-7 - Shutdown initiated...
2026-09-18 11:42:01 INFO  [zaxxer.hikari.HikariDataSource] - HikariPool-7 - Shutdown completed.
2026-09-18 11:42:01 WARN  [servlet.context.AnnotationConfigServletWebServerApplicationContext] - Exception encountered during context initialization - cancelling refresh attempt: org.springframework.beans.factory.BeanDefinitionStoreException: Failed to read candidate component class: file [C:\kmh\springboot_intellij\pjt\calendaradmin\calendar\build\classes\java\main\com\office\calendaradmin\admin\AdminController.class]
2026-09-18 11:42:01 ERROR [springframework.boot.SpringApplication] - Application run failed
org.springframework.beans.factory.BeanDefinitionStoreException: Failed to read candidate component class: file [C:\kmh\springboot_intellij\pjt\calendaradmin\calendar\build\classes\java\main\com\office\calendaradmin\admin\AdminController.class]
	at org.springframework.context.annotation.ClassPathScanningCandidateComponentProvider.scanCandidateComponents(ClassPathScanningCandidateComponentProvider.java:504)
	at org.springframework.context.annotation.ClassPathScanningCandidateComponentProvider.findCandidateComponents(ClassPathScanningCandidateComponentProvider.java:321)
	at org.springframework.context.annotation.ClassPathBeanDefinitionScanner.doScan(ClassPathBeanDefinitionScanner.java:279)
	at org.springframework.context.annotation.ComponentScanAnnotationParser.parse(ComponentScanAnnotationParser.java:128)
	at org.springframework.context.annotation.ConfigurationClassParser.doProcessConfigurationClass(ConfigurationClassParser.java:349)
	at org.springframework.context.annotation.ConfigurationClassParser.processConfigurationClass(ConfigurationClassParser.java:285)
	at org.springframework.context.annotation.ConfigurationClassParser.parse(ConfigurationClassParser.java:206)
	at org.springframework.context.annotation.ConfigurationClassParser.parse(ConfigurationClassParser.java:174)
	at org.springframework.context.annotation.ConfigurationClassPostProcessor.processConfigBeanDefinitions(ConfigurationClassPostProcessor.java:452)
	at org.springframework.context.annotation.ConfigurationClassPostProcessor.postProcessBeanDefinitionRegistry(ConfigurationClassPostProcessor.java:316)
	at org.springframework.context.support.PostProcessorRegistrationDelegate.invokeBeanDefinitionRegistryPostProcessors(PostProcessorRegistrationDelegate.java:349)
	at org.springframework.context.support.PostProcessorRegistrationDelegate.invokeBeanFactoryPostProcessors(PostProcessorRegistrationDelegate.java:118)
	at org.springframework.context.support.AbstractApplicationContext.invokeBeanFactoryPostProcessors(AbstractApplicationContext.java:795)
	at org.springframework.context.support.AbstractApplicationContext.refresh(AbstractApplicationContext.java:603)
	at org.springframework.boot.web.server.servlet.context.ServletWebServerApplicationContext.refresh(ServletWebServerApplicationContext.java:143)
	at org.springframework.boot.SpringApplication.refresh(SpringApplication.java:756)
	at org.springframework.boot.SpringApplication.refreshContext(SpringApplication.java:445)
	at org.springframework.boot.SpringApplication.run(SpringApplication.java:321)
	at org.springframework.boot.SpringApplication.run(SpringApplication.java:1365)
	at org.springframework.boot.SpringApplication.run(SpringApplication.java:1354)
	at com.office.calendaradmin.CalendarAdminApplication.main(CalendarAdminApplication.java:11)
	at java.base/jdk.internal.reflect.NativeMethodAccessorImpl.invoke0(Native Method)
	at java.base/jdk.internal.reflect.NativeMethodAccessorImpl.invoke(NativeMethodAccessorImpl.java:77)
	at java.base/jdk.internal.reflect.DelegatingMethodAccessorImpl.invoke(DelegatingMethodAccessorImpl.java:43)
	at java.base/java.lang.reflect.Method.invoke(Method.java:568)
	at org.springframework.boot.devtools.restart.RestartLauncher.run(RestartLauncher.java:52)
Caused by: java.lang.ArrayIndexOutOfBoundsException: Index 8 out of bounds for length 0
	at org.springframework.asm.ClassReader.readUnsignedShort(ClassReader.java:3637)
	at org.springframework.asm.ClassReader.<init>(ClassReader.java:208)
	at org.springframework.asm.ClassReader.<init>(ClassReader.java:180)
	at org.springframework.asm.ClassReader.<init>(ClassReader.java:166)
	at org.springframework.asm.ClassReader.<init>(ClassReader.java:292)
	at org.springframework.core.type.classreading.SimpleMetadataReader.getClassReader(SimpleMetadataReader.java:56)
	at org.springframework.core.type.classreading.SimpleMetadataReader.<init>(SimpleMetadataReader.java:48)
	at org.springframework.core.type.classreading.SimpleMetadataReaderFactory.getMetadataReader(SimpleMetadataReaderFactory.java:62)
	at org.springframework.core.type.classreading.CachingMetadataReaderFactory.getMetadataReader(CachingMetadataReaderFactory.java:127)
	at org.springframework.context.annotation.ClassPathScanningCandidateComponentProvider.scanCandidateComponents(ClassPathScanningCandidateComponentProvider.java:464)
	... 25 more
2026-09-18 11:42:03 INFO  [repository.config.RepositoryConfigurationDelegate] - Bootstrapping Spring Data JPA repositories in DEFAULT mode.
2026-09-18 11:42:03 INFO  [repository.config.RepositoryConfigurationDelegate] - Finished Spring Data repository scanning in 10 ms. Found 2 JPA repository interfaces.
2026-09-18 11:42:03 INFO  [boot.tomcat.TomcatWebServer] - Tomcat initialized with port 8091 (http)
2026-09-18 11:42:03 INFO  [coyote.http11.Http11NioProtocol] - Initializing ProtocolHandler ["http-nio-8091"]
2026-09-18 11:42:03 INFO  [catalina.core.StandardService] - Starting service [Tomcat]
2026-09-18 11:42:03 INFO  [catalina.core.StandardEngine] - Starting Servlet engine: [Apache Tomcat/11.0.24]
2026-09-18 11:42:03 INFO  [context.servlet.WebApplicationContextInitializer] - Root WebApplicationContext: initialization completed in 349 ms
2026-09-18 11:42:03 INFO  [hibernate.orm.jpa] - HHH008540: Processing PersistenceUnitInfo [name: default]
2026-09-18 11:42:03 INFO  [jpa.persistenceunit.SpringPersistenceUnitInfo] - No LoadTimeWeaver setup: ignoring JPA class transformer
2026-09-18 11:42:03 INFO  [zaxxer.hikari.HikariDataSource] - HikariPool-8 - Starting...
2026-09-18 11:42:03 INFO  [hikari.pool.HikariPool] - HikariPool-8 - Added connection com.mysql.cj.jdbc.ConnectionImpl@5a1cee9d
2026-09-18 11:42:03 INFO  [zaxxer.hikari.HikariDataSource] - HikariPool-8 - Start completed.
2026-09-18 11:42:03 WARN  [hibernate.orm.deprecation] - HHH90000025: MySQLDialect does not need to be specified explicitly using 'hibernate.dialect' (remove the property setting and it will be selected by default)
2026-09-18 11:42:03 INFO  [orm.connections.pooling] - HHH10001005: Database info:
	Database JDBC URL [jdbc:mysql://localhost:3306/DB_CALENDAR]
	Database driver: MySQL Connector/J
	Database dialect: MySQLDialect
	Database version: 8.0.46
	Default catalog/schema: DB_CALENDAR/undefined
	Autocommit mode: undefined/unknown
	Isolation level: REPEATABLE_READ [default REPEATABLE_READ]
	JDBC fetch size: none
	Pool: DataSourceConnectionProvider
	Minimum pool size: undefined/unknown
	Maximum pool size: undefined/unknown
2026-09-18 11:42:03 INFO  [hibernate.orm.core] - HHH000489: No JTA platform available (set 'hibernate.transaction.jta.platform' to enable JTA platform integration)
2026-09-18 11:42:03 INFO  [orm.jpa.LocalContainerEntityManagerFactoryBean] - Initialized JPA EntityManagerFactory for persistence unit 'default'
2026-09-18 11:42:03 WARN  [jpa.autoconfigure.JpaBaseConfiguration$JpaWebConfiguration] - spring.jpa.open-in-view is enabled by default. Therefore, database queries may be performed during view rendering. Explicitly configure spring.jpa.open-in-view to disable this warning
2026-09-18 11:42:03 INFO  [authentication.configuration.InitializeUserDetailsBeanManagerConfigurer$InitializeUserDetailsManagerConfigurer] - Global AuthenticationManager configured with UserDetailsService bean with name memberDetailsService
2026-09-18 11:42:03 INFO  [coyote.http11.Http11NioProtocol] - Starting ProtocolHandler ["http-nio-8091"]
2026-09-18 11:42:03 INFO  [boot.tomcat.TomcatWebServer] - Tomcat started on port 8091 (http) with context path '/'
2026-09-18 11:42:03 INFO  [devtools.autoconfigure.ConditionEvaluationDeltaLoggingListener] - Condition evaluation unchanged
2026-09-18 11:43:02 INFO  [devtools.autoconfigure.LocalDevToolsAutoConfiguration$RestartingClassPathChangeChangedEventListener] - Restarting due to 24 class path changes (1 addition, 0 deletions, 23 modifications)
2026-09-18 11:43:02 INFO  [boot.tomcat.GracefulShutdown] - Commencing graceful shutdown. Waiting for active requests to complete
2026-09-18 11:43:02 INFO  [coyote.http11.Http11NioProtocol] - Pausing ProtocolHandler ["http-nio-8091"]
2026-09-18 11:43:02 INFO  [boot.tomcat.GracefulShutdown] - Graceful shutdown complete
2026-09-18 11:43:02 INFO  [coyote.http11.Http11NioProtocol] - Stopping ProtocolHandler ["http-nio-8091"]
2026-09-18 11:43:02 INFO  [orm.jpa.LocalContainerEntityManagerFactoryBean] - Closing JPA EntityManagerFactory for persistence unit 'default'
2026-09-18 11:43:02 INFO  [zaxxer.hikari.HikariDataSource] - HikariPool-8 - Shutdown initiated...
2026-09-18 11:43:02 INFO  [zaxxer.hikari.HikariDataSource] - HikariPool-8 - Shutdown completed.
2026-09-18 11:43:02 INFO  [repository.config.RepositoryConfigurationDelegate] - Bootstrapping Spring Data JPA repositories in DEFAULT mode.
2026-09-18 11:43:02 INFO  [repository.config.RepositoryConfigurationDelegate] - Finished Spring Data repository scanning in 8 ms. Found 2 JPA repository interfaces.
2026-09-18 11:43:02 INFO  [boot.tomcat.TomcatWebServer] - Tomcat initialized with port 8091 (http)
2026-09-18 11:43:02 INFO  [coyote.http11.Http11NioProtocol] - Initializing ProtocolHandler ["http-nio-8091"]
2026-09-18 11:43:02 INFO  [catalina.core.StandardService] - Starting service [Tomcat]
2026-09-18 11:43:02 INFO  [catalina.core.StandardEngine] - Starting Servlet engine: [Apache Tomcat/11.0.24]
2026-09-18 11:43:02 INFO  [context.servlet.WebApplicationContextInitializer] - Root WebApplicationContext: initialization completed in 299 ms
2026-09-18 11:43:02 INFO  [hibernate.orm.jpa] - HHH008540: Processing PersistenceUnitInfo [name: default]
2026-09-18 11:43:02 INFO  [jpa.persistenceunit.SpringPersistenceUnitInfo] - No LoadTimeWeaver setup: ignoring JPA class transformer
2026-09-18 11:43:02 INFO  [zaxxer.hikari.HikariDataSource] - HikariPool-9 - Starting...
2026-09-18 11:43:02 INFO  [hikari.pool.HikariPool] - HikariPool-9 - Added connection com.mysql.cj.jdbc.ConnectionImpl@80cba32
2026-09-18 11:43:02 INFO  [zaxxer.hikari.HikariDataSource] - HikariPool-9 - Start completed.
2026-09-18 11:43:02 WARN  [hibernate.orm.deprecation] - HHH90000025: MySQLDialect does not need to be specified explicitly using 'hibernate.dialect' (remove the property setting and it will be selected by default)
2026-09-18 11:43:02 INFO  [orm.connections.pooling] - HHH10001005: Database info:
	Database JDBC URL [jdbc:mysql://localhost:3306/DB_CALENDAR]
	Database driver: MySQL Connector/J
	Database dialect: MySQLDialect
	Database version: 8.0.46
	Default catalog/schema: DB_CALENDAR/undefined
	Autocommit mode: undefined/unknown
	Isolation level: REPEATABLE_READ [default REPEATABLE_READ]
	JDBC fetch size: none
	Pool: DataSourceConnectionProvider
	Minimum pool size: undefined/unknown
	Maximum pool size: undefined/unknown
2026-09-18 11:43:02 INFO  [hibernate.orm.core] - HHH000489: No JTA platform available (set 'hibernate.transaction.jta.platform' to enable JTA platform integration)
2026-09-18 11:43:02 INFO  [orm.jpa.LocalContainerEntityManagerFactoryBean] - Initialized JPA EntityManagerFactory for persistence unit 'default'
2026-09-18 11:43:02 WARN  [jpa.autoconfigure.JpaBaseConfiguration$JpaWebConfiguration] - spring.jpa.open-in-view is enabled by default. Therefore, database queries may be performed during view rendering. Explicitly configure spring.jpa.open-in-view to disable this warning
2026-09-18 11:43:02 INFO  [authentication.configuration.InitializeUserDetailsBeanManagerConfigurer$InitializeUserDetailsManagerConfigurer] - Global AuthenticationManager configured with UserDetailsService bean with name memberDetailsService
2026-09-18 11:43:03 INFO  [coyote.http11.Http11NioProtocol] - Starting ProtocolHandler ["http-nio-8091"]
2026-09-18 11:43:03 INFO  [boot.tomcat.TomcatWebServer] - Tomcat started on port 8091 (http) with context path '/'
2026-09-18 11:43:03 INFO  [devtools.autoconfigure.ConditionEvaluationDeltaLoggingListener] - Condition evaluation unchanged
2026-09-18 11:45:10 INFO  [devtools.autoconfigure.LocalDevToolsAutoConfiguration$RestartingClassPathChangeChangedEventListener] - Restarting due to 24 class path changes (0 additions, 0 deletions, 24 modifications)
2026-09-18 11:45:10 INFO  [boot.tomcat.GracefulShutdown] - Commencing graceful shutdown. Waiting for active requests to complete
2026-09-18 11:45:10 INFO  [coyote.http11.Http11NioProtocol] - Pausing ProtocolHandler ["http-nio-8091"]
2026-09-18 11:45:10 INFO  [boot.tomcat.GracefulShutdown] - Graceful shutdown complete
2026-09-18 11:45:10 INFO  [coyote.http11.Http11NioProtocol] - Stopping ProtocolHandler ["http-nio-8091"]
2026-09-18 11:45:10 INFO  [orm.jpa.LocalContainerEntityManagerFactoryBean] - Closing JPA EntityManagerFactory for persistence unit 'default'
2026-09-18 11:45:10 INFO  [zaxxer.hikari.HikariDataSource] - HikariPool-9 - Shutdown initiated...
2026-09-18 11:45:10 INFO  [zaxxer.hikari.HikariDataSource] - HikariPool-9 - Shutdown completed.
2026-09-18 11:45:10 INFO  [repository.config.RepositoryConfigurationDelegate] - Bootstrapping Spring Data JPA repositories in DEFAULT mode.
2026-09-18 11:45:10 INFO  [repository.config.RepositoryConfigurationDelegate] - Finished Spring Data repository scanning in 7 ms. Found 2 JPA repository interfaces.
2026-09-18 11:45:10 INFO  [boot.tomcat.TomcatWebServer] - Tomcat initialized with port 8091 (http)
2026-09-18 11:45:10 INFO  [coyote.http11.Http11NioProtocol] - Initializing ProtocolHandler ["http-nio-8091"]
2026-09-18 11:45:10 INFO  [catalina.core.StandardService] - Starting service [Tomcat]
2026-09-18 11:45:10 INFO  [catalina.core.StandardEngine] - Starting Servlet engine: [Apache Tomcat/11.0.24]
2026-09-18 11:45:10 INFO  [context.servlet.WebApplicationContextInitializer] - Root WebApplicationContext: initialization completed in 279 ms
2026-09-18 11:45:10 INFO  [hibernate.orm.jpa] - HHH008540: Processing PersistenceUnitInfo [name: default]
2026-09-18 11:45:10 INFO  [jpa.persistenceunit.SpringPersistenceUnitInfo] - No LoadTimeWeaver setup: ignoring JPA class transformer
2026-09-18 11:45:10 INFO  [zaxxer.hikari.HikariDataSource] - HikariPool-10 - Starting...
2026-09-18 11:45:10 INFO  [hikari.pool.HikariPool] - HikariPool-10 - Added connection com.mysql.cj.jdbc.ConnectionImpl@71d4c7e5
2026-09-18 11:45:10 INFO  [zaxxer.hikari.HikariDataSource] - HikariPool-10 - Start completed.
2026-09-18 11:45:10 WARN  [hibernate.orm.deprecation] - HHH90000025: MySQLDialect does not need to be specified explicitly using 'hibernate.dialect' (remove the property setting and it will be selected by default)
2026-09-18 11:45:10 INFO  [orm.connections.pooling] - HHH10001005: Database info:
	Database JDBC URL [jdbc:mysql://localhost:3306/DB_CALENDAR]
	Database driver: MySQL Connector/J
	Database dialect: MySQLDialect
	Database version: 8.0.46
	Default catalog/schema: DB_CALENDAR/undefined
	Autocommit mode: undefined/unknown
	Isolation level: REPEATABLE_READ [default REPEATABLE_READ]
	JDBC fetch size: none
	Pool: DataSourceConnectionProvider
	Minimum pool size: undefined/unknown
	Maximum pool size: undefined/unknown
2026-09-18 11:45:10 INFO  [hibernate.orm.core] - HHH000489: No JTA platform available (set 'hibernate.transaction.jta.platform' to enable JTA platform integration)
2026-09-18 11:45:10 INFO  [orm.jpa.LocalContainerEntityManagerFactoryBean] - Initialized JPA EntityManagerFactory for persistence unit 'default'
2026-09-18 11:45:10 WARN  [jpa.autoconfigure.JpaBaseConfiguration$JpaWebConfiguration] - spring.jpa.open-in-view is enabled by default. Therefore, database queries may be performed during view rendering. Explicitly configure spring.jpa.open-in-view to disable this warning
2026-09-18 11:45:10 INFO  [authentication.configuration.InitializeUserDetailsBeanManagerConfigurer$InitializeUserDetailsManagerConfigurer] - Global AuthenticationManager configured with UserDetailsService bean with name memberDetailsService
2026-09-18 11:45:11 INFO  [coyote.http11.Http11NioProtocol] - Starting ProtocolHandler ["http-nio-8091"]
2026-09-18 11:45:11 INFO  [boot.tomcat.TomcatWebServer] - Tomcat started on port 8091 (http) with context path '/'
2026-09-18 11:45:11 INFO  [devtools.autoconfigure.ConditionEvaluationDeltaLoggingListener] - Condition evaluation unchanged
2026-09-18 11:45:38 INFO  [devtools.autoconfigure.LocalDevToolsAutoConfiguration$RestartingClassPathChangeChangedEventListener] - Restarting due to 24 class path changes (0 additions, 0 deletions, 24 modifications)
2026-09-18 11:45:38 INFO  [boot.tomcat.GracefulShutdown] - Commencing graceful shutdown. Waiting for active requests to complete
2026-09-18 11:45:38 INFO  [coyote.http11.Http11NioProtocol] - Pausing ProtocolHandler ["http-nio-8091"]
2026-09-18 11:45:38 INFO  [boot.tomcat.GracefulShutdown] - Graceful shutdown complete
2026-09-18 11:45:38 INFO  [coyote.http11.Http11NioProtocol] - Stopping ProtocolHandler ["http-nio-8091"]
2026-09-18 11:45:38 INFO  [orm.jpa.LocalContainerEntityManagerFactoryBean] - Closing JPA EntityManagerFactory for persistence unit 'default'
2026-09-18 11:45:38 INFO  [zaxxer.hikari.HikariDataSource] - HikariPool-10 - Shutdown initiated...
2026-09-18 11:45:38 INFO  [zaxxer.hikari.HikariDataSource] - HikariPool-10 - Shutdown completed.
2026-09-18 11:45:38 INFO  [repository.config.RepositoryConfigurationDelegate] - Bootstrapping Spring Data JPA repositories in DEFAULT mode.
2026-09-18 11:45:38 INFO  [repository.config.RepositoryConfigurationDelegate] - Finished Spring Data repository scanning in 7 ms. Found 2 JPA repository interfaces.
2026-09-18 11:45:38 INFO  [boot.tomcat.TomcatWebServer] - Tomcat initialized with port 8091 (http)
2026-09-18 11:45:38 INFO  [coyote.http11.Http11NioProtocol] - Initializing ProtocolHandler ["http-nio-8091"]
2026-09-18 11:45:38 INFO  [catalina.core.StandardService] - Starting service [Tomcat]
2026-09-18 11:45:38 INFO  [catalina.core.StandardEngine] - Starting Servlet engine: [Apache Tomcat/11.0.24]
2026-09-18 11:45:38 INFO  [context.servlet.WebApplicationContextInitializer] - Root WebApplicationContext: initialization completed in 277 ms
2026-09-18 11:45:38 INFO  [hibernate.orm.jpa] - HHH008540: Processing PersistenceUnitInfo [name: default]
2026-09-18 11:45:38 INFO  [jpa.persistenceunit.SpringPersistenceUnitInfo] - No LoadTimeWeaver setup: ignoring JPA class transformer
2026-09-18 11:45:38 INFO  [zaxxer.hikari.HikariDataSource] - HikariPool-11 - Starting...
2026-09-18 11:45:38 INFO  [hikari.pool.HikariPool] - HikariPool-11 - Added connection com.mysql.cj.jdbc.ConnectionImpl@7c5f538
2026-09-18 11:45:38 INFO  [zaxxer.hikari.HikariDataSource] - HikariPool-11 - Start completed.
2026-09-18 11:45:38 WARN  [hibernate.orm.deprecation] - HHH90000025: MySQLDialect does not need to be specified explicitly using 'hibernate.dialect' (remove the property setting and it will be selected by default)
2026-09-18 11:45:38 INFO  [orm.connections.pooling] - HHH10001005: Database info:
	Database JDBC URL [jdbc:mysql://localhost:3306/DB_CALENDAR]
	Database driver: MySQL Connector/J
	Database dialect: MySQLDialect
	Database version: 8.0.46
	Default catalog/schema: DB_CALENDAR/undefined
	Autocommit mode: undefined/unknown
	Isolation level: REPEATABLE_READ [default REPEATABLE_READ]
	JDBC fetch size: none
	Pool: DataSourceConnectionProvider
	Minimum pool size: undefined/unknown
	Maximum pool size: undefined/unknown
2026-09-18 11:45:38 INFO  [hibernate.orm.core] - HHH000489: No JTA platform available (set 'hibernate.transaction.jta.platform' to enable JTA platform integration)
2026-09-18 11:45:38 INFO  [orm.jpa.LocalContainerEntityManagerFactoryBean] - Initialized JPA EntityManagerFactory for persistence unit 'default'
2026-09-18 11:45:38 WARN  [jpa.autoconfigure.JpaBaseConfiguration$JpaWebConfiguration] - spring.jpa.open-in-view is enabled by default. Therefore, database queries may be performed during view rendering. Explicitly configure spring.jpa.open-in-view to disable this warning
2026-09-18 11:45:38 INFO  [authentication.configuration.InitializeUserDetailsBeanManagerConfigurer$InitializeUserDetailsManagerConfigurer] - Global AuthenticationManager configured with UserDetailsService bean with name memberDetailsService
2026-09-18 11:45:39 INFO  [coyote.http11.Http11NioProtocol] - Starting ProtocolHandler ["http-nio-8091"]
2026-09-18 11:45:39 INFO  [boot.tomcat.TomcatWebServer] - Tomcat started on port 8091 (http) with context path '/'
2026-09-18 11:45:39 INFO  [devtools.autoconfigure.ConditionEvaluationDeltaLoggingListener] - Condition evaluation unchanged
2026-09-18 11:46:50 INFO  [boot.tomcat.GracefulShutdown] - Commencing graceful shutdown. Waiting for active requests to complete
2026-09-18 11:46:50 INFO  [boot.tomcat.GracefulShutdown] - Graceful shutdown complete
2026-09-18 11:46:50 INFO  [orm.jpa.LocalContainerEntityManagerFactoryBean] - Closing JPA EntityManagerFactory for persistence unit 'default'
2026-09-18 11:46:50 INFO  [zaxxer.hikari.HikariDataSource] - HikariPool-11 - Shutdown initiated...
2026-09-18 11:46:50 INFO  [zaxxer.hikari.HikariDataSource] - HikariPool-11 - Shutdown completed.
2026-09-18 11:46:53 INFO  [devtools.env.DevToolsPropertyDefaultsPostProcessor] - Devtools property defaults active! Set 'spring.devtools.add-properties' to 'false' to disable
2026-09-18 11:46:53 INFO  [devtools.env.DevToolsPropertyDefaultsPostProcessor] - For additional web related logging consider setting the 'logging.level.web' property to 'DEBUG'
2026-09-18 11:46:54 INFO  [repository.config.RepositoryConfigurationDelegate] - Bootstrapping Spring Data JPA repositories in DEFAULT mode.
2026-09-18 11:46:54 INFO  [repository.config.RepositoryConfigurationDelegate] - Finished Spring Data repository scanning in 41 ms. Found 2 JPA repository interfaces.
2026-09-18 11:46:54 INFO  [boot.tomcat.TomcatWebServer] - Tomcat initialized with port 8091 (http)
2026-09-18 11:46:54 INFO  [coyote.http11.Http11NioProtocol] - Initializing ProtocolHandler ["http-nio-8091"]
2026-09-18 11:46:54 INFO  [catalina.core.StandardService] - Starting service [Tomcat]
2026-09-18 11:46:54 INFO  [catalina.core.StandardEngine] - Starting Servlet engine: [Apache Tomcat/11.0.24]
2026-09-18 11:46:54 INFO  [context.servlet.WebApplicationContextInitializer] - Root WebApplicationContext: initialization completed in 1365 ms
2026-09-18 11:46:54 INFO  [hibernate.orm.jpa] - HHH008540: Processing PersistenceUnitInfo [name: default]
2026-09-18 11:46:55 INFO  [hibernate.orm.core] - HHH000001: Hibernate ORM core version 7.4.5.Final
2026-09-18 11:46:55 INFO  [jpa.persistenceunit.SpringPersistenceUnitInfo] - No LoadTimeWeaver setup: ignoring JPA class transformer
2026-09-18 11:46:55 INFO  [zaxxer.hikari.HikariDataSource] - HikariPool-1 - Starting...
2026-09-18 11:46:55 INFO  [hikari.pool.HikariPool] - HikariPool-1 - Added connection com.mysql.cj.jdbc.ConnectionImpl@41b92b51
2026-09-18 11:46:55 INFO  [zaxxer.hikari.HikariDataSource] - HikariPool-1 - Start completed.
2026-09-18 11:46:55 WARN  [hibernate.orm.deprecation] - HHH90000025: MySQLDialect does not need to be specified explicitly using 'hibernate.dialect' (remove the property setting and it will be selected by default)
2026-09-18 11:46:55 INFO  [orm.connections.pooling] - HHH10001005: Database info:
	Database JDBC URL [jdbc:mysql://localhost:3306/DB_CALENDAR]
	Database driver: MySQL Connector/J
	Database dialect: MySQLDialect
	Database version: 8.0.46
	Default catalog/schema: DB_CALENDAR/undefined
	Autocommit mode: undefined/unknown
	Isolation level: REPEATABLE_READ [default REPEATABLE_READ]
	JDBC fetch size: none
	Pool: DataSourceConnectionProvider
	Minimum pool size: undefined/unknown
	Maximum pool size: undefined/unknown
2026-09-18 11:46:56 INFO  [hibernate.orm.core] - HHH000489: No JTA platform available (set 'hibernate.transaction.jta.platform' to enable JTA platform integration)
2026-09-18 11:46:56 INFO  [orm.jpa.LocalContainerEntityManagerFactoryBean] - Initialized JPA EntityManagerFactory for persistence unit 'default'
2026-09-18 11:46:56 INFO  [repository.query.QueryEnhancerFactories] - Hibernate is in classpath; If applicable, HQL parser will be used.
2026-09-18 11:46:57 WARN  [jpa.autoconfigure.JpaBaseConfiguration$JpaWebConfiguration] - spring.jpa.open-in-view is enabled by default. Therefore, database queries may be performed during view rendering. Explicitly configure spring.jpa.open-in-view to disable this warning
2026-09-18 11:46:57 INFO  [authentication.configuration.InitializeUserDetailsBeanManagerConfigurer$InitializeUserDetailsManagerConfigurer] - Global AuthenticationManager configured with UserDetailsService bean with name memberDetailsService
2026-09-18 11:46:57 INFO  [coyote.http11.Http11NioProtocol] - Starting ProtocolHandler ["http-nio-8091"]
2026-09-18 11:46:57 INFO  [boot.tomcat.TomcatWebServer] - Tomcat started on port 8091 (http) with context path '/'
2026-09-18 11:47:01 INFO  [[Tomcat].[localhost].[/]] - Initializing Spring DispatcherServlet 'dispatcherServlet'
2026-09-18 11:47:01 INFO  [web.servlet.DispatcherServlet] - Initializing Servlet 'dispatcherServlet'
2026-09-18 11:47:01 INFO  [web.servlet.DispatcherServlet] - Completed initialization in 1 ms
2026-09-18 11:47:50 INFO  [devtools.autoconfigure.LocalDevToolsAutoConfiguration$RestartingClassPathChangeChangedEventListener] - Restarting due to 24 class path changes (0 additions, 0 deletions, 24 modifications)
2026-09-18 11:47:50 INFO  [boot.tomcat.GracefulShutdown] - Commencing graceful shutdown. Waiting for active requests to complete
2026-09-18 11:47:50 INFO  [coyote.http11.Http11NioProtocol] - Pausing ProtocolHandler ["http-nio-8091"]
2026-09-18 11:47:50 INFO  [boot.tomcat.GracefulShutdown] - Graceful shutdown complete
2026-09-18 11:47:50 INFO  [coyote.http11.Http11NioProtocol] - Stopping ProtocolHandler ["http-nio-8091"]
2026-09-18 11:47:50 INFO  [orm.jpa.LocalContainerEntityManagerFactoryBean] - Closing JPA EntityManagerFactory for persistence unit 'default'
2026-09-18 11:47:50 INFO  [zaxxer.hikari.HikariDataSource] - HikariPool-1 - Shutdown initiated...
2026-09-18 11:47:50 INFO  [zaxxer.hikari.HikariDataSource] - HikariPool-1 - Shutdown completed.
2026-09-18 11:47:51 INFO  [repository.config.RepositoryConfigurationDelegate] - Bootstrapping Spring Data JPA repositories in DEFAULT mode.
2026-09-18 11:47:51 INFO  [repository.config.RepositoryConfigurationDelegate] - Finished Spring Data repository scanning in 10 ms. Found 2 JPA repository interfaces.
2026-09-18 11:47:51 INFO  [boot.tomcat.TomcatWebServer] - Tomcat initialized with port 8091 (http)
2026-09-18 11:47:51 INFO  [coyote.http11.Http11NioProtocol] - Initializing ProtocolHandler ["http-nio-8091"]
2026-09-18 11:47:51 INFO  [catalina.core.StandardService] - Starting service [Tomcat]
2026-09-18 11:47:51 INFO  [catalina.core.StandardEngine] - Starting Servlet engine: [Apache Tomcat/11.0.24]
2026-09-18 11:47:51 INFO  [context.servlet.WebApplicationContextInitializer] - Root WebApplicationContext: initialization completed in 336 ms
2026-09-18 11:47:51 INFO  [hibernate.orm.jpa] - HHH008540: Processing PersistenceUnitInfo [name: default]
2026-09-18 11:47:51 INFO  [jpa.persistenceunit.SpringPersistenceUnitInfo] - No LoadTimeWeaver setup: ignoring JPA class transformer
2026-09-18 11:47:51 INFO  [zaxxer.hikari.HikariDataSource] - HikariPool-2 - Starting...
2026-09-18 11:47:51 INFO  [hikari.pool.HikariPool] - HikariPool-2 - Added connection com.mysql.cj.jdbc.ConnectionImpl@10ccb8a8
2026-09-18 11:47:51 INFO  [zaxxer.hikari.HikariDataSource] - HikariPool-2 - Start completed.
2026-09-18 11:47:51 WARN  [hibernate.orm.deprecation] - HHH90000025: MySQLDialect does not need to be specified explicitly using 'hibernate.dialect' (remove the property setting and it will be selected by default)
2026-09-18 11:47:51 INFO  [orm.connections.pooling] - HHH10001005: Database info:
	Database JDBC URL [jdbc:mysql://localhost:3306/DB_CALENDAR]
	Database driver: MySQL Connector/J
	Database dialect: MySQLDialect
	Database version: 8.0.46
	Default catalog/schema: DB_CALENDAR/undefined
	Autocommit mode: undefined/unknown
	Isolation level: REPEATABLE_READ [default REPEATABLE_READ]
	JDBC fetch size: none
	Pool: DataSourceConnectionProvider
	Minimum pool size: undefined/unknown
	Maximum pool size: undefined/unknown
2026-09-18 11:47:51 INFO  [hibernate.orm.core] - HHH000489: No JTA platform available (set 'hibernate.transaction.jta.platform' to enable JTA platform integration)
2026-09-18 11:47:51 INFO  [orm.jpa.LocalContainerEntityManagerFactoryBean] - Initialized JPA EntityManagerFactory for persistence unit 'default'
2026-09-18 11:47:51 WARN  [jpa.autoconfigure.JpaBaseConfiguration$JpaWebConfiguration] - spring.jpa.open-in-view is enabled by default. Therefore, database queries may be performed during view rendering. Explicitly configure spring.jpa.open-in-view to disable this warning
2026-09-18 11:47:51 INFO  [authentication.configuration.InitializeUserDetailsBeanManagerConfigurer$InitializeUserDetailsManagerConfigurer] - Global AuthenticationManager configured with UserDetailsService bean with name memberDetailsService
2026-09-18 11:47:51 INFO  [coyote.http11.Http11NioProtocol] - Starting ProtocolHandler ["http-nio-8091"]
2026-09-18 11:47:51 INFO  [boot.tomcat.TomcatWebServer] - Tomcat started on port 8091 (http) with context path '/'
2026-09-18 11:47:51 INFO  [devtools.autoconfigure.ConditionEvaluationDeltaLoggingListener] - Condition evaluation unchanged
2026-09-18 11:48:32 INFO  [devtools.autoconfigure.LocalDevToolsAutoConfiguration$RestartingClassPathChangeChangedEventListener] - Restarting due to 25 class path changes (1 addition, 0 deletions, 24 modifications)
2026-09-18 11:48:32 INFO  [boot.tomcat.GracefulShutdown] - Commencing graceful shutdown. Waiting for active requests to complete
2026-09-18 11:48:32 INFO  [coyote.http11.Http11NioProtocol] - Pausing ProtocolHandler ["http-nio-8091"]
2026-09-18 11:48:32 INFO  [boot.tomcat.GracefulShutdown] - Graceful shutdown complete
2026-09-18 11:48:32 INFO  [coyote.http11.Http11NioProtocol] - Stopping ProtocolHandler ["http-nio-8091"]
2026-09-18 11:48:32 INFO  [orm.jpa.LocalContainerEntityManagerFactoryBean] - Closing JPA EntityManagerFactory for persistence unit 'default'
2026-09-18 11:48:32 INFO  [zaxxer.hikari.HikariDataSource] - HikariPool-2 - Shutdown initiated...
2026-09-18 11:48:32 INFO  [zaxxer.hikari.HikariDataSource] - HikariPool-2 - Shutdown completed.
2026-09-18 11:48:32 INFO  [repository.config.RepositoryConfigurationDelegate] - Bootstrapping Spring Data JPA repositories in DEFAULT mode.
2026-09-18 11:48:32 INFO  [repository.config.RepositoryConfigurationDelegate] - Finished Spring Data repository scanning in 9 ms. Found 2 JPA repository interfaces.
2026-09-18 11:48:32 INFO  [boot.tomcat.TomcatWebServer] - Tomcat initialized with port 8091 (http)
2026-09-18 11:48:32 INFO  [coyote.http11.Http11NioProtocol] - Initializing ProtocolHandler ["http-nio-8091"]
2026-09-18 11:48:32 INFO  [catalina.core.StandardService] - Starting service [Tomcat]
2026-09-18 11:48:32 INFO  [catalina.core.StandardEngine] - Starting Servlet engine: [Apache Tomcat/11.0.24]
2026-09-18 11:48:32 INFO  [context.servlet.WebApplicationContextInitializer] - Root WebApplicationContext: initialization completed in 321 ms
2026-09-18 11:48:32 INFO  [hibernate.orm.jpa] - HHH008540: Processing PersistenceUnitInfo [name: default]
2026-09-18 11:48:33 INFO  [jpa.persistenceunit.SpringPersistenceUnitInfo] - No LoadTimeWeaver setup: ignoring JPA class transformer
2026-09-18 11:48:33 INFO  [zaxxer.hikari.HikariDataSource] - HikariPool-3 - Starting...
2026-09-18 11:48:33 INFO  [hikari.pool.HikariPool] - HikariPool-3 - Added connection com.mysql.cj.jdbc.ConnectionImpl@cec8214
2026-09-18 11:48:33 INFO  [zaxxer.hikari.HikariDataSource] - HikariPool-3 - Start completed.
2026-09-18 11:48:33 WARN  [hibernate.orm.deprecation] - HHH90000025: MySQLDialect does not need to be specified explicitly using 'hibernate.dialect' (remove the property setting and it will be selected by default)
2026-09-18 11:48:33 INFO  [orm.connections.pooling] - HHH10001005: Database info:
	Database JDBC URL [jdbc:mysql://localhost:3306/DB_CALENDAR]
	Database driver: MySQL Connector/J
	Database dialect: MySQLDialect
	Database version: 8.0.46
	Default catalog/schema: DB_CALENDAR/undefined
	Autocommit mode: undefined/unknown
	Isolation level: REPEATABLE_READ [default REPEATABLE_READ]
	JDBC fetch size: none
	Pool: DataSourceConnectionProvider
	Minimum pool size: undefined/unknown
	Maximum pool size: undefined/unknown
2026-09-18 11:48:33 INFO  [hibernate.orm.core] - HHH000489: No JTA platform available (set 'hibernate.transaction.jta.platform' to enable JTA platform integration)
2026-09-18 11:48:33 INFO  [orm.jpa.LocalContainerEntityManagerFactoryBean] - Initialized JPA EntityManagerFactory for persistence unit 'default'
2026-09-18 11:48:33 WARN  [jpa.autoconfigure.JpaBaseConfiguration$JpaWebConfiguration] - spring.jpa.open-in-view is enabled by default. Therefore, database queries may be performed during view rendering. Explicitly configure spring.jpa.open-in-view to disable this warning
2026-09-18 11:48:33 INFO  [authentication.configuration.InitializeUserDetailsBeanManagerConfigurer$InitializeUserDetailsManagerConfigurer] - Global AuthenticationManager configured with UserDetailsService bean with name memberDetailsService
2026-09-18 11:48:33 INFO  [coyote.http11.Http11NioProtocol] - Starting ProtocolHandler ["http-nio-8091"]
2026-09-18 11:48:33 INFO  [boot.tomcat.TomcatWebServer] - Tomcat started on port 8091 (http) with context path '/'
2026-09-18 11:48:33 INFO  [devtools.autoconfigure.ConditionEvaluationDeltaLoggingListener] - Condition evaluation unchanged
2026-09-18 11:49:26 INFO  [devtools.autoconfigure.LocalDevToolsAutoConfiguration$RestartingClassPathChangeChangedEventListener] - Restarting due to 25 class path changes (0 additions, 0 deletions, 25 modifications)
2026-09-18 11:49:26 INFO  [boot.tomcat.GracefulShutdown] - Commencing graceful shutdown. Waiting for active requests to complete
2026-09-18 11:49:26 INFO  [coyote.http11.Http11NioProtocol] - Pausing ProtocolHandler ["http-nio-8091"]
2026-09-18 11:49:26 INFO  [boot.tomcat.GracefulShutdown] - Graceful shutdown complete
2026-09-18 11:49:26 INFO  [coyote.http11.Http11NioProtocol] - Stopping ProtocolHandler ["http-nio-8091"]
2026-09-18 11:49:26 INFO  [orm.jpa.LocalContainerEntityManagerFactoryBean] - Closing JPA EntityManagerFactory for persistence unit 'default'
2026-09-18 11:49:26 INFO  [zaxxer.hikari.HikariDataSource] - HikariPool-3 - Shutdown initiated...
2026-09-18 11:49:26 INFO  [zaxxer.hikari.HikariDataSource] - HikariPool-3 - Shutdown completed.
2026-09-18 11:49:26 INFO  [repository.config.RepositoryConfigurationDelegate] - Bootstrapping Spring Data JPA repositories in DEFAULT mode.
2026-09-18 11:49:26 INFO  [repository.config.RepositoryConfigurationDelegate] - Finished Spring Data repository scanning in 8 ms. Found 2 JPA repository interfaces.
2026-09-18 11:49:26 INFO  [boot.tomcat.TomcatWebServer] - Tomcat initialized with port 8091 (http)
2026-09-18 11:49:26 INFO  [coyote.http11.Http11NioProtocol] - Initializing ProtocolHandler ["http-nio-8091"]
2026-09-18 11:49:26 INFO  [catalina.core.StandardService] - Starting service [Tomcat]
2026-09-18 11:49:26 INFO  [catalina.core.StandardEngine] - Starting Servlet engine: [Apache Tomcat/11.0.24]
2026-09-18 11:49:26 INFO  [context.servlet.WebApplicationContextInitializer] - Root WebApplicationContext: initialization completed in 282 ms
2026-09-18 11:49:26 INFO  [hibernate.orm.jpa] - HHH008540: Processing PersistenceUnitInfo [name: default]
2026-09-18 11:49:26 INFO  [jpa.persistenceunit.SpringPersistenceUnitInfo] - No LoadTimeWeaver setup: ignoring JPA class transformer
2026-09-18 11:49:26 INFO  [zaxxer.hikari.HikariDataSource] - HikariPool-4 - Starting...
2026-09-18 11:49:26 INFO  [hikari.pool.HikariPool] - HikariPool-4 - Added connection com.mysql.cj.jdbc.ConnectionImpl@ba01513
2026-09-18 11:49:26 INFO  [zaxxer.hikari.HikariDataSource] - HikariPool-4 - Start completed.
2026-09-18 11:49:26 WARN  [hibernate.orm.deprecation] - HHH90000025: MySQLDialect does not need to be specified explicitly using 'hibernate.dialect' (remove the property setting and it will be selected by default)
2026-09-18 11:49:26 INFO  [orm.connections.pooling] - HHH10001005: Database info:
	Database JDBC URL [jdbc:mysql://localhost:3306/DB_CALENDAR]
	Database driver: MySQL Connector/J
	Database dialect: MySQLDialect
	Database version: 8.0.46
	Default catalog/schema: DB_CALENDAR/undefined
	Autocommit mode: undefined/unknown
	Isolation level: REPEATABLE_READ [default REPEATABLE_READ]
	JDBC fetch size: none
	Pool: DataSourceConnectionProvider
	Minimum pool size: undefined/unknown
	Maximum pool size: undefined/unknown
2026-09-18 11:49:26 INFO  [hibernate.orm.core] - HHH000489: No JTA platform available (set 'hibernate.transaction.jta.platform' to enable JTA platform integration)
2026-09-18 11:49:26 INFO  [orm.jpa.LocalContainerEntityManagerFactoryBean] - Initialized JPA EntityManagerFactory for persistence unit 'default'
2026-09-18 11:49:27 WARN  [jpa.autoconfigure.JpaBaseConfiguration$JpaWebConfiguration] - spring.jpa.open-in-view is enabled by default. Therefore, database queries may be performed during view rendering. Explicitly configure spring.jpa.open-in-view to disable this warning
2026-09-18 11:49:27 INFO  [authentication.configuration.InitializeUserDetailsBeanManagerConfigurer$InitializeUserDetailsManagerConfigurer] - Global AuthenticationManager configured with UserDetailsService bean with name memberDetailsService
2026-09-18 11:49:27 INFO  [coyote.http11.Http11NioProtocol] - Starting ProtocolHandler ["http-nio-8091"]
2026-09-18 11:49:27 INFO  [boot.tomcat.TomcatWebServer] - Tomcat started on port 8091 (http) with context path '/'
2026-09-18 11:49:27 INFO  [devtools.autoconfigure.ConditionEvaluationDeltaLoggingListener] - Condition evaluation unchanged
2026-09-18 11:49:27 INFO  [[Tomcat].[localhost].[/]] - Initializing Spring DispatcherServlet 'dispatcherServlet'
2026-09-18 11:49:27 INFO  [web.servlet.DispatcherServlet] - Initializing Servlet 'dispatcherServlet'
2026-09-18 11:49:27 INFO  [web.servlet.DispatcherServlet] - Completed initialization in 1 ms
2026-09-18 11:50:21 INFO  [devtools.autoconfigure.LocalDevToolsAutoConfiguration$RestartingClassPathChangeChangedEventListener] - Restarting due to 25 class path changes (0 additions, 0 deletions, 25 modifications)
2026-09-18 11:50:21 INFO  [boot.tomcat.GracefulShutdown] - Commencing graceful shutdown. Waiting for active requests to complete
2026-09-18 11:50:21 INFO  [coyote.http11.Http11NioProtocol] - Pausing ProtocolHandler ["http-nio-8091"]
2026-09-18 11:50:21 INFO  [boot.tomcat.GracefulShutdown] - Graceful shutdown complete
2026-09-18 11:50:21 INFO  [coyote.http11.Http11NioProtocol] - Stopping ProtocolHandler ["http-nio-8091"]
2026-09-18 11:50:21 INFO  [orm.jpa.LocalContainerEntityManagerFactoryBean] - Closing JPA EntityManagerFactory for persistence unit 'default'
2026-09-18 11:50:21 INFO  [zaxxer.hikari.HikariDataSource] - HikariPool-4 - Shutdown initiated...
2026-09-18 11:50:21 INFO  [zaxxer.hikari.HikariDataSource] - HikariPool-4 - Shutdown completed.
2026-09-18 11:50:21 INFO  [repository.config.RepositoryConfigurationDelegate] - Bootstrapping Spring Data JPA repositories in DEFAULT mode.
2026-09-18 11:50:21 INFO  [repository.config.RepositoryConfigurationDelegate] - Finished Spring Data repository scanning in 8 ms. Found 2 JPA repository interfaces.
2026-09-18 11:50:21 INFO  [boot.tomcat.TomcatWebServer] - Tomcat initialized with port 8091 (http)
2026-09-18 11:50:21 INFO  [coyote.http11.Http11NioProtocol] - Initializing ProtocolHandler ["http-nio-8091"]
2026-09-18 11:50:21 INFO  [catalina.core.StandardService] - Starting service [Tomcat]
2026-09-18 11:50:21 INFO  [catalina.core.StandardEngine] - Starting Servlet engine: [Apache Tomcat/11.0.24]
2026-09-18 11:50:21 INFO  [context.servlet.WebApplicationContextInitializer] - Root WebApplicationContext: initialization completed in 294 ms
2026-09-18 11:50:21 INFO  [hibernate.orm.jpa] - HHH008540: Processing PersistenceUnitInfo [name: default]
2026-09-18 11:50:21 INFO  [jpa.persistenceunit.SpringPersistenceUnitInfo] - No LoadTimeWeaver setup: ignoring JPA class transformer
2026-09-18 11:50:21 INFO  [zaxxer.hikari.HikariDataSource] - HikariPool-5 - Starting...
2026-09-18 11:50:21 INFO  [hikari.pool.HikariPool] - HikariPool-5 - Added connection com.mysql.cj.jdbc.ConnectionImpl@62293e72
2026-09-18 11:50:21 INFO  [zaxxer.hikari.HikariDataSource] - HikariPool-5 - Start completed.
2026-09-18 11:50:21 WARN  [hibernate.orm.deprecation] - HHH90000025: MySQLDialect does not need to be specified explicitly using 'hibernate.dialect' (remove the property setting and it will be selected by default)
2026-09-18 11:50:21 INFO  [orm.connections.pooling] - HHH10001005: Database info:
	Database JDBC URL [jdbc:mysql://localhost:3306/DB_CALENDAR]
	Database driver: MySQL Connector/J
	Database dialect: MySQLDialect
	Database version: 8.0.46
	Default catalog/schema: DB_CALENDAR/undefined
	Autocommit mode: undefined/unknown
	Isolation level: REPEATABLE_READ [default REPEATABLE_READ]
	JDBC fetch size: none
	Pool: DataSourceConnectionProvider
	Minimum pool size: undefined/unknown
	Maximum pool size: undefined/unknown
2026-09-18 11:50:21 INFO  [hibernate.orm.core] - HHH000489: No JTA platform available (set 'hibernate.transaction.jta.platform' to enable JTA platform integration)
2026-09-18 11:50:21 INFO  [orm.jpa.LocalContainerEntityManagerFactoryBean] - Initialized JPA EntityManagerFactory for persistence unit 'default'
2026-09-18 11:50:21 WARN  [jpa.autoconfigure.JpaBaseConfiguration$JpaWebConfiguration] - spring.jpa.open-in-view is enabled by default. Therefore, database queries may be performed during view rendering. Explicitly configure spring.jpa.open-in-view to disable this warning
2026-09-18 11:50:21 INFO  [authentication.configuration.InitializeUserDetailsBeanManagerConfigurer$InitializeUserDetailsManagerConfigurer] - Global AuthenticationManager configured with UserDetailsService bean with name memberDetailsService
2026-09-18 11:50:22 INFO  [coyote.http11.Http11NioProtocol] - Starting ProtocolHandler ["http-nio-8091"]
2026-09-18 11:50:22 INFO  [boot.tomcat.TomcatWebServer] - Tomcat started on port 8091 (http) with context path '/'
2026-09-18 11:50:22 INFO  [devtools.autoconfigure.ConditionEvaluationDeltaLoggingListener] - Condition evaluation unchanged
2026-09-18 11:50:22 INFO  [[Tomcat].[localhost].[/]] - Initializing Spring DispatcherServlet 'dispatcherServlet'
2026-09-18 11:50:22 INFO  [web.servlet.DispatcherServlet] - Initializing Servlet 'dispatcherServlet'
2026-09-18 11:50:22 INFO  [web.servlet.DispatcherServlet] - Completed initialization in 3 ms
2026-09-18 12:03:16 INFO  [devtools.autoconfigure.LocalDevToolsAutoConfiguration$RestartingClassPathChangeChangedEventListener] - Restarting due to 25 class path changes (0 additions, 0 deletions, 25 modifications)
2026-09-18 12:03:16 INFO  [boot.tomcat.GracefulShutdown] - Commencing graceful shutdown. Waiting for active requests to complete
2026-09-18 12:03:16 INFO  [coyote.http11.Http11NioProtocol] - Pausing ProtocolHandler ["http-nio-8091"]
2026-09-18 12:03:16 INFO  [boot.tomcat.GracefulShutdown] - Graceful shutdown complete
2026-09-18 12:03:16 INFO  [coyote.http11.Http11NioProtocol] - Stopping ProtocolHandler ["http-nio-8091"]
2026-09-18 12:03:16 INFO  [orm.jpa.LocalContainerEntityManagerFactoryBean] - Closing JPA EntityManagerFactory for persistence unit 'default'
2026-09-18 12:03:16 INFO  [zaxxer.hikari.HikariDataSource] - HikariPool-5 - Shutdown initiated...
2026-09-18 12:03:16 INFO  [zaxxer.hikari.HikariDataSource] - HikariPool-5 - Shutdown completed.
2026-09-18 12:03:17 INFO  [repository.config.RepositoryConfigurationDelegate] - Bootstrapping Spring Data JPA repositories in DEFAULT mode.
2026-09-18 12:03:17 INFO  [repository.config.RepositoryConfigurationDelegate] - Finished Spring Data repository scanning in 13 ms. Found 2 JPA repository interfaces.
2026-09-18 12:03:17 INFO  [boot.tomcat.TomcatWebServer] - Tomcat initialized with port 8091 (http)
2026-09-18 12:03:17 INFO  [coyote.http11.Http11NioProtocol] - Initializing ProtocolHandler ["http-nio-8091"]
2026-09-18 12:03:17 INFO  [catalina.core.StandardService] - Starting service [Tomcat]
2026-09-18 12:03:17 INFO  [catalina.core.StandardEngine] - Starting Servlet engine: [Apache Tomcat/11.0.24]
2026-09-18 12:03:17 INFO  [context.servlet.WebApplicationContextInitializer] - Root WebApplicationContext: initialization completed in 528 ms
2026-09-18 12:03:17 INFO  [hibernate.orm.jpa] - HHH008540: Processing PersistenceUnitInfo [name: default]
2026-09-18 12:03:17 INFO  [jpa.persistenceunit.SpringPersistenceUnitInfo] - No LoadTimeWeaver setup: ignoring JPA class transformer
2026-09-18 12:03:17 INFO  [zaxxer.hikari.HikariDataSource] - HikariPool-6 - Starting...
2026-09-18 12:03:17 INFO  [hikari.pool.HikariPool] - HikariPool-6 - Added connection com.mysql.cj.jdbc.ConnectionImpl@3c1dcfc8
2026-09-18 12:03:17 INFO  [zaxxer.hikari.HikariDataSource] - HikariPool-6 - Start completed.
2026-09-18 12:03:17 WARN  [hibernate.orm.deprecation] - HHH90000025: MySQLDialect does not need to be specified explicitly using 'hibernate.dialect' (remove the property setting and it will be selected by default)
2026-09-18 12:03:17 INFO  [orm.connections.pooling] - HHH10001005: Database info:
	Database JDBC URL [jdbc:mysql://localhost:3306/DB_CALENDAR]
	Database driver: MySQL Connector/J
	Database dialect: MySQLDialect
	Database version: 8.0.46
	Default catalog/schema: DB_CALENDAR/undefined
	Autocommit mode: undefined/unknown
	Isolation level: REPEATABLE_READ [default REPEATABLE_READ]
	JDBC fetch size: none
	Pool: DataSourceConnectionProvider
	Minimum pool size: undefined/unknown
	Maximum pool size: undefined/unknown
2026-09-18 12:03:17 INFO  [hibernate.orm.core] - HHH000489: No JTA platform available (set 'hibernate.transaction.jta.platform' to enable JTA platform integration)
2026-09-18 12:03:17 INFO  [orm.jpa.LocalContainerEntityManagerFactoryBean] - Initialized JPA EntityManagerFactory for persistence unit 'default'
2026-09-18 12:03:17 WARN  [jpa.autoconfigure.JpaBaseConfiguration$JpaWebConfiguration] - spring.jpa.open-in-view is enabled by default. Therefore, database queries may be performed during view rendering. Explicitly configure spring.jpa.open-in-view to disable this warning
2026-09-18 12:03:17 INFO  [authentication.configuration.InitializeUserDetailsBeanManagerConfigurer$InitializeUserDetailsManagerConfigurer] - Global AuthenticationManager configured with UserDetailsService bean with name memberDetailsService
2026-09-18 12:03:17 INFO  [coyote.http11.Http11NioProtocol] - Starting ProtocolHandler ["http-nio-8091"]
2026-09-18 12:03:17 INFO  [boot.tomcat.TomcatWebServer] - Tomcat started on port 8091 (http) with context path '/'
2026-09-18 12:03:18 INFO  [devtools.autoconfigure.ConditionEvaluationDeltaLoggingListener] - Condition evaluation unchanged
2026-09-18 12:03:33 INFO  [devtools.autoconfigure.LocalDevToolsAutoConfiguration$RestartingClassPathChangeChangedEventListener] - Restarting due to 25 class path changes (0 additions, 0 deletions, 25 modifications)
2026-09-18 12:03:33 INFO  [boot.tomcat.GracefulShutdown] - Commencing graceful shutdown. Waiting for active requests to complete
2026-09-18 12:03:33 INFO  [coyote.http11.Http11NioProtocol] - Pausing ProtocolHandler ["http-nio-8091"]
2026-09-18 12:03:33 INFO  [boot.tomcat.GracefulShutdown] - Graceful shutdown complete
2026-09-18 12:03:33 INFO  [coyote.http11.Http11NioProtocol] - Stopping ProtocolHandler ["http-nio-8091"]
2026-09-18 12:03:33 INFO  [orm.jpa.LocalContainerEntityManagerFactoryBean] - Closing JPA EntityManagerFactory for persistence unit 'default'
2026-09-18 12:03:33 INFO  [zaxxer.hikari.HikariDataSource] - HikariPool-6 - Shutdown initiated...
2026-09-18 12:03:33 INFO  [zaxxer.hikari.HikariDataSource] - HikariPool-6 - Shutdown completed.
2026-09-18 12:03:34 INFO  [repository.config.RepositoryConfigurationDelegate] - Bootstrapping Spring Data JPA repositories in DEFAULT mode.
2026-09-18 12:03:34 INFO  [repository.config.RepositoryConfigurationDelegate] - Finished Spring Data repository scanning in 7 ms. Found 2 JPA repository interfaces.
2026-09-18 12:03:34 INFO  [boot.tomcat.TomcatWebServer] - Tomcat initialized with port 8091 (http)
2026-09-18 12:03:34 INFO  [coyote.http11.Http11NioProtocol] - Initializing ProtocolHandler ["http-nio-8091"]
2026-09-18 12:03:34 INFO  [catalina.core.StandardService] - Starting service [Tomcat]
2026-09-18 12:03:34 INFO  [catalina.core.StandardEngine] - Starting Servlet engine: [Apache Tomcat/11.0.24]
2026-09-18 12:03:34 INFO  [context.servlet.WebApplicationContextInitializer] - Root WebApplicationContext: initialization completed in 312 ms
2026-09-18 12:03:34 INFO  [hibernate.orm.jpa] - HHH008540: Processing PersistenceUnitInfo [name: default]
2026-09-18 12:03:34 INFO  [jpa.persistenceunit.SpringPersistenceUnitInfo] - No LoadTimeWeaver setup: ignoring JPA class transformer
2026-09-18 12:03:34 INFO  [zaxxer.hikari.HikariDataSource] - HikariPool-7 - Starting...
2026-09-18 12:03:34 INFO  [hikari.pool.HikariPool] - HikariPool-7 - Added connection com.mysql.cj.jdbc.ConnectionImpl@3c46ec63
2026-09-18 12:03:34 INFO  [zaxxer.hikari.HikariDataSource] - HikariPool-7 - Start completed.
2026-09-18 12:03:34 WARN  [hibernate.orm.deprecation] - HHH90000025: MySQLDialect does not need to be specified explicitly using 'hibernate.dialect' (remove the property setting and it will be selected by default)
2026-09-18 12:03:34 INFO  [orm.connections.pooling] - HHH10001005: Database info:
	Database JDBC URL [jdbc:mysql://localhost:3306/DB_CALENDAR]
	Database driver: MySQL Connector/J
	Database dialect: MySQLDialect
	Database version: 8.0.46
	Default catalog/schema: DB_CALENDAR/undefined
	Autocommit mode: undefined/unknown
	Isolation level: REPEATABLE_READ [default REPEATABLE_READ]
	JDBC fetch size: none
	Pool: DataSourceConnectionProvider
	Minimum pool size: undefined/unknown
	Maximum pool size: undefined/unknown
2026-09-18 12:03:34 INFO  [hibernate.orm.core] - HHH000489: No JTA platform available (set 'hibernate.transaction.jta.platform' to enable JTA platform integration)
2026-09-18 12:03:34 INFO  [orm.jpa.LocalContainerEntityManagerFactoryBean] - Initialized JPA EntityManagerFactory for persistence unit 'default'
2026-09-18 12:03:34 WARN  [jpa.autoconfigure.JpaBaseConfiguration$JpaWebConfiguration] - spring.jpa.open-in-view is enabled by default. Therefore, database queries may be performed during view rendering. Explicitly configure spring.jpa.open-in-view to disable this warning
2026-09-18 12:03:34 INFO  [authentication.configuration.InitializeUserDetailsBeanManagerConfigurer$InitializeUserDetailsManagerConfigurer] - Global AuthenticationManager configured with UserDetailsService bean with name memberDetailsService
2026-09-18 12:03:34 INFO  [coyote.http11.Http11NioProtocol] - Starting ProtocolHandler ["http-nio-8091"]
2026-09-18 12:03:34 INFO  [boot.tomcat.TomcatWebServer] - Tomcat started on port 8091 (http) with context path '/'
2026-09-18 12:03:34 INFO  [devtools.autoconfigure.ConditionEvaluationDeltaLoggingListener] - Condition evaluation unchanged
2026-09-18 12:09:52 INFO  [devtools.autoconfigure.LocalDevToolsAutoConfiguration$RestartingClassPathChangeChangedEventListener] - Restarting due to 25 class path changes (0 additions, 0 deletions, 25 modifications)
2026-09-18 12:09:52 INFO  [boot.tomcat.GracefulShutdown] - Commencing graceful shutdown. Waiting for active requests to complete
2026-09-18 12:09:52 INFO  [coyote.http11.Http11NioProtocol] - Pausing ProtocolHandler ["http-nio-8091"]
2026-09-18 12:09:52 INFO  [boot.tomcat.GracefulShutdown] - Graceful shutdown complete
2026-09-18 12:09:52 INFO  [coyote.http11.Http11NioProtocol] - Stopping ProtocolHandler ["http-nio-8091"]
2026-09-18 12:09:52 INFO  [orm.jpa.LocalContainerEntityManagerFactoryBean] - Closing JPA EntityManagerFactory for persistence unit 'default'
2026-09-18 12:09:52 INFO  [zaxxer.hikari.HikariDataSource] - HikariPool-7 - Shutdown initiated...
2026-09-18 12:09:52 INFO  [zaxxer.hikari.HikariDataSource] - HikariPool-7 - Shutdown completed.
2026-09-18 12:09:52 INFO  [repository.config.RepositoryConfigurationDelegate] - Bootstrapping Spring Data JPA repositories in DEFAULT mode.
2026-09-18 12:09:52 INFO  [repository.config.RepositoryConfigurationDelegate] - Finished Spring Data repository scanning in 8 ms. Found 2 JPA repository interfaces.
2026-09-18 12:09:53 INFO  [boot.tomcat.TomcatWebServer] - Tomcat initialized with port 8091 (http)
2026-09-18 12:09:53 INFO  [coyote.http11.Http11NioProtocol] - Initializing ProtocolHandler ["http-nio-8091"]
2026-09-18 12:09:53 INFO  [catalina.core.StandardService] - Starting service [Tomcat]
2026-09-18 12:09:53 INFO  [catalina.core.StandardEngine] - Starting Servlet engine: [Apache Tomcat/11.0.24]
2026-09-18 12:09:53 INFO  [context.servlet.WebApplicationContextInitializer] - Root WebApplicationContext: initialization completed in 304 ms
2026-09-18 12:09:53 INFO  [hibernate.orm.jpa] - HHH008540: Processing PersistenceUnitInfo [name: default]
2026-09-18 12:09:53 INFO  [jpa.persistenceunit.SpringPersistenceUnitInfo] - No LoadTimeWeaver setup: ignoring JPA class transformer
2026-09-18 12:09:53 INFO  [zaxxer.hikari.HikariDataSource] - HikariPool-8 - Starting...
2026-09-18 12:09:53 INFO  [hikari.pool.HikariPool] - HikariPool-8 - Added connection com.mysql.cj.jdbc.ConnectionImpl@5f6c3870
2026-09-18 12:09:53 INFO  [zaxxer.hikari.HikariDataSource] - HikariPool-8 - Start completed.
2026-09-18 12:09:53 WARN  [hibernate.orm.deprecation] - HHH90000025: MySQLDialect does not need to be specified explicitly using 'hibernate.dialect' (remove the property setting and it will be selected by default)
2026-09-18 12:09:53 INFO  [orm.connections.pooling] - HHH10001005: Database info:
	Database JDBC URL [jdbc:mysql://localhost:3306/DB_CALENDAR]
	Database driver: MySQL Connector/J
	Database dialect: MySQLDialect
	Database version: 8.0.46
	Default catalog/schema: DB_CALENDAR/undefined
	Autocommit mode: undefined/unknown
	Isolation level: REPEATABLE_READ [default REPEATABLE_READ]
	JDBC fetch size: none
	Pool: DataSourceConnectionProvider
	Minimum pool size: undefined/unknown
	Maximum pool size: undefined/unknown
2026-09-18 12:09:53 INFO  [hibernate.orm.core] - HHH000489: No JTA platform available (set 'hibernate.transaction.jta.platform' to enable JTA platform integration)
2026-09-18 12:09:53 INFO  [orm.jpa.LocalContainerEntityManagerFactoryBean] - Initialized JPA EntityManagerFactory for persistence unit 'default'
2026-09-18 12:09:53 WARN  [jpa.autoconfigure.JpaBaseConfiguration$JpaWebConfiguration] - spring.jpa.open-in-view is enabled by default. Therefore, database queries may be performed during view rendering. Explicitly configure spring.jpa.open-in-view to disable this warning
2026-09-18 12:09:53 INFO  [authentication.configuration.InitializeUserDetailsBeanManagerConfigurer$InitializeUserDetailsManagerConfigurer] - Global AuthenticationManager configured with UserDetailsService bean with name memberDetailsService
2026-09-18 12:09:53 INFO  [coyote.http11.Http11NioProtocol] - Starting ProtocolHandler ["http-nio-8091"]
2026-09-18 12:09:53 INFO  [boot.tomcat.TomcatWebServer] - Tomcat started on port 8091 (http) with context path '/'
2026-09-18 12:09:53 INFO  [devtools.autoconfigure.ConditionEvaluationDeltaLoggingListener] - Condition evaluation unchanged
2026-09-18 12:11:59 INFO  [devtools.autoconfigure.LocalDevToolsAutoConfiguration$RestartingClassPathChangeChangedEventListener] - Restarting due to 2 class path changes (0 additions, 0 deletions, 2 modifications)
2026-09-18 12:11:59 INFO  [boot.tomcat.GracefulShutdown] - Commencing graceful shutdown. Waiting for active requests to complete
2026-09-18 12:11:59 INFO  [coyote.http11.Http11NioProtocol] - Pausing ProtocolHandler ["http-nio-8091"]
2026-09-18 12:12:00 INFO  [boot.tomcat.GracefulShutdown] - Graceful shutdown complete
2026-09-18 12:12:00 INFO  [coyote.http11.Http11NioProtocol] - Stopping ProtocolHandler ["http-nio-8091"]
2026-09-18 12:12:00 INFO  [orm.jpa.LocalContainerEntityManagerFactoryBean] - Closing JPA EntityManagerFactory for persistence unit 'default'
2026-09-18 12:12:00 INFO  [zaxxer.hikari.HikariDataSource] - HikariPool-8 - Shutdown initiated...
2026-09-18 12:12:00 INFO  [zaxxer.hikari.HikariDataSource] - HikariPool-8 - Shutdown completed.
2026-09-18 12:12:00 INFO  [repository.config.RepositoryConfigurationDelegate] - Bootstrapping Spring Data JPA repositories in DEFAULT mode.
2026-09-18 12:12:00 INFO  [repository.config.RepositoryConfigurationDelegate] - Finished Spring Data repository scanning in 8 ms. Found 2 JPA repository interfaces.
2026-09-18 12:12:00 INFO  [boot.tomcat.TomcatWebServer] - Tomcat initialized with port 8091 (http)
2026-09-18 12:12:00 INFO  [coyote.http11.Http11NioProtocol] - Initializing ProtocolHandler ["http-nio-8091"]
2026-09-18 12:12:00 INFO  [catalina.core.StandardService] - Starting service [Tomcat]
2026-09-18 12:12:00 INFO  [catalina.core.StandardEngine] - Starting Servlet engine: [Apache Tomcat/11.0.24]
2026-09-18 12:12:00 INFO  [context.servlet.WebApplicationContextInitializer] - Root WebApplicationContext: initialization completed in 278 ms
2026-09-18 12:12:00 INFO  [hibernate.orm.jpa] - HHH008540: Processing PersistenceUnitInfo [name: default]
2026-09-18 12:12:00 INFO  [jpa.persistenceunit.SpringPersistenceUnitInfo] - No LoadTimeWeaver setup: ignoring JPA class transformer
2026-09-18 12:12:00 INFO  [zaxxer.hikari.HikariDataSource] - HikariPool-9 - Starting...
2026-09-18 12:12:00 INFO  [hikari.pool.HikariPool] - HikariPool-9 - Added connection com.mysql.cj.jdbc.ConnectionImpl@3507f651
2026-09-18 12:12:00 INFO  [zaxxer.hikari.HikariDataSource] - HikariPool-9 - Start completed.
2026-09-18 12:12:00 WARN  [hibernate.orm.deprecation] - HHH90000025: MySQLDialect does not need to be specified explicitly using 'hibernate.dialect' (remove the property setting and it will be selected by default)
2026-09-18 12:12:00 INFO  [orm.connections.pooling] - HHH10001005: Database info:
	Database JDBC URL [jdbc:mysql://localhost:3306/DB_CALENDAR]
	Database driver: MySQL Connector/J
	Database dialect: MySQLDialect
	Database version: 8.0.46
	Default catalog/schema: DB_CALENDAR/undefined
	Autocommit mode: undefined/unknown
	Isolation level: REPEATABLE_READ [default REPEATABLE_READ]
	JDBC fetch size: none
	Pool: DataSourceConnectionProvider
	Minimum pool size: undefined/unknown
	Maximum pool size: undefined/unknown
2026-09-18 12:12:00 INFO  [hibernate.orm.core] - HHH000489: No JTA platform available (set 'hibernate.transaction.jta.platform' to enable JTA platform integration)
2026-09-18 12:12:00 INFO  [orm.jpa.LocalContainerEntityManagerFactoryBean] - Initialized JPA EntityManagerFactory for persistence unit 'default'
2026-09-18 12:12:00 WARN  [jpa.autoconfigure.JpaBaseConfiguration$JpaWebConfiguration] - spring.jpa.open-in-view is enabled by default. Therefore, database queries may be performed during view rendering. Explicitly configure spring.jpa.open-in-view to disable this warning
2026-09-18 12:12:00 INFO  [authentication.configuration.InitializeUserDetailsBeanManagerConfigurer$InitializeUserDetailsManagerConfigurer] - Global AuthenticationManager configured with UserDetailsService bean with name memberDetailsService
2026-09-18 12:12:00 INFO  [coyote.http11.Http11NioProtocol] - Starting ProtocolHandler ["http-nio-8091"]
2026-09-18 12:12:00 INFO  [boot.tomcat.TomcatWebServer] - Tomcat started on port 8091 (http) with context path '/'
2026-09-18 12:12:00 INFO  [devtools.autoconfigure.ConditionEvaluationDeltaLoggingListener] - Condition evaluation unchanged
2026-09-18 12:24:20 INFO  [devtools.autoconfigure.LocalDevToolsAutoConfiguration$RestartingClassPathChangeChangedEventListener] - Restarting due to 2 class path changes (0 additions, 2 deletions, 0 modifications)
2026-09-18 12:24:20 INFO  [boot.tomcat.GracefulShutdown] - Commencing graceful shutdown. Waiting for active requests to complete
2026-09-18 12:24:20 INFO  [coyote.http11.Http11NioProtocol] - Pausing ProtocolHandler ["http-nio-8091"]
2026-09-18 12:24:20 INFO  [boot.tomcat.GracefulShutdown] - Graceful shutdown complete
2026-09-18 12:24:20 INFO  [coyote.http11.Http11NioProtocol] - Stopping ProtocolHandler ["http-nio-8091"]
2026-09-18 12:24:20 INFO  [orm.jpa.LocalContainerEntityManagerFactoryBean] - Closing JPA EntityManagerFactory for persistence unit 'default'
2026-09-18 12:24:20 INFO  [zaxxer.hikari.HikariDataSource] - HikariPool-9 - Shutdown initiated...
2026-09-18 12:24:20 INFO  [zaxxer.hikari.HikariDataSource] - HikariPool-9 - Shutdown completed.
2026-09-18 12:24:21 INFO  [repository.config.RepositoryConfigurationDelegate] - Bootstrapping Spring Data JPA repositories in DEFAULT mode.
2026-09-18 12:24:21 INFO  [repository.config.RepositoryConfigurationDelegate] - Finished Spring Data repository scanning in 8 ms. Found 2 JPA repository interfaces.
2026-09-18 12:24:21 INFO  [boot.tomcat.TomcatWebServer] - Tomcat initialized with port 8091 (http)
2026-09-18 12:24:21 INFO  [coyote.http11.Http11NioProtocol] - Initializing ProtocolHandler ["http-nio-8091"]
2026-09-18 12:24:21 INFO  [catalina.core.StandardService] - Starting service [Tomcat]
2026-09-18 12:24:21 INFO  [catalina.core.StandardEngine] - Starting Servlet engine: [Apache Tomcat/11.0.24]
2026-09-18 12:24:21 INFO  [context.servlet.WebApplicationContextInitializer] - Root WebApplicationContext: initialization completed in 304 ms
2026-09-18 12:24:21 INFO  [hibernate.orm.jpa] - HHH008540: Processing PersistenceUnitInfo [name: default]
2026-09-18 12:24:21 INFO  [jpa.persistenceunit.SpringPersistenceUnitInfo] - No LoadTimeWeaver setup: ignoring JPA class transformer
2026-09-18 12:24:21 INFO  [zaxxer.hikari.HikariDataSource] - HikariPool-10 - Starting...
2026-09-18 12:24:21 INFO  [hikari.pool.HikariPool] - HikariPool-10 - Added connection com.mysql.cj.jdbc.ConnectionImpl@17678a9c
2026-09-18 12:24:21 INFO  [zaxxer.hikari.HikariDataSource] - HikariPool-10 - Start completed.
2026-09-18 12:24:21 WARN  [hibernate.orm.deprecation] - HHH90000025: MySQLDialect does not need to be specified explicitly using 'hibernate.dialect' (remove the property setting and it will be selected by default)
2026-09-18 12:24:21 INFO  [orm.connections.pooling] - HHH10001005: Database info:
	Database JDBC URL [jdbc:mysql://localhost:3306/DB_CALENDAR]
	Database driver: MySQL Connector/J
	Database dialect: MySQLDialect
	Database version: 8.0.46
	Default catalog/schema: DB_CALENDAR/undefined
	Autocommit mode: undefined/unknown
	Isolation level: REPEATABLE_READ [default REPEATABLE_READ]
	JDBC fetch size: none
	Pool: DataSourceConnectionProvider
	Minimum pool size: undefined/unknown
	Maximum pool size: undefined/unknown
2026-09-18 12:24:21 INFO  [hibernate.orm.core] - HHH000489: No JTA platform available (set 'hibernate.transaction.jta.platform' to enable JTA platform integration)
2026-09-18 12:24:21 INFO  [orm.jpa.LocalContainerEntityManagerFactoryBean] - Initialized JPA EntityManagerFactory for persistence unit 'default'
2026-09-18 12:24:21 WARN  [jpa.autoconfigure.JpaBaseConfiguration$JpaWebConfiguration] - spring.jpa.open-in-view is enabled by default. Therefore, database queries may be performed during view rendering. Explicitly configure spring.jpa.open-in-view to disable this warning
2026-09-18 12:24:21 INFO  [authentication.configuration.InitializeUserDetailsBeanManagerConfigurer$InitializeUserDetailsManagerConfigurer] - Global AuthenticationManager configured with UserDetailsService bean with name memberDetailsService
2026-09-18 12:24:21 INFO  [coyote.http11.Http11NioProtocol] - Starting ProtocolHandler ["http-nio-8091"]
2026-09-18 12:24:21 INFO  [boot.tomcat.TomcatWebServer] - Tomcat started on port 8091 (http) with context path '/'
2026-09-18 12:24:21 INFO  [devtools.autoconfigure.ConditionEvaluationDeltaLoggingListener] - Condition evaluation unchanged
2026-09-18 12:24:23 INFO  [devtools.autoconfigure.LocalDevToolsAutoConfiguration$RestartingClassPathChangeChangedEventListener] - Restarting due to 2 class path changes (2 additions, 0 deletions, 0 modifications)
2026-09-18 12:24:23 INFO  [boot.tomcat.GracefulShutdown] - Commencing graceful shutdown. Waiting for active requests to complete
2026-09-18 12:24:23 INFO  [coyote.http11.Http11NioProtocol] - Pausing ProtocolHandler ["http-nio-8091"]
2026-09-18 12:24:23 INFO  [boot.tomcat.GracefulShutdown] - Graceful shutdown complete
2026-09-18 12:24:23 INFO  [coyote.http11.Http11NioProtocol] - Stopping ProtocolHandler ["http-nio-8091"]
2026-09-18 12:24:23 INFO  [orm.jpa.LocalContainerEntityManagerFactoryBean] - Closing JPA EntityManagerFactory for persistence unit 'default'
2026-09-18 12:24:23 INFO  [zaxxer.hikari.HikariDataSource] - HikariPool-10 - Shutdown initiated...
2026-09-18 12:24:23 INFO  [zaxxer.hikari.HikariDataSource] - HikariPool-10 - Shutdown completed.
2026-09-18 12:24:23 INFO  [repository.config.RepositoryConfigurationDelegate] - Bootstrapping Spring Data JPA repositories in DEFAULT mode.
2026-09-18 12:24:23 INFO  [repository.config.RepositoryConfigurationDelegate] - Finished Spring Data repository scanning in 7 ms. Found 2 JPA repository interfaces.
2026-09-18 12:24:23 INFO  [boot.tomcat.TomcatWebServer] - Tomcat initialized with port 8091 (http)
2026-09-18 12:24:23 INFO  [coyote.http11.Http11NioProtocol] - Initializing ProtocolHandler ["http-nio-8091"]
2026-09-18 12:24:23 INFO  [catalina.core.StandardService] - Starting service [Tomcat]
2026-09-18 12:24:23 INFO  [catalina.core.StandardEngine] - Starting Servlet engine: [Apache Tomcat/11.0.24]
2026-09-18 12:24:23 INFO  [context.servlet.WebApplicationContextInitializer] - Root WebApplicationContext: initialization completed in 267 ms
2026-09-18 12:24:23 INFO  [hibernate.orm.jpa] - HHH008540: Processing PersistenceUnitInfo [name: default]
2026-09-18 12:24:23 INFO  [jpa.persistenceunit.SpringPersistenceUnitInfo] - No LoadTimeWeaver setup: ignoring JPA class transformer
2026-09-18 12:24:23 INFO  [zaxxer.hikari.HikariDataSource] - HikariPool-11 - Starting...
2026-09-18 12:24:23 INFO  [hikari.pool.HikariPool] - HikariPool-11 - Added connection com.mysql.cj.jdbc.ConnectionImpl@659737fd
2026-09-18 12:24:23 INFO  [zaxxer.hikari.HikariDataSource] - HikariPool-11 - Start completed.
2026-09-18 12:24:23 WARN  [hibernate.orm.deprecation] - HHH90000025: MySQLDialect does not need to be specified explicitly using 'hibernate.dialect' (remove the property setting and it will be selected by default)
2026-09-18 12:24:23 INFO  [orm.connections.pooling] - HHH10001005: Database info:
	Database JDBC URL [jdbc:mysql://localhost:3306/DB_CALENDAR]
	Database driver: MySQL Connector/J
	Database dialect: MySQLDialect
	Database version: 8.0.46
	Default catalog/schema: DB_CALENDAR/undefined
	Autocommit mode: undefined/unknown
	Isolation level: REPEATABLE_READ [default REPEATABLE_READ]
	JDBC fetch size: none
	Pool: DataSourceConnectionProvider
	Minimum pool size: undefined/unknown
	Maximum pool size: undefined/unknown
2026-09-18 12:24:23 INFO  [hibernate.orm.core] - HHH000489: No JTA platform available (set 'hibernate.transaction.jta.platform' to enable JTA platform integration)
2026-09-18 12:24:23 INFO  [orm.jpa.LocalContainerEntityManagerFactoryBean] - Initialized JPA EntityManagerFactory for persistence unit 'default'
2026-09-18 12:24:23 WARN  [jpa.autoconfigure.JpaBaseConfiguration$JpaWebConfiguration] - spring.jpa.open-in-view is enabled by default. Therefore, database queries may be performed during view rendering. Explicitly configure spring.jpa.open-in-view to disable this warning
2026-09-18 12:24:23 INFO  [authentication.configuration.InitializeUserDetailsBeanManagerConfigurer$InitializeUserDetailsManagerConfigurer] - Global AuthenticationManager configured with UserDetailsService bean with name memberDetailsService
2026-09-18 12:24:23 INFO  [coyote.http11.Http11NioProtocol] - Starting ProtocolHandler ["http-nio-8091"]
2026-09-18 12:24:23 INFO  [boot.tomcat.TomcatWebServer] - Tomcat started on port 8091 (http) with context path '/'
2026-09-18 12:24:23 INFO  [devtools.autoconfigure.ConditionEvaluationDeltaLoggingListener] - Condition evaluation unchanged
2026-09-18 12:26:14 INFO  [boot.tomcat.GracefulShutdown] - Commencing graceful shutdown. Waiting for active requests to complete
2026-09-18 12:26:14 INFO  [boot.tomcat.GracefulShutdown] - Graceful shutdown complete
2026-09-18 12:26:14 INFO  [orm.jpa.LocalContainerEntityManagerFactoryBean] - Closing JPA EntityManagerFactory for persistence unit 'default'
2026-09-18 12:26:14 INFO  [zaxxer.hikari.HikariDataSource] - HikariPool-11 - Shutdown initiated...
2026-09-18 12:26:14 INFO  [zaxxer.hikari.HikariDataSource] - HikariPool-11 - Shutdown completed.
2026-09-18 12:26:17 INFO  [devtools.env.DevToolsPropertyDefaultsPostProcessor] - Devtools property defaults active! Set 'spring.devtools.add-properties' to 'false' to disable
2026-09-18 12:26:17 INFO  [devtools.env.DevToolsPropertyDefaultsPostProcessor] - For additional web related logging consider setting the 'logging.level.web' property to 'DEBUG'
2026-09-18 12:26:18 INFO  [repository.config.RepositoryConfigurationDelegate] - Bootstrapping Spring Data JPA repositories in DEFAULT mode.
2026-09-18 12:26:18 INFO  [repository.config.RepositoryConfigurationDelegate] - Finished Spring Data repository scanning in 38 ms. Found 2 JPA repository interfaces.
2026-09-18 12:26:18 INFO  [boot.tomcat.TomcatWebServer] - Tomcat initialized with port 8091 (http)
2026-09-18 12:26:18 INFO  [coyote.http11.Http11NioProtocol] - Initializing ProtocolHandler ["http-nio-8091"]
2026-09-18 12:26:18 INFO  [catalina.core.StandardService] - Starting service [Tomcat]
2026-09-18 12:26:18 INFO  [catalina.core.StandardEngine] - Starting Servlet engine: [Apache Tomcat/11.0.24]
2026-09-18 12:26:18 INFO  [context.servlet.WebApplicationContextInitializer] - Root WebApplicationContext: initialization completed in 1331 ms
2026-09-18 12:26:19 INFO  [hibernate.orm.jpa] - HHH008540: Processing PersistenceUnitInfo [name: default]
2026-09-18 12:26:19 INFO  [hibernate.orm.core] - HHH000001: Hibernate ORM core version 7.4.5.Final
2026-09-18 12:26:19 INFO  [jpa.persistenceunit.SpringPersistenceUnitInfo] - No LoadTimeWeaver setup: ignoring JPA class transformer
2026-09-18 12:26:19 INFO  [zaxxer.hikari.HikariDataSource] - HikariPool-1 - Starting...
2026-09-18 12:26:19 INFO  [hikari.pool.HikariPool] - HikariPool-1 - Added connection com.mysql.cj.jdbc.ConnectionImpl@7d0f1d92
2026-09-18 12:26:19 INFO  [zaxxer.hikari.HikariDataSource] - HikariPool-1 - Start completed.
2026-09-18 12:26:20 WARN  [hibernate.orm.deprecation] - HHH90000025: MySQLDialect does not need to be specified explicitly using 'hibernate.dialect' (remove the property setting and it will be selected by default)
2026-09-18 12:26:20 INFO  [orm.connections.pooling] - HHH10001005: Database info:
	Database JDBC URL [jdbc:mysql://localhost:3306/DB_CALENDAR]
	Database driver: MySQL Connector/J
	Database dialect: MySQLDialect
	Database version: 8.0.46
	Default catalog/schema: DB_CALENDAR/undefined
	Autocommit mode: undefined/unknown
	Isolation level: REPEATABLE_READ [default REPEATABLE_READ]
	JDBC fetch size: none
	Pool: DataSourceConnectionProvider
	Minimum pool size: undefined/unknown
	Maximum pool size: undefined/unknown
2026-09-18 12:26:20 INFO  [hibernate.orm.core] - HHH000489: No JTA platform available (set 'hibernate.transaction.jta.platform' to enable JTA platform integration)
2026-09-18 12:26:21 INFO  [orm.jpa.LocalContainerEntityManagerFactoryBean] - Initialized JPA EntityManagerFactory for persistence unit 'default'
2026-09-18 12:26:21 INFO  [repository.query.QueryEnhancerFactories] - Hibernate is in classpath; If applicable, HQL parser will be used.
2026-09-18 12:26:21 WARN  [jpa.autoconfigure.JpaBaseConfiguration$JpaWebConfiguration] - spring.jpa.open-in-view is enabled by default. Therefore, database queries may be performed during view rendering. Explicitly configure spring.jpa.open-in-view to disable this warning
2026-09-18 12:26:21 INFO  [authentication.configuration.InitializeUserDetailsBeanManagerConfigurer$InitializeUserDetailsManagerConfigurer] - Global AuthenticationManager configured with UserDetailsService bean with name memberDetailsService
2026-09-18 12:26:22 INFO  [coyote.http11.Http11NioProtocol] - Starting ProtocolHandler ["http-nio-8091"]
2026-09-18 12:26:22 INFO  [boot.tomcat.TomcatWebServer] - Tomcat started on port 8091 (http) with context path '/'
2026-09-18 12:26:22 INFO  [[Tomcat].[localhost].[/]] - Initializing Spring DispatcherServlet 'dispatcherServlet'
2026-09-18 12:26:22 INFO  [web.servlet.DispatcherServlet] - Initializing Servlet 'dispatcherServlet'
2026-09-18 12:26:22 INFO  [web.servlet.DispatcherServlet] - Completed initialization in 1 ms
2026-09-18 12:28:55 INFO  [devtools.autoconfigure.LocalDevToolsAutoConfiguration$RestartingClassPathChangeChangedEventListener] - Restarting due to 25 class path changes (0 additions, 0 deletions, 25 modifications)
2026-09-18 12:28:55 INFO  [boot.tomcat.GracefulShutdown] - Commencing graceful shutdown. Waiting for active requests to complete
2026-09-18 12:28:55 INFO  [coyote.http11.Http11NioProtocol] - Pausing ProtocolHandler ["http-nio-8091"]
2026-09-18 12:28:55 INFO  [boot.tomcat.GracefulShutdown] - Graceful shutdown complete
2026-09-18 12:28:55 INFO  [coyote.http11.Http11NioProtocol] - Stopping ProtocolHandler ["http-nio-8091"]
2026-09-18 12:28:55 INFO  [orm.jpa.LocalContainerEntityManagerFactoryBean] - Closing JPA EntityManagerFactory for persistence unit 'default'
2026-09-18 12:28:55 INFO  [zaxxer.hikari.HikariDataSource] - HikariPool-1 - Shutdown initiated...
2026-09-18 12:28:55 INFO  [zaxxer.hikari.HikariDataSource] - HikariPool-1 - Shutdown completed.
2026-09-18 12:28:55 INFO  [repository.config.RepositoryConfigurationDelegate] - Bootstrapping Spring Data JPA repositories in DEFAULT mode.
2026-09-18 12:28:55 INFO  [repository.config.RepositoryConfigurationDelegate] - Finished Spring Data repository scanning in 9 ms. Found 2 JPA repository interfaces.
2026-09-18 12:28:55 INFO  [boot.tomcat.TomcatWebServer] - Tomcat initialized with port 8091 (http)
2026-09-18 12:28:55 INFO  [coyote.http11.Http11NioProtocol] - Initializing ProtocolHandler ["http-nio-8091"]
2026-09-18 12:28:55 INFO  [catalina.core.StandardService] - Starting service [Tomcat]
2026-09-18 12:28:55 INFO  [catalina.core.StandardEngine] - Starting Servlet engine: [Apache Tomcat/11.0.24]
2026-09-18 12:28:55 INFO  [context.servlet.WebApplicationContextInitializer] - Root WebApplicationContext: initialization completed in 334 ms
2026-09-18 12:28:55 INFO  [hibernate.orm.jpa] - HHH008540: Processing PersistenceUnitInfo [name: default]
2026-09-18 12:28:55 INFO  [jpa.persistenceunit.SpringPersistenceUnitInfo] - No LoadTimeWeaver setup: ignoring JPA class transformer
2026-09-18 12:28:55 INFO  [zaxxer.hikari.HikariDataSource] - HikariPool-2 - Starting...
2026-09-18 12:28:55 INFO  [hikari.pool.HikariPool] - HikariPool-2 - Added connection com.mysql.cj.jdbc.ConnectionImpl@59a0931e
2026-09-18 12:28:55 INFO  [zaxxer.hikari.HikariDataSource] - HikariPool-2 - Start completed.
2026-09-18 12:28:55 WARN  [hibernate.orm.deprecation] - HHH90000025: MySQLDialect does not need to be specified explicitly using 'hibernate.dialect' (remove the property setting and it will be selected by default)
2026-09-18 12:28:55 INFO  [orm.connections.pooling] - HHH10001005: Database info:
	Database JDBC URL [jdbc:mysql://localhost:3306/DB_CALENDAR]
	Database driver: MySQL Connector/J
	Database dialect: MySQLDialect
	Database version: 8.0.46
	Default catalog/schema: DB_CALENDAR/undefined
	Autocommit mode: undefined/unknown
	Isolation level: REPEATABLE_READ [default REPEATABLE_READ]
	JDBC fetch size: none
	Pool: DataSourceConnectionProvider
	Minimum pool size: undefined/unknown
	Maximum pool size: undefined/unknown
2026-09-18 12:28:55 INFO  [hibernate.orm.core] - HHH000489: No JTA platform available (set 'hibernate.transaction.jta.platform' to enable JTA platform integration)
2026-09-18 12:28:55 INFO  [orm.jpa.LocalContainerEntityManagerFactoryBean] - Initialized JPA EntityManagerFactory for persistence unit 'default'
2026-09-18 12:28:55 WARN  [jpa.autoconfigure.JpaBaseConfiguration$JpaWebConfiguration] - spring.jpa.open-in-view is enabled by default. Therefore, database queries may be performed during view rendering. Explicitly configure spring.jpa.open-in-view to disable this warning
2026-09-18 12:28:55 INFO  [authentication.configuration.InitializeUserDetailsBeanManagerConfigurer$InitializeUserDetailsManagerConfigurer] - Global AuthenticationManager configured with UserDetailsService bean with name memberDetailsService
2026-09-18 12:28:56 INFO  [coyote.http11.Http11NioProtocol] - Starting ProtocolHandler ["http-nio-8091"]
2026-09-18 12:28:56 INFO  [boot.tomcat.TomcatWebServer] - Tomcat started on port 8091 (http) with context path '/'
2026-09-18 12:28:56 INFO  [devtools.autoconfigure.ConditionEvaluationDeltaLoggingListener] - Condition evaluation unchanged
2026-09-18 12:29:20 INFO  [devtools.autoconfigure.LocalDevToolsAutoConfiguration$RestartingClassPathChangeChangedEventListener] - Restarting due to 25 class path changes (0 additions, 0 deletions, 25 modifications)
2026-09-18 12:29:20 INFO  [boot.tomcat.GracefulShutdown] - Commencing graceful shutdown. Waiting for active requests to complete
2026-09-18 12:29:20 INFO  [coyote.http11.Http11NioProtocol] - Pausing ProtocolHandler ["http-nio-8091"]
2026-09-18 12:29:20 INFO  [boot.tomcat.GracefulShutdown] - Graceful shutdown complete
2026-09-18 12:29:20 INFO  [coyote.http11.Http11NioProtocol] - Stopping ProtocolHandler ["http-nio-8091"]
2026-09-18 12:29:20 INFO  [orm.jpa.LocalContainerEntityManagerFactoryBean] - Closing JPA EntityManagerFactory for persistence unit 'default'
2026-09-18 12:29:20 INFO  [zaxxer.hikari.HikariDataSource] - HikariPool-2 - Shutdown initiated...
2026-09-18 12:29:20 INFO  [zaxxer.hikari.HikariDataSource] - HikariPool-2 - Shutdown completed.
2026-09-18 12:29:20 INFO  [repository.config.RepositoryConfigurationDelegate] - Bootstrapping Spring Data JPA repositories in DEFAULT mode.
2026-09-18 12:29:20 INFO  [repository.config.RepositoryConfigurationDelegate] - Finished Spring Data repository scanning in 8 ms. Found 2 JPA repository interfaces.
2026-09-18 12:29:20 INFO  [boot.tomcat.TomcatWebServer] - Tomcat initialized with port 8091 (http)
2026-09-18 12:29:20 INFO  [coyote.http11.Http11NioProtocol] - Initializing ProtocolHandler ["http-nio-8091"]
2026-09-18 12:29:20 INFO  [catalina.core.StandardService] - Starting service [Tomcat]
2026-09-18 12:29:20 INFO  [catalina.core.StandardEngine] - Starting Servlet engine: [Apache Tomcat/11.0.24]
2026-09-18 12:29:20 INFO  [context.servlet.WebApplicationContextInitializer] - Root WebApplicationContext: initialization completed in 304 ms
2026-09-18 12:29:20 INFO  [hibernate.orm.jpa] - HHH008540: Processing PersistenceUnitInfo [name: default]
2026-09-18 12:29:20 INFO  [jpa.persistenceunit.SpringPersistenceUnitInfo] - No LoadTimeWeaver setup: ignoring JPA class transformer
2026-09-18 12:29:20 INFO  [zaxxer.hikari.HikariDataSource] - HikariPool-3 - Starting...
2026-09-18 12:29:20 INFO  [hikari.pool.HikariPool] - HikariPool-3 - Added connection com.mysql.cj.jdbc.ConnectionImpl@4a302a6b
2026-09-18 12:29:20 INFO  [zaxxer.hikari.HikariDataSource] - HikariPool-3 - Start completed.
2026-09-18 12:29:20 WARN  [hibernate.orm.deprecation] - HHH90000025: MySQLDialect does not need to be specified explicitly using 'hibernate.dialect' (remove the property setting and it will be selected by default)
2026-09-18 12:29:20 INFO  [orm.connections.pooling] - HHH10001005: Database info:
	Database JDBC URL [jdbc:mysql://localhost:3306/DB_CALENDAR]
	Database driver: MySQL Connector/J
	Database dialect: MySQLDialect
	Database version: 8.0.46
	Default catalog/schema: DB_CALENDAR/undefined
	Autocommit mode: undefined/unknown
	Isolation level: REPEATABLE_READ [default REPEATABLE_READ]
	JDBC fetch size: none
	Pool: DataSourceConnectionProvider
	Minimum pool size: undefined/unknown
	Maximum pool size: undefined/unknown
2026-09-18 12:29:20 INFO  [hibernate.orm.core] - HHH000489: No JTA platform available (set 'hibernate.transaction.jta.platform' to enable JTA platform integration)
2026-09-18 12:29:20 INFO  [orm.jpa.LocalContainerEntityManagerFactoryBean] - Initialized JPA EntityManagerFactory for persistence unit 'default'
2026-09-18 12:29:20 WARN  [jpa.autoconfigure.JpaBaseConfiguration$JpaWebConfiguration] - spring.jpa.open-in-view is enabled by default. Therefore, database queries may be performed during view rendering. Explicitly configure spring.jpa.open-in-view to disable this warning
2026-09-18 12:29:20 INFO  [authentication.configuration.InitializeUserDetailsBeanManagerConfigurer$InitializeUserDetailsManagerConfigurer] - Global AuthenticationManager configured with UserDetailsService bean with name memberDetailsService
2026-09-18 12:29:21 INFO  [coyote.http11.Http11NioProtocol] - Starting ProtocolHandler ["http-nio-8091"]
2026-09-18 12:29:21 INFO  [boot.tomcat.TomcatWebServer] - Tomcat started on port 8091 (http) with context path '/'
2026-09-18 12:29:21 INFO  [devtools.autoconfigure.ConditionEvaluationDeltaLoggingListener] - Condition evaluation unchanged
2026-09-18 12:31:02 INFO  [devtools.autoconfigure.LocalDevToolsAutoConfiguration$RestartingClassPathChangeChangedEventListener] - Restarting due to 25 class path changes (0 additions, 0 deletions, 25 modifications)
2026-09-18 12:31:02 INFO  [boot.tomcat.GracefulShutdown] - Commencing graceful shutdown. Waiting for active requests to complete
2026-09-18 12:31:02 INFO  [coyote.http11.Http11NioProtocol] - Pausing ProtocolHandler ["http-nio-8091"]
2026-09-18 12:31:02 INFO  [boot.tomcat.GracefulShutdown] - Graceful shutdown complete
2026-09-18 12:31:02 INFO  [coyote.http11.Http11NioProtocol] - Stopping ProtocolHandler ["http-nio-8091"]
2026-09-18 12:31:02 INFO  [orm.jpa.LocalContainerEntityManagerFactoryBean] - Closing JPA EntityManagerFactory for persistence unit 'default'
2026-09-18 12:31:02 INFO  [zaxxer.hikari.HikariDataSource] - HikariPool-3 - Shutdown initiated...
2026-09-18 12:31:02 INFO  [zaxxer.hikari.HikariDataSource] - HikariPool-3 - Shutdown completed.
2026-09-18 12:31:02 INFO  [repository.config.RepositoryConfigurationDelegate] - Bootstrapping Spring Data JPA repositories in DEFAULT mode.
2026-09-18 12:31:02 INFO  [repository.config.RepositoryConfigurationDelegate] - Finished Spring Data repository scanning in 7 ms. Found 2 JPA repository interfaces.
2026-09-18 12:31:02 INFO  [boot.tomcat.TomcatWebServer] - Tomcat initialized with port 8091 (http)
2026-09-18 12:31:02 INFO  [coyote.http11.Http11NioProtocol] - Initializing ProtocolHandler ["http-nio-8091"]
2026-09-18 12:31:02 INFO  [catalina.core.StandardService] - Starting service [Tomcat]
2026-09-18 12:31:02 INFO  [catalina.core.StandardEngine] - Starting Servlet engine: [Apache Tomcat/11.0.24]
2026-09-18 12:31:02 INFO  [context.servlet.WebApplicationContextInitializer] - Root WebApplicationContext: initialization completed in 292 ms
2026-09-18 12:31:02 INFO  [hibernate.orm.jpa] - HHH008540: Processing PersistenceUnitInfo [name: default]
2026-09-18 12:31:02 INFO  [jpa.persistenceunit.SpringPersistenceUnitInfo] - No LoadTimeWeaver setup: ignoring JPA class transformer
2026-09-18 12:31:02 INFO  [zaxxer.hikari.HikariDataSource] - HikariPool-4 - Starting...
2026-09-18 12:31:02 INFO  [hikari.pool.HikariPool] - HikariPool-4 - Added connection com.mysql.cj.jdbc.ConnectionImpl@6625adf4
2026-09-18 12:31:02 INFO  [zaxxer.hikari.HikariDataSource] - HikariPool-4 - Start completed.
2026-09-18 12:31:02 WARN  [hibernate.orm.deprecation] - HHH90000025: MySQLDialect does not need to be specified explicitly using 'hibernate.dialect' (remove the property setting and it will be selected by default)
2026-09-18 12:31:02 INFO  [orm.connections.pooling] - HHH10001005: Database info:
	Database JDBC URL [jdbc:mysql://localhost:3306/DB_CALENDAR]
	Database driver: MySQL Connector/J
	Database dialect: MySQLDialect
	Database version: 8.0.46
	Default catalog/schema: DB_CALENDAR/undefined
	Autocommit mode: undefined/unknown
	Isolation level: REPEATABLE_READ [default REPEATABLE_READ]
	JDBC fetch size: none
	Pool: DataSourceConnectionProvider
	Minimum pool size: undefined/unknown
	Maximum pool size: undefined/unknown
2026-09-18 12:31:02 INFO  [hibernate.orm.core] - HHH000489: No JTA platform available (set 'hibernate.transaction.jta.platform' to enable JTA platform integration)
2026-09-18 12:31:02 INFO  [orm.jpa.LocalContainerEntityManagerFactoryBean] - Initialized JPA EntityManagerFactory for persistence unit 'default'
2026-09-18 12:31:03 WARN  [jpa.autoconfigure.JpaBaseConfiguration$JpaWebConfiguration] - spring.jpa.open-in-view is enabled by default. Therefore, database queries may be performed during view rendering. Explicitly configure spring.jpa.open-in-view to disable this warning
2026-09-18 12:31:03 INFO  [authentication.configuration.InitializeUserDetailsBeanManagerConfigurer$InitializeUserDetailsManagerConfigurer] - Global AuthenticationManager configured with UserDetailsService bean with name memberDetailsService
2026-09-18 12:31:03 INFO  [coyote.http11.Http11NioProtocol] - Starting ProtocolHandler ["http-nio-8091"]
2026-09-18 12:31:03 INFO  [boot.tomcat.TomcatWebServer] - Tomcat started on port 8091 (http) with context path '/'
2026-09-18 12:31:03 INFO  [devtools.autoconfigure.ConditionEvaluationDeltaLoggingListener] - Condition evaluation unchanged
2026-09-18 12:31:36 INFO  [devtools.autoconfigure.LocalDevToolsAutoConfiguration$RestartingClassPathChangeChangedEventListener] - Restarting due to 25 class path changes (0 additions, 0 deletions, 25 modifications)
2026-09-18 12:31:36 INFO  [boot.tomcat.GracefulShutdown] - Commencing graceful shutdown. Waiting for active requests to complete
2026-09-18 12:31:36 INFO  [coyote.http11.Http11NioProtocol] - Pausing ProtocolHandler ["http-nio-8091"]
2026-09-18 12:31:36 INFO  [boot.tomcat.GracefulShutdown] - Graceful shutdown complete
2026-09-18 12:31:36 INFO  [coyote.http11.Http11NioProtocol] - Stopping ProtocolHandler ["http-nio-8091"]
2026-09-18 12:31:36 INFO  [orm.jpa.LocalContainerEntityManagerFactoryBean] - Closing JPA EntityManagerFactory for persistence unit 'default'
2026-09-18 12:31:36 INFO  [zaxxer.hikari.HikariDataSource] - HikariPool-4 - Shutdown initiated...
2026-09-18 12:31:36 INFO  [zaxxer.hikari.HikariDataSource] - HikariPool-4 - Shutdown completed.
2026-09-18 12:31:36 INFO  [repository.config.RepositoryConfigurationDelegate] - Bootstrapping Spring Data JPA repositories in DEFAULT mode.
2026-09-18 12:31:36 INFO  [repository.config.RepositoryConfigurationDelegate] - Finished Spring Data repository scanning in 8 ms. Found 2 JPA repository interfaces.
2026-09-18 12:31:36 INFO  [boot.tomcat.TomcatWebServer] - Tomcat initialized with port 8091 (http)
2026-09-18 12:31:36 INFO  [coyote.http11.Http11NioProtocol] - Initializing ProtocolHandler ["http-nio-8091"]
2026-09-18 12:31:36 INFO  [catalina.core.StandardService] - Starting service [Tomcat]
2026-09-18 12:31:36 INFO  [catalina.core.StandardEngine] - Starting Servlet engine: [Apache Tomcat/11.0.24]
2026-09-18 12:31:36 INFO  [context.servlet.WebApplicationContextInitializer] - Root WebApplicationContext: initialization completed in 288 ms
2026-09-18 12:31:37 INFO  [hibernate.orm.jpa] - HHH008540: Processing PersistenceUnitInfo [name: default]
2026-09-18 12:31:37 INFO  [jpa.persistenceunit.SpringPersistenceUnitInfo] - No LoadTimeWeaver setup: ignoring JPA class transformer
2026-09-18 12:31:37 INFO  [zaxxer.hikari.HikariDataSource] - HikariPool-5 - Starting...
2026-09-18 12:31:37 INFO  [hikari.pool.HikariPool] - HikariPool-5 - Added connection com.mysql.cj.jdbc.ConnectionImpl@42c481ed
2026-09-18 12:31:37 INFO  [zaxxer.hikari.HikariDataSource] - HikariPool-5 - Start completed.
2026-09-18 12:31:37 WARN  [hibernate.orm.deprecation] - HHH90000025: MySQLDialect does not need to be specified explicitly using 'hibernate.dialect' (remove the property setting and it will be selected by default)
2026-09-18 12:31:37 INFO  [orm.connections.pooling] - HHH10001005: Database info:
	Database JDBC URL [jdbc:mysql://localhost:3306/DB_CALENDAR]
	Database driver: MySQL Connector/J
	Database dialect: MySQLDialect
	Database version: 8.0.46
	Default catalog/schema: DB_CALENDAR/undefined
	Autocommit mode: undefined/unknown
	Isolation level: REPEATABLE_READ [default REPEATABLE_READ]
	JDBC fetch size: none
	Pool: DataSourceConnectionProvider
	Minimum pool size: undefined/unknown
	Maximum pool size: undefined/unknown
2026-09-18 12:31:37 INFO  [hibernate.orm.core] - HHH000489: No JTA platform available (set 'hibernate.transaction.jta.platform' to enable JTA platform integration)
2026-09-18 12:31:37 INFO  [orm.jpa.LocalContainerEntityManagerFactoryBean] - Initialized JPA EntityManagerFactory for persistence unit 'default'
2026-09-18 12:31:37 WARN  [jpa.autoconfigure.JpaBaseConfiguration$JpaWebConfiguration] - spring.jpa.open-in-view is enabled by default. Therefore, database queries may be performed during view rendering. Explicitly configure spring.jpa.open-in-view to disable this warning
2026-09-18 12:31:37 INFO  [authentication.configuration.InitializeUserDetailsBeanManagerConfigurer$InitializeUserDetailsManagerConfigurer] - Global AuthenticationManager configured with UserDetailsService bean with name memberDetailsService
2026-09-18 12:31:37 INFO  [coyote.http11.Http11NioProtocol] - Starting ProtocolHandler ["http-nio-8091"]
2026-09-18 12:31:37 INFO  [boot.tomcat.TomcatWebServer] - Tomcat started on port 8091 (http) with context path '/'
2026-09-18 12:31:37 INFO  [devtools.autoconfigure.ConditionEvaluationDeltaLoggingListener] - Condition evaluation unchanged
2026-09-18 12:36:12 INFO  [devtools.autoconfigure.LocalDevToolsAutoConfiguration$RestartingClassPathChangeChangedEventListener] - Restarting due to 25 class path changes (0 additions, 0 deletions, 25 modifications)
2026-09-18 12:36:12 INFO  [boot.tomcat.GracefulShutdown] - Commencing graceful shutdown. Waiting for active requests to complete
2026-09-18 12:36:12 INFO  [coyote.http11.Http11NioProtocol] - Pausing ProtocolHandler ["http-nio-8091"]
2026-09-18 12:36:12 INFO  [boot.tomcat.GracefulShutdown] - Graceful shutdown complete
2026-09-18 12:36:12 INFO  [coyote.http11.Http11NioProtocol] - Stopping ProtocolHandler ["http-nio-8091"]
2026-09-18 12:36:12 INFO  [orm.jpa.LocalContainerEntityManagerFactoryBean] - Closing JPA EntityManagerFactory for persistence unit 'default'
2026-09-18 12:36:12 INFO  [zaxxer.hikari.HikariDataSource] - HikariPool-5 - Shutdown initiated...
2026-09-18 12:36:12 INFO  [zaxxer.hikari.HikariDataSource] - HikariPool-5 - Shutdown completed.
2026-09-18 12:36:12 INFO  [repository.config.RepositoryConfigurationDelegate] - Bootstrapping Spring Data JPA repositories in DEFAULT mode.
2026-09-18 12:36:12 INFO  [repository.config.RepositoryConfigurationDelegate] - Finished Spring Data repository scanning in 8 ms. Found 2 JPA repository interfaces.
2026-09-18 12:36:12 INFO  [boot.tomcat.TomcatWebServer] - Tomcat initialized with port 8091 (http)
2026-09-18 12:36:12 INFO  [coyote.http11.Http11NioProtocol] - Initializing ProtocolHandler ["http-nio-8091"]
2026-09-18 12:36:12 INFO  [catalina.core.StandardService] - Starting service [Tomcat]
2026-09-18 12:36:12 INFO  [catalina.core.StandardEngine] - Starting Servlet engine: [Apache Tomcat/11.0.24]
2026-09-18 12:36:12 INFO  [context.servlet.WebApplicationContextInitializer] - Root WebApplicationContext: initialization completed in 302 ms
2026-09-18 12:36:12 INFO  [hibernate.orm.jpa] - HHH008540: Processing PersistenceUnitInfo [name: default]
2026-09-18 12:36:12 INFO  [jpa.persistenceunit.SpringPersistenceUnitInfo] - No LoadTimeWeaver setup: ignoring JPA class transformer
2026-09-18 12:36:12 INFO  [zaxxer.hikari.HikariDataSource] - HikariPool-6 - Starting...
2026-09-18 12:36:12 INFO  [hikari.pool.HikariPool] - HikariPool-6 - Added connection com.mysql.cj.jdbc.ConnectionImpl@66075b24
2026-09-18 12:36:12 INFO  [zaxxer.hikari.HikariDataSource] - HikariPool-6 - Start completed.
2026-09-18 12:36:12 WARN  [hibernate.orm.deprecation] - HHH90000025: MySQLDialect does not need to be specified explicitly using 'hibernate.dialect' (remove the property setting and it will be selected by default)
2026-09-18 12:36:12 INFO  [orm.connections.pooling] - HHH10001005: Database info:
	Database JDBC URL [jdbc:mysql://localhost:3306/DB_CALENDAR]
	Database driver: MySQL Connector/J
	Database dialect: MySQLDialect
	Database version: 8.0.46
	Default catalog/schema: DB_CALENDAR/undefined
	Autocommit mode: undefined/unknown
	Isolation level: REPEATABLE_READ [default REPEATABLE_READ]
	JDBC fetch size: none
	Pool: DataSourceConnectionProvider
	Minimum pool size: undefined/unknown
	Maximum pool size: undefined/unknown
2026-09-18 12:36:12 INFO  [hibernate.orm.core] - HHH000489: No JTA platform available (set 'hibernate.transaction.jta.platform' to enable JTA platform integration)
2026-09-18 12:36:12 INFO  [orm.jpa.LocalContainerEntityManagerFactoryBean] - Initialized JPA EntityManagerFactory for persistence unit 'default'
2026-09-18 12:36:12 WARN  [jpa.autoconfigure.JpaBaseConfiguration$JpaWebConfiguration] - spring.jpa.open-in-view is enabled by default. Therefore, database queries may be performed during view rendering. Explicitly configure spring.jpa.open-in-view to disable this warning
2026-09-18 12:36:12 INFO  [authentication.configuration.InitializeUserDetailsBeanManagerConfigurer$InitializeUserDetailsManagerConfigurer] - Global AuthenticationManager configured with UserDetailsService bean with name memberDetailsService
2026-09-18 12:36:12 INFO  [coyote.http11.Http11NioProtocol] - Starting ProtocolHandler ["http-nio-8091"]
2026-09-18 12:36:12 INFO  [boot.tomcat.TomcatWebServer] - Tomcat started on port 8091 (http) with context path '/'
2026-09-18 12:36:12 INFO  [[Tomcat].[localhost].[/]] - Initializing Spring DispatcherServlet 'dispatcherServlet'
2026-09-18 12:36:12 INFO  [web.servlet.DispatcherServlet] - Initializing Servlet 'dispatcherServlet'
2026-09-18 12:36:12 INFO  [web.servlet.DispatcherServlet] - Completed initialization in 1 ms
2026-09-18 12:36:13 INFO  [devtools.autoconfigure.ConditionEvaluationDeltaLoggingListener] - Condition evaluation unchanged
2026-09-18 12:36:58 INFO  [devtools.autoconfigure.LocalDevToolsAutoConfiguration$RestartingClassPathChangeChangedEventListener] - Restarting due to 25 class path changes (0 additions, 0 deletions, 25 modifications)
2026-09-18 12:36:58 INFO  [boot.tomcat.GracefulShutdown] - Commencing graceful shutdown. Waiting for active requests to complete
2026-09-18 12:36:58 INFO  [coyote.http11.Http11NioProtocol] - Pausing ProtocolHandler ["http-nio-8091"]
2026-09-18 12:36:58 INFO  [boot.tomcat.GracefulShutdown] - Graceful shutdown complete
2026-09-18 12:36:58 INFO  [coyote.http11.Http11NioProtocol] - Stopping ProtocolHandler ["http-nio-8091"]
2026-09-18 12:36:58 INFO  [orm.jpa.LocalContainerEntityManagerFactoryBean] - Closing JPA EntityManagerFactory for persistence unit 'default'
2026-09-18 12:36:58 INFO  [zaxxer.hikari.HikariDataSource] - HikariPool-6 - Shutdown initiated...
2026-09-18 12:36:58 INFO  [zaxxer.hikari.HikariDataSource] - HikariPool-6 - Shutdown completed.
2026-09-18 12:36:59 INFO  [repository.config.RepositoryConfigurationDelegate] - Bootstrapping Spring Data JPA repositories in DEFAULT mode.
2026-09-18 12:36:59 INFO  [repository.config.RepositoryConfigurationDelegate] - Finished Spring Data repository scanning in 7 ms. Found 2 JPA repository interfaces.
2026-09-18 12:36:59 INFO  [boot.tomcat.TomcatWebServer] - Tomcat initialized with port 8091 (http)
2026-09-18 12:36:59 INFO  [coyote.http11.Http11NioProtocol] - Initializing ProtocolHandler ["http-nio-8091"]
2026-09-18 12:36:59 INFO  [catalina.core.StandardService] - Starting service [Tomcat]
2026-09-18 12:36:59 INFO  [catalina.core.StandardEngine] - Starting Servlet engine: [Apache Tomcat/11.0.24]
2026-09-18 12:36:59 INFO  [context.servlet.WebApplicationContextInitializer] - Root WebApplicationContext: initialization completed in 281 ms
2026-09-18 12:36:59 INFO  [hibernate.orm.jpa] - HHH008540: Processing PersistenceUnitInfo [name: default]
2026-09-18 12:36:59 INFO  [jpa.persistenceunit.SpringPersistenceUnitInfo] - No LoadTimeWeaver setup: ignoring JPA class transformer
2026-09-18 12:36:59 INFO  [zaxxer.hikari.HikariDataSource] - HikariPool-7 - Starting...
2026-09-18 12:36:59 INFO  [hikari.pool.HikariPool] - HikariPool-7 - Added connection com.mysql.cj.jdbc.ConnectionImpl@26b18409
2026-09-18 12:36:59 INFO  [zaxxer.hikari.HikariDataSource] - HikariPool-7 - Start completed.
2026-09-18 12:36:59 WARN  [hibernate.orm.deprecation] - HHH90000025: MySQLDialect does not need to be specified explicitly using 'hibernate.dialect' (remove the property setting and it will be selected by default)
2026-09-18 12:36:59 INFO  [orm.connections.pooling] - HHH10001005: Database info:
	Database JDBC URL [jdbc:mysql://localhost:3306/DB_CALENDAR]
	Database driver: MySQL Connector/J
	Database dialect: MySQLDialect
	Database version: 8.0.46
	Default catalog/schema: DB_CALENDAR/undefined
	Autocommit mode: undefined/unknown
	Isolation level: REPEATABLE_READ [default REPEATABLE_READ]
	JDBC fetch size: none
	Pool: DataSourceConnectionProvider
	Minimum pool size: undefined/unknown
	Maximum pool size: undefined/unknown
2026-09-18 12:36:59 INFO  [hibernate.orm.core] - HHH000489: No JTA platform available (set 'hibernate.transaction.jta.platform' to enable JTA platform integration)
2026-09-18 12:36:59 INFO  [orm.jpa.LocalContainerEntityManagerFactoryBean] - Initialized JPA EntityManagerFactory for persistence unit 'default'
2026-09-18 12:36:59 WARN  [jpa.autoconfigure.JpaBaseConfiguration$JpaWebConfiguration] - spring.jpa.open-in-view is enabled by default. Therefore, database queries may be performed during view rendering. Explicitly configure spring.jpa.open-in-view to disable this warning
2026-09-18 12:36:59 INFO  [authentication.configuration.InitializeUserDetailsBeanManagerConfigurer$InitializeUserDetailsManagerConfigurer] - Global AuthenticationManager configured with UserDetailsService bean with name memberDetailsService
2026-09-18 12:36:59 INFO  [coyote.http11.Http11NioProtocol] - Starting ProtocolHandler ["http-nio-8091"]
2026-09-18 12:36:59 INFO  [boot.tomcat.TomcatWebServer] - Tomcat started on port 8091 (http) with context path '/'
2026-09-18 12:36:59 INFO  [devtools.autoconfigure.ConditionEvaluationDeltaLoggingListener] - Condition evaluation unchanged
2026-09-18 12:37:00 INFO  [[Tomcat].[localhost].[/]] - Initializing Spring DispatcherServlet 'dispatcherServlet'
2026-09-18 12:37:00 INFO  [web.servlet.DispatcherServlet] - Initializing Servlet 'dispatcherServlet'
2026-09-18 12:37:00 INFO  [web.servlet.DispatcherServlet] - Completed initialization in 0 ms
2026-09-18 12:37:19 INFO  [devtools.autoconfigure.LocalDevToolsAutoConfiguration$RestartingClassPathChangeChangedEventListener] - Restarting due to 25 class path changes (0 additions, 0 deletions, 25 modifications)
2026-09-18 12:37:19 INFO  [boot.tomcat.GracefulShutdown] - Commencing graceful shutdown. Waiting for active requests to complete
2026-09-18 12:37:19 INFO  [coyote.http11.Http11NioProtocol] - Pausing ProtocolHandler ["http-nio-8091"]
2026-09-18 12:37:19 INFO  [boot.tomcat.GracefulShutdown] - Graceful shutdown complete
2026-09-18 12:37:19 INFO  [coyote.http11.Http11NioProtocol] - Stopping ProtocolHandler ["http-nio-8091"]
2026-09-18 12:37:19 INFO  [orm.jpa.LocalContainerEntityManagerFactoryBean] - Closing JPA EntityManagerFactory for persistence unit 'default'
2026-09-18 12:37:19 INFO  [zaxxer.hikari.HikariDataSource] - HikariPool-7 - Shutdown initiated...
2026-09-18 12:37:19 INFO  [zaxxer.hikari.HikariDataSource] - HikariPool-7 - Shutdown completed.
2026-09-18 12:37:20 INFO  [repository.config.RepositoryConfigurationDelegate] - Bootstrapping Spring Data JPA repositories in DEFAULT mode.
2026-09-18 12:37:20 INFO  [repository.config.RepositoryConfigurationDelegate] - Finished Spring Data repository scanning in 7 ms. Found 2 JPA repository interfaces.
2026-09-18 12:37:20 INFO  [boot.tomcat.TomcatWebServer] - Tomcat initialized with port 8091 (http)
2026-09-18 12:37:20 INFO  [coyote.http11.Http11NioProtocol] - Initializing ProtocolHandler ["http-nio-8091"]
2026-09-18 12:37:20 INFO  [catalina.core.StandardService] - Starting service [Tomcat]
2026-09-18 12:37:20 INFO  [catalina.core.StandardEngine] - Starting Servlet engine: [Apache Tomcat/11.0.24]
2026-09-18 12:37:20 INFO  [context.servlet.WebApplicationContextInitializer] - Root WebApplicationContext: initialization completed in 282 ms
2026-09-18 12:37:20 INFO  [hibernate.orm.jpa] - HHH008540: Processing PersistenceUnitInfo [name: default]
2026-09-18 12:37:20 INFO  [jpa.persistenceunit.SpringPersistenceUnitInfo] - No LoadTimeWeaver setup: ignoring JPA class transformer
2026-09-18 12:37:20 INFO  [zaxxer.hikari.HikariDataSource] - HikariPool-8 - Starting...
2026-09-18 12:37:20 INFO  [hikari.pool.HikariPool] - HikariPool-8 - Added connection com.mysql.cj.jdbc.ConnectionImpl@6d09761
2026-09-18 12:37:20 INFO  [zaxxer.hikari.HikariDataSource] - HikariPool-8 - Start completed.
2026-09-18 12:37:20 WARN  [hibernate.orm.deprecation] - HHH90000025: MySQLDialect does not need to be specified explicitly using 'hibernate.dialect' (remove the property setting and it will be selected by default)
2026-09-18 12:37:20 INFO  [orm.connections.pooling] - HHH10001005: Database info:
	Database JDBC URL [jdbc:mysql://localhost:3306/DB_CALENDAR]
	Database driver: MySQL Connector/J
	Database dialect: MySQLDialect
	Database version: 8.0.46
	Default catalog/schema: DB_CALENDAR/undefined
	Autocommit mode: undefined/unknown
	Isolation level: REPEATABLE_READ [default REPEATABLE_READ]
	JDBC fetch size: none
	Pool: DataSourceConnectionProvider
	Minimum pool size: undefined/unknown
	Maximum pool size: undefined/unknown
2026-09-18 12:37:20 INFO  [hibernate.orm.core] - HHH000489: No JTA platform available (set 'hibernate.transaction.jta.platform' to enable JTA platform integration)
2026-09-18 12:37:20 INFO  [orm.jpa.LocalContainerEntityManagerFactoryBean] - Initialized JPA EntityManagerFactory for persistence unit 'default'
2026-09-18 12:37:20 WARN  [jpa.autoconfigure.JpaBaseConfiguration$JpaWebConfiguration] - spring.jpa.open-in-view is enabled by default. Therefore, database queries may be performed during view rendering. Explicitly configure spring.jpa.open-in-view to disable this warning
2026-09-18 12:37:20 INFO  [authentication.configuration.InitializeUserDetailsBeanManagerConfigurer$InitializeUserDetailsManagerConfigurer] - Global AuthenticationManager configured with UserDetailsService bean with name memberDetailsService
2026-09-18 12:37:20 INFO  [coyote.http11.Http11NioProtocol] - Starting ProtocolHandler ["http-nio-8091"]
2026-09-18 12:37:20 INFO  [boot.tomcat.TomcatWebServer] - Tomcat started on port 8091 (http) with context path '/'
2026-09-18 12:37:20 INFO  [devtools.autoconfigure.ConditionEvaluationDeltaLoggingListener] - Condition evaluation unchanged
2026-09-18 12:37:20 INFO  [[Tomcat].[localhost].[/]] - Initializing Spring DispatcherServlet 'dispatcherServlet'
2026-09-18 12:37:20 INFO  [web.servlet.DispatcherServlet] - Initializing Servlet 'dispatcherServlet'
2026-09-18 12:37:20 INFO  [web.servlet.DispatcherServlet] - Completed initialization in 1 ms
2026-09-18 12:38:17 INFO  [devtools.autoconfigure.LocalDevToolsAutoConfiguration$RestartingClassPathChangeChangedEventListener] - Restarting due to 25 class path changes (0 additions, 0 deletions, 25 modifications)
2026-09-18 12:38:17 INFO  [boot.tomcat.GracefulShutdown] - Commencing graceful shutdown. Waiting for active requests to complete
2026-09-18 12:38:17 INFO  [coyote.http11.Http11NioProtocol] - Pausing ProtocolHandler ["http-nio-8091"]
2026-09-18 12:38:17 INFO  [boot.tomcat.GracefulShutdown] - Graceful shutdown complete
2026-09-18 12:38:17 INFO  [coyote.http11.Http11NioProtocol] - Stopping ProtocolHandler ["http-nio-8091"]
2026-09-18 12:38:17 INFO  [orm.jpa.LocalContainerEntityManagerFactoryBean] - Closing JPA EntityManagerFactory for persistence unit 'default'
2026-09-18 12:38:17 INFO  [zaxxer.hikari.HikariDataSource] - HikariPool-8 - Shutdown initiated...
2026-09-18 12:38:17 INFO  [zaxxer.hikari.HikariDataSource] - HikariPool-8 - Shutdown completed.
2026-09-18 12:38:17 INFO  [repository.config.RepositoryConfigurationDelegate] - Bootstrapping Spring Data JPA repositories in DEFAULT mode.
2026-09-18 12:38:17 INFO  [repository.config.RepositoryConfigurationDelegate] - Finished Spring Data repository scanning in 8 ms. Found 2 JPA repository interfaces.
2026-09-18 12:38:17 INFO  [boot.tomcat.TomcatWebServer] - Tomcat initialized with port 8091 (http)
2026-09-18 12:38:17 INFO  [coyote.http11.Http11NioProtocol] - Initializing ProtocolHandler ["http-nio-8091"]
2026-09-18 12:38:17 INFO  [catalina.core.StandardService] - Starting service [Tomcat]
2026-09-18 12:38:17 INFO  [catalina.core.StandardEngine] - Starting Servlet engine: [Apache Tomcat/11.0.24]
2026-09-18 12:38:17 INFO  [context.servlet.WebApplicationContextInitializer] - Root WebApplicationContext: initialization completed in 287 ms
2026-09-18 12:38:18 INFO  [hibernate.orm.jpa] - HHH008540: Processing PersistenceUnitInfo [name: default]
2026-09-18 12:38:18 INFO  [jpa.persistenceunit.SpringPersistenceUnitInfo] - No LoadTimeWeaver setup: ignoring JPA class transformer
2026-09-18 12:38:18 INFO  [zaxxer.hikari.HikariDataSource] - HikariPool-9 - Starting...
2026-09-18 12:38:18 INFO  [hikari.pool.HikariPool] - HikariPool-9 - Added connection com.mysql.cj.jdbc.ConnectionImpl@15114dd0
2026-09-18 12:38:18 INFO  [zaxxer.hikari.HikariDataSource] - HikariPool-9 - Start completed.
2026-09-18 12:38:18 WARN  [hibernate.orm.deprecation] - HHH90000025: MySQLDialect does not need to be specified explicitly using 'hibernate.dialect' (remove the property setting and it will be selected by default)
2026-09-18 12:38:18 INFO  [orm.connections.pooling] - HHH10001005: Database info:
	Database JDBC URL [jdbc:mysql://localhost:3306/DB_CALENDAR]
	Database driver: MySQL Connector/J
	Database dialect: MySQLDialect
	Database version: 8.0.46
	Default catalog/schema: DB_CALENDAR/undefined
	Autocommit mode: undefined/unknown
	Isolation level: REPEATABLE_READ [default REPEATABLE_READ]
	JDBC fetch size: none
	Pool: DataSourceConnectionProvider
	Minimum pool size: undefined/unknown
	Maximum pool size: undefined/unknown
2026-09-18 12:38:18 INFO  [hibernate.orm.core] - HHH000489: No JTA platform available (set 'hibernate.transaction.jta.platform' to enable JTA platform integration)
2026-09-18 12:38:18 INFO  [orm.jpa.LocalContainerEntityManagerFactoryBean] - Initialized JPA EntityManagerFactory for persistence unit 'default'
2026-09-18 12:38:18 WARN  [jpa.autoconfigure.JpaBaseConfiguration$JpaWebConfiguration] - spring.jpa.open-in-view is enabled by default. Therefore, database queries may be performed during view rendering. Explicitly configure spring.jpa.open-in-view to disable this warning
2026-09-18 12:38:18 INFO  [authentication.configuration.InitializeUserDetailsBeanManagerConfigurer$InitializeUserDetailsManagerConfigurer] - Global AuthenticationManager configured with UserDetailsService bean with name memberDetailsService
2026-09-18 12:38:18 INFO  [coyote.http11.Http11NioProtocol] - Starting ProtocolHandler ["http-nio-8091"]
2026-09-18 12:38:18 INFO  [boot.tomcat.TomcatWebServer] - Tomcat started on port 8091 (http) with context path '/'
2026-09-18 12:38:18 INFO  [devtools.autoconfigure.ConditionEvaluationDeltaLoggingListener] - Condition evaluation unchanged
2026-09-18 12:38:20 INFO  [[Tomcat].[localhost].[/]] - Initializing Spring DispatcherServlet 'dispatcherServlet'
2026-09-18 12:38:20 INFO  [web.servlet.DispatcherServlet] - Initializing Servlet 'dispatcherServlet'
2026-09-18 12:38:20 INFO  [web.servlet.DispatcherServlet] - Completed initialization in 1 ms
2026-09-18 12:41:14 INFO  [devtools.autoconfigure.LocalDevToolsAutoConfiguration$RestartingClassPathChangeChangedEventListener] - Restarting due to 25 class path changes (0 additions, 0 deletions, 25 modifications)
2026-09-18 12:41:14 INFO  [boot.tomcat.GracefulShutdown] - Commencing graceful shutdown. Waiting for active requests to complete
2026-09-18 12:41:14 INFO  [coyote.http11.Http11NioProtocol] - Pausing ProtocolHandler ["http-nio-8091"]
2026-09-18 12:41:14 INFO  [boot.tomcat.GracefulShutdown] - Graceful shutdown complete
2026-09-18 12:41:14 INFO  [coyote.http11.Http11NioProtocol] - Stopping ProtocolHandler ["http-nio-8091"]
2026-09-18 12:41:14 INFO  [orm.jpa.LocalContainerEntityManagerFactoryBean] - Closing JPA EntityManagerFactory for persistence unit 'default'
2026-09-18 12:41:14 INFO  [zaxxer.hikari.HikariDataSource] - HikariPool-9 - Shutdown initiated...
2026-09-18 12:41:14 INFO  [zaxxer.hikari.HikariDataSource] - HikariPool-9 - Shutdown completed.
2026-09-18 12:41:14 INFO  [repository.config.RepositoryConfigurationDelegate] - Bootstrapping Spring Data JPA repositories in DEFAULT mode.
2026-09-18 12:41:14 INFO  [repository.config.RepositoryConfigurationDelegate] - Finished Spring Data repository scanning in 7 ms. Found 2 JPA repository interfaces.
2026-09-18 12:41:14 INFO  [boot.tomcat.TomcatWebServer] - Tomcat initialized with port 8091 (http)
2026-09-18 12:41:14 INFO  [coyote.http11.Http11NioProtocol] - Initializing ProtocolHandler ["http-nio-8091"]
2026-09-18 12:41:14 INFO  [catalina.core.StandardService] - Starting service [Tomcat]
2026-09-18 12:41:14 INFO  [catalina.core.StandardEngine] - Starting Servlet engine: [Apache Tomcat/11.0.24]
2026-09-18 12:41:14 INFO  [context.servlet.WebApplicationContextInitializer] - Root WebApplicationContext: initialization completed in 276 ms
2026-09-18 12:41:14 INFO  [hibernate.orm.jpa] - HHH008540: Processing PersistenceUnitInfo [name: default]
2026-09-18 12:41:14 INFO  [jpa.persistenceunit.SpringPersistenceUnitInfo] - No LoadTimeWeaver setup: ignoring JPA class transformer
2026-09-18 12:41:14 INFO  [zaxxer.hikari.HikariDataSource] - HikariPool-10 - Starting...
2026-09-18 12:41:14 INFO  [hikari.pool.HikariPool] - HikariPool-10 - Added connection com.mysql.cj.jdbc.ConnectionImpl@226a802f
2026-09-18 12:41:14 INFO  [zaxxer.hikari.HikariDataSource] - HikariPool-10 - Start completed.
2026-09-18 12:41:14 WARN  [hibernate.orm.deprecation] - HHH90000025: MySQLDialect does not need to be specified explicitly using 'hibernate.dialect' (remove the property setting and it will be selected by default)
2026-09-18 12:41:14 INFO  [orm.connections.pooling] - HHH10001005: Database info:
	Database JDBC URL [jdbc:mysql://localhost:3306/DB_CALENDAR]
	Database driver: MySQL Connector/J
	Database dialect: MySQLDialect
	Database version: 8.0.46
	Default catalog/schema: DB_CALENDAR/undefined
	Autocommit mode: undefined/unknown
	Isolation level: REPEATABLE_READ [default REPEATABLE_READ]
	JDBC fetch size: none
	Pool: DataSourceConnectionProvider
	Minimum pool size: undefined/unknown
	Maximum pool size: undefined/unknown
2026-09-18 12:41:14 INFO  [hibernate.orm.core] - HHH000489: No JTA platform available (set 'hibernate.transaction.jta.platform' to enable JTA platform integration)
2026-09-18 12:41:14 INFO  [orm.jpa.LocalContainerEntityManagerFactoryBean] - Initialized JPA EntityManagerFactory for persistence unit 'default'
2026-09-18 12:41:14 WARN  [jpa.autoconfigure.JpaBaseConfiguration$JpaWebConfiguration] - spring.jpa.open-in-view is enabled by default. Therefore, database queries may be performed during view rendering. Explicitly configure spring.jpa.open-in-view to disable this warning
2026-09-18 12:41:14 INFO  [authentication.configuration.InitializeUserDetailsBeanManagerConfigurer$InitializeUserDetailsManagerConfigurer] - Global AuthenticationManager configured with UserDetailsService bean with name memberDetailsService
2026-09-18 12:41:14 INFO  [coyote.http11.Http11NioProtocol] - Starting ProtocolHandler ["http-nio-8091"]
2026-09-18 12:41:14 INFO  [boot.tomcat.TomcatWebServer] - Tomcat started on port 8091 (http) with context path '/'
2026-09-18 12:41:14 INFO  [devtools.autoconfigure.ConditionEvaluationDeltaLoggingListener] - Condition evaluation unchanged
2026-09-18 12:43:15 INFO  [devtools.autoconfigure.LocalDevToolsAutoConfiguration$RestartingClassPathChangeChangedEventListener] - Restarting due to 25 class path changes (0 additions, 0 deletions, 25 modifications)
2026-09-18 12:43:15 INFO  [boot.tomcat.GracefulShutdown] - Commencing graceful shutdown. Waiting for active requests to complete
2026-09-18 12:43:15 INFO  [coyote.http11.Http11NioProtocol] - Pausing ProtocolHandler ["http-nio-8091"]
2026-09-18 12:43:15 INFO  [boot.tomcat.GracefulShutdown] - Graceful shutdown complete
2026-09-18 12:43:15 INFO  [coyote.http11.Http11NioProtocol] - Stopping ProtocolHandler ["http-nio-8091"]
2026-09-18 12:43:15 INFO  [orm.jpa.LocalContainerEntityManagerFactoryBean] - Closing JPA EntityManagerFactory for persistence unit 'default'
2026-09-18 12:43:15 INFO  [zaxxer.hikari.HikariDataSource] - HikariPool-10 - Shutdown initiated...
2026-09-18 12:43:15 INFO  [zaxxer.hikari.HikariDataSource] - HikariPool-10 - Shutdown completed.
2026-09-18 12:43:16 INFO  [repository.config.RepositoryConfigurationDelegate] - Bootstrapping Spring Data JPA repositories in DEFAULT mode.
2026-09-18 12:43:16 INFO  [repository.config.RepositoryConfigurationDelegate] - Finished Spring Data repository scanning in 7 ms. Found 2 JPA repository interfaces.
2026-09-18 12:43:16 INFO  [boot.tomcat.TomcatWebServer] - Tomcat initialized with port 8091 (http)
2026-09-18 12:43:16 INFO  [coyote.http11.Http11NioProtocol] - Initializing ProtocolHandler ["http-nio-8091"]
2026-09-18 12:43:16 INFO  [catalina.core.StandardService] - Starting service [Tomcat]
2026-09-18 12:43:16 INFO  [catalina.core.StandardEngine] - Starting Servlet engine: [Apache Tomcat/11.0.24]
2026-09-18 12:43:16 INFO  [context.servlet.WebApplicationContextInitializer] - Root WebApplicationContext: initialization completed in 278 ms
2026-09-18 12:43:16 INFO  [hibernate.orm.jpa] - HHH008540: Processing PersistenceUnitInfo [name: default]
2026-09-18 12:43:16 INFO  [jpa.persistenceunit.SpringPersistenceUnitInfo] - No LoadTimeWeaver setup: ignoring JPA class transformer
2026-09-18 12:43:16 INFO  [zaxxer.hikari.HikariDataSource] - HikariPool-11 - Starting...
2026-09-18 12:43:16 INFO  [hikari.pool.HikariPool] - HikariPool-11 - Added connection com.mysql.cj.jdbc.ConnectionImpl@5d1727d4
2026-09-18 12:43:16 INFO  [zaxxer.hikari.HikariDataSource] - HikariPool-11 - Start completed.
2026-09-18 12:43:16 WARN  [hibernate.orm.deprecation] - HHH90000025: MySQLDialect does not need to be specified explicitly using 'hibernate.dialect' (remove the property setting and it will be selected by default)
2026-09-18 12:43:16 INFO  [orm.connections.pooling] - HHH10001005: Database info:
	Database JDBC URL [jdbc:mysql://localhost:3306/DB_CALENDAR]
	Database driver: MySQL Connector/J
	Database dialect: MySQLDialect
	Database version: 8.0.46
	Default catalog/schema: DB_CALENDAR/undefined
	Autocommit mode: undefined/unknown
	Isolation level: REPEATABLE_READ [default REPEATABLE_READ]
	JDBC fetch size: none
	Pool: DataSourceConnectionProvider
	Minimum pool size: undefined/unknown
	Maximum pool size: undefined/unknown
2026-09-18 12:43:16 INFO  [hibernate.orm.core] - HHH000489: No JTA platform available (set 'hibernate.transaction.jta.platform' to enable JTA platform integration)
2026-09-18 12:43:16 INFO  [orm.jpa.LocalContainerEntityManagerFactoryBean] - Initialized JPA EntityManagerFactory for persistence unit 'default'
2026-09-18 12:43:16 WARN  [jpa.autoconfigure.JpaBaseConfiguration$JpaWebConfiguration] - spring.jpa.open-in-view is enabled by default. Therefore, database queries may be performed during view rendering. Explicitly configure spring.jpa.open-in-view to disable this warning
2026-09-18 12:43:16 INFO  [authentication.configuration.InitializeUserDetailsBeanManagerConfigurer$InitializeUserDetailsManagerConfigurer] - Global AuthenticationManager configured with UserDetailsService bean with name memberDetailsService
2026-09-18 12:43:16 INFO  [coyote.http11.Http11NioProtocol] - Starting ProtocolHandler ["http-nio-8091"]
2026-09-18 12:43:16 INFO  [boot.tomcat.TomcatWebServer] - Tomcat started on port 8091 (http) with context path '/'
2026-09-18 12:43:16 INFO  [[Tomcat].[localhost].[/]] - Initializing Spring DispatcherServlet 'dispatcherServlet'
2026-09-18 12:43:16 INFO  [web.servlet.DispatcherServlet] - Initializing Servlet 'dispatcherServlet'
2026-09-18 12:43:16 INFO  [web.servlet.DispatcherServlet] - Completed initialization in 0 ms
2026-09-18 12:43:16 INFO  [devtools.autoconfigure.ConditionEvaluationDeltaLoggingListener] - Condition evaluation unchanged
2026-09-18 12:44:45 INFO  [boot.tomcat.GracefulShutdown] - Commencing graceful shutdown. Waiting for active requests to complete
2026-09-18 12:44:45 INFO  [boot.tomcat.GracefulShutdown] - Graceful shutdown complete
2026-09-18 12:44:45 INFO  [orm.jpa.LocalContainerEntityManagerFactoryBean] - Closing JPA EntityManagerFactory for persistence unit 'default'
2026-09-18 12:44:45 INFO  [zaxxer.hikari.HikariDataSource] - HikariPool-11 - Shutdown initiated...
2026-09-18 12:44:45 INFO  [zaxxer.hikari.HikariDataSource] - HikariPool-11 - Shutdown completed.
